E,E_N,cov,E_N_B,P1,P2,P1P2,P1_E,P2_E,P1P2_E,P1_N,P2_N,P1P2_N,row,col,sumDMY,ADF,ADL,DMDig,NDF,NDFD,Prot,WSC
11,111,1,1111,75,4,754,7511,411,75411,751,41,7541,1,1,1416.56808,24.31904176,1.912902877,87.22518341,44.73322511,71.956697,17.06459274,12.09411361
11,111,1,1111,9,27,927,911,2711,92711,91,271,9271,2,1,1405.204,24.71250033,2.004007277,87.68017765,44.69205392,71.69153673,16.49955784,11.81232202
11,111,1,1111,100,103,100103,10011,10311,10010311,1001,1031,1001031,3,1,1240.89296,23.65713754,1.924750832,87.97683237,43.60131741,72.8735853,17.11318624,12.50006105
11,111,1,1111,55,56,5556,5511,5611,555611,551,561,55561,4,1,1400.3904,23.90065039,1.927414657,87.5897812,43.99149553,72.08729137,17.50006314,11.41569478
11,111,1,1111,63,66,6366,6311,6611,636611,631,661,63661,5,1,1424.41584,24.31166408,2.000360935,87.05559748,44.51677656,71.52201566,16.40928992,12.66406147
11,111,1,1111,46,60,4660,4611,6011,466011,461,601,46601,6,1,1519.65024,23.46371451,1.952136582,87.19659864,43.95890497,72.12668438,17.34120253,12.51887648
11,111,1,1111,88,16,8816,8811,1611,881611,881,161,88161,7,1,1525.13984,24.59660582,1.999664098,86.58825033,44.84034508,70.34850483,17.11700424,11.61690698
11,111,1,1111,17,88,1788,1711,8811,178811,171,881,17881,8,1,1352.58904,24.79547626,2.050633872,86.67092285,44.66964836,70.5961516,17.47351303,13.16323921
11,111,4,1112,20,37,2037,2011,3711,203711,201,371,20371,9,1,1542.11456,23.72540911,1.973561579,86.96232637,45.66444539,71.37313896,16.22807303,11.86333309
11,111,4,1112,34,86,3486,3411,8611,348611,341,861,34861,10,1,1689.51784,24.33820913,2.142185319,85.75958129,47.12567612,70.14860153,15.91303027,9.996935299
11,111,4,1112,64,8,648,6411,811,64811,641,81,6481,11,1,1519.45008,22.08272795,2.129549595,86.30811149,45.22372165,70.09587763,14.93748098,11.1845252
11,111,4,1112,43,78,4378,4311,7811,437811,431,781,43781,12,1,1633.96864,24.26036524,1.859926756,87.72713774,44.81454228,72.28391798,15.76516311,13.3398518
11,111,4,1112,70,11,7011,7011,1111,701111,701,111,70111,13,1,1602.78768,23.74160231,1.832702667,87.07105066,44.69645923,71.95628655,15.93499358,12.35116023
11,111,4,1112,73,56,7356,7311,5611,735611,731,561,73561,14,1,1585.24016,23.02669382,1.768935991,87.66860595,43.9795498,72.86817664,15.94106732,12.46578401
11,111,4,1112,93,94,9394,9311,9411,939411,931,941,93941,15,1,1550.26672,24.1486273,1.891569073,87.68842111,44.48932374,72.81240638,16.41532453,13.10356492
11,111,5,1112,20,26,2026,2011,2611,202611,201,261,20261,16,1,1711.26656,24.21373442,2.152795474,85.55851686,45.41716513,69.35151758,15.08469452,13.69667999
11,111,5,1113,55,45,5545,5511,4511,554511,551,451,55451,17,1,1525.88944,23.99499124,2.001111865,86.69773852,44.88877181,71.37620916,15.50387342,12.45152044
11,111,5,1113,21,81,2181,2111,8111,218111,211,811,21811,18,1,1674.81968,24.00498039,1.994712206,86.65075954,43.79106072,71.2422097,14.82807175,15.54334322
11,111,5,1113,35,37,3537,3511,3711,353711,351,371,35371,19,1,1507.06816,24.65405969,2.036115132,85.87322475,44.79231648,70.56669181,15.21104303,14.00670993
11,111,5,1113,18,47,1847,1811,4711,184711,181,471,18471,20,1,1698.21624,24.49672898,2.034342286,86.5999383,43.4168449,71.31834358,14.91926925,14.73248102
11,111,5,1113,17,6,176,1711,611,17611,171,61,1761,21,1,1607.6472,23.8373257,1.957244133,87.84803032,43.32538966,73.04621339,15.28948517,15.48640805
11,111,5,1113,91,103,91103,9111,10311,9110311,911,1031,911031,22,1,1552.51744,24.39259371,2.061480884,86.7454702,44.35666218,70.05804994,15.59813822,16.37659091
11,111,5,1113,90,92,9092,9011,9211,909211,901,921,90921,23,1,1905.6232,25.83957529,2.2624243,85.34766389,46.12171365,69.25608457,14.9874346,15.33921718
11,111,5,1113,24,15,2415,2411,1511,241511,241,151,24151,24,1,1730.1736,23.13897316,1.977421351,87.41111525,42.77331651,72.38422013,14.47754803,15.67563393
11,111,5,1114,2,23,223,211,2311,22311,21,231,2231,25,1,1709.52096,25.91243255,2.135402224,84.91778094,46.14452291,67.6391566,14.47105172,13.26027083
11,111,5,1114,57,73,5773,5711,7311,577311,571,731,57731,26,1,1602.3808,24.93364123,2.042884026,86.79332427,44.53290435,70.40844121,14.5771031,15.87249262
11,111,5,1114,71,73,7173,7111,7311,717311,711,731,71731,27,1,1745.26704,24.42037914,1.949492955,87.45561836,43.55781587,71.37960207,14.22377946,16.83895873
11,111,5,1114,69,10,6910,6911,1011,691011,691,101,69101,28,1,1497.85,25.47980807,2.054803265,86.72659179,45.423261,71.05675299,14.41066536,15.785123
11,111,5,1114,3,46,346,311,4611,34611,31,461,3461,29,1,1608.50536,24.04109946,2.014264112,88.15784778,43.49492302,72.55984872,15.28438515,15.3648183
11,111,6,1114,20,29,2029,2011,2911,202911,201,291,20291,30,1,1446.59024,24.72416164,2.04996363,84.95281436,46.37096014,71.71683036,14.04368837,13.06023602
11,111,6,1114,89,103,89103,8911,10311,8910311,891,1031,891031,31,1,1519.64896,24.83993285,1.971225584,85.67763789,45.31177308,71.23813934,14.73915757,12.50278081
11,111,6,1114,49,10,4910,4911,1011,491011,491,101,49101,32,1,1554.4608,24.75524249,2.069235425,86.54217465,45.37638578,71.22599687,14.23214308,14.51759315
11,111,2,1115,27,5,275,2711,511,27511,271,51,2751,33,1,1561.4808,25.54413358,2.142170344,86.07722439,45.90273987,70.05107436,16.55674261,10.45339907
11,111,2,1115,48,52,4852,4811,5211,485211,481,521,48521,34,1,1631.99216,24.87066959,2.117891124,86.32076183,45.12015393,70.28007465,16.44516202,10.57961921
11,111,2,1115,43,78,4378,4311,7811,437811,431,781,43781,35,1,1615.2892,24.66199384,2.110205118,85.92914804,45.26971712,69.70846354,16.5333265,10.5998559
11,111,2,1115,79,34,7934,7911,3411,793411,791,341,79341,36,1,1806.38488,25.09395564,2.121049953,86.09085449,45.96626102,69.60248817,16.247738,10.79743758
11,111,2,1115,97,98,9798,9711,9811,979811,971,981,97981,37,1,1384.66704,23.22250285,1.869297388,88.20307381,43.66228775,72.89344622,17.34204758,11.5926694
11,111,2,1115,57,71,5771,5711,7111,577111,571,711,57711,38,1,1456.24256,24.30733523,2.005594454,87.5284207,44.51273415,71.19279686,16.97708464,10.27551143
11,111,2,1115,89,91,8991,8911,9111,899111,891,911,89911,39,1,1687.66368,24.12564906,2.006766188,86.77097851,44.11177235,70.54669091,17.52488906,10.67634683
11,111,2,1115,49,69,4969,4911,6911,496911,491,691,49691,40,1,1517.93744,24.24736048,2.011100755,86.89621863,44.68137131,71.56311361,17.34678685,10.79389363
11,111,9,1116,69,79,6979,6911,7911,697911,691,791,69791,41,1,1773.64072,24.74939469,2.016296111,86.02887805,44.89768493,71.34206575,16.32001475,12.09239751
11,111,9,1116,42,58,4258,4211,5811,425811,421,581,42581,42,1,1755.54888,24.39530791,2.055048555,86.40349296,43.46687307,69.08020584,17.03984705,12.6498676
11,111,9,1116,38,27,3827,3811,2711,382711,381,271,38271,43,1,2008.20512,25.26238466,2.108333801,85.83352516,44.370127,68.01248287,16.0537918,11.51226678
11,111,10,1116,89,101,89101,8911,10111,8910111,891,1011,891011,44,1,1611.02152,23.1251117,2.000628869,85.79333099,43.51320716,70.03369894,16.88058415,13.59697816
11,111,10,1116,104,101,104101,10411,10111,10410111,1041,1011,1041011,45,1,1686.04856,23.03670746,1.954606917,86.82481172,44.23611441,70.77404205,16.25800332,12.92090557
11,111,10,1116,76,80,7680,7611,8011,768011,761,801,76801,46,1,1623.78368,23.02323564,2.014620954,86.0120444,44.56376669,69.83898093,15.34221057,12.7709291
11,111,10,1116,40,45,4045,4011,4511,404511,401,451,40451,47,1,1646.95336,23.58009382,2.023268414,86.49637888,44.62782283,70.99971769,16.17301068,12.73735126
11,111,10,1116,87,57,8757,8711,5711,875711,871,571,87571,48,1,1546.39928,24.18093333,2.096406429,85.63764681,45.55049155,70.63591024,15.70379716,12.34558197
11,111,10,1117,15,68,1568,1511,6811,156811,151,681,15681,49,1,1630.94344,23.20860983,1.920623972,87.90281033,43.63326534,71.86567666,16.83519823,12.41854917
11,111,10,1117,35,29,3529,3511,2911,352911,351,291,35291,50,1,1891.6456,25.49762869,2.191627939,85.8937108,45.46224875,68.61593056,15.05558385,13.42193035
11,111,10,1117,78,80,7880,7811,8011,788011,781,801,78801,51,1,1707.83424,23.69201993,2.037265715,86.39489192,44.19295057,70.16883716,15.64193549,13.48546693
11,111,10,1117,4,25,425,411,2511,42511,41,251,4251,52,1,1859.61456,25.22190492,2.116498995,85.13674394,45.74116394,69.23268506,15.17232277,12.28883989
11,111,10,1117,38,52,3852,3811,5211,385211,381,521,38521,53,1,1709.2468,24.51417637,1.988983993,86.14019287,44.71294897,70.58167455,15.17292251,12.00996886
11,111,10,1117,12,22,1222,1211,2211,122211,121,221,12221,54,1,1589.19552,24.26162031,2.042946261,85.82801743,45.33763308,70.04955961,16.64611065,12.19986039
11,111,10,1117,64,43,6443,6411,4311,644311,641,431,64431,55,1,1873.93296,26.21639343,2.252225284,83.39137454,47.3628098,67.84037213,14.48046342,11.90800247
11,111,10,1117,45,69,4569,4511,6911,456911,451,691,45691,56,1,1589.79328,24.70327039,2.009365825,85.78174798,44.6435932,71.21385548,15.00193592,13.23201843
11,111,10,1118,91,93,9193,9111,9311,919311,911,931,91931,57,1,1656.76008,24.6735515,2.120122327,84.94686898,45.0802402,69.75118739,14.96969378,13.52054143
11,111,10,1118,59,12,5912,5911,1211,591211,591,121,59121,58,1,1831.34272,25.40885425,2.184776852,86.29654774,45.62111802,68.12919838,16.33795947,12.68376213
11,111,10,1118,58,77,5877,5811,7711,587711,581,771,58771,59,1,1742.448,24.53756417,2.036703326,86.93487804,45.0824473,71.2140969,15.69659693,12.79810885
11,111,10,1118,8,38,838,811,3811,83811,81,381,8381,60,1,1902.93984,25.55049962,2.150199348,85.32697307,46.30118619,68.70810435,14.19091639,13.90303694
11,111,10,1118,14,52,1452,1411,5211,145211,141,521,14521,61,1,1586.1428,24.42924708,2.008366686,86.07474078,44.62701823,71.83726757,14.6967625,13.05305938
11,111,10,1118,101,102,101102,10111,10211,10110211,1011,1021,1011021,62,1,1808.6456,26.06943165,2.237706277,85.00291111,46.54608748,67.78769836,15.3006997,12.92340037
11,111,10,1118,3,23,323,311,2311,32311,31,231,3231,63,1,1703.47456,25.60375568,2.280454252,84.23477227,46.12989166,67.4868197,15.10072638,12.92269902
11,111,10,1118,77,80,7780,7711,8011,778011,771,801,77801,64,1,1572.18736,24.26280606,2.025221813,85.70336204,44.63009165,70.44229765,14.51151482,14.47618319
11,111,3,1119,72,21,7221,7211,2111,722111,721,211,72211,65,1,1666.61152,24.18560078,2.007599673,87.00875653,44.72528351,71.92525923,15.96984347,11.38830186
11,111,3,1119,65,7,657,6511,711,65711,651,71,6571,66,1,1721.29208,24.67474609,2.124701341,86.19134778,44.92046924,70.5681639,15.71442591,12.23346272
11,111,3,1119,67,6,676,6711,611,67611,671,61,6761,67,1,1662.96576,25.85124553,2.292768502,84.9612846,46.21502152,68.47693287,15.31748291,11.44313993
11,111,3,1119,69,34,6934,6911,3411,693411,691,341,69341,68,1,1581.09872,23.74619247,2.037330334,87.10995389,44.38981373,71.37053501,16.38605965,12.51659532
11,111,3,1119,32,8,328,3211,811,32811,321,81,3281,69,1,1645.9128,24.65453085,2.108264714,86.27299449,45.25967945,70.15159139,15.50355827,12.20073698
11,111,3,1119,60,57,6057,6011,5711,605711,601,571,60571,70,1,1542.01872,24.61046988,2.189441629,85.4093551,45.53745259,69.4936599,16.54216216,11.78804397
11,111,3,1119,57,33,5733,5711,3311,573311,571,331,57331,71,1,1491.91704,24.49024942,2.064116779,86.34553639,45.284188,71.11983977,16.56561551,13.09723733
11,111,3,1119,48,74,4874,4811,7411,487411,481,741,48741,72,1,1602.44432,23.39698623,1.991192591,86.93961981,43.87453266,71.46252885,16.56643303,13.41075793
11,111,7,11110,42,43,4243,4211,4311,424311,421,431,42431,73,1,1437.05144,25.30460171,2.315670822,83.59029597,48.12550687,69.05125249,15.1310735,11.69616059
11,111,7,11110,12,22,1222,1211,2211,122211,121,221,12221,74,1,1633.14216,23.89757873,2.108808758,86.02299674,45.09353873,70.99904002,16.68814982,10.98107815
11,111,7,11110,48,74,4874,4811,7411,487411,481,741,48741,75,1,1564.77928,23.76035005,2.168413992,86.35577881,43.88524424,70.84838748,16.75540895,12.46118514
11,111,7,11110,92,96,9296,9211,9611,929611,921,961,92961,76,1,1810.7448,26.02554472,2.432962537,84.18728407,48.1994542,64.92236557,15.90259564,9.687475092
11,111,7,11110,40,43,4043,4011,4311,404311,401,431,40431,77,1,1576.52808,24.54596194,2.345086381,85.80473238,44.79430223,68.91573356,16.63598917,11.32765974
11,111,7,11110,41,86,4186,4111,8611,418611,411,861,41861,78,1,1630.10464,24.90394608,2.240375072,85.66708113,45.98334058,69.09534299,16.6079196,11.38450915
11,111,7,11110,23,71,2371,2311,7111,237111,231,711,23711,79,1,1729.502,24.80645624,2.246338716,85.75871357,46.01909033,69.16313247,16.5903572,11.24405665
11,111,7,11110,78,14,7814,7811,1411,781411,781,141,78141,80,1,1647.0704,24.19311749,2.042553343,87.4217059,44.88347224,71.44236192,17.39048421,13.12301837
11,111,1,11111,47,3,473,4711,311,47311,471,31,4731,1,3,1553.53976,25.71886934,2.140742666,85.63390312,46.33001682,69.49963483,16.43307989,11.42027769
11,111,1,11111,77,83,7783,7711,8311,778311,771,831,77831,2,3,1461.93944,24.34413497,2.039102964,86.94805481,44.84487778,70.12224767,16.56415566,12.03955255
11,111,1,11111,54,19,5419,5411,1911,541911,541,191,54191,3,3,1386.92696,24.8405472,2.038298621,87.23273329,45.63369328,70.9527001,17.50047985,10.94048606
11,111,1,11111,50,80,5080,5011,8011,508011,501,801,50801,4,3,1292.24672,22.97141837,1.907118894,88.24814603,42.50339143,71.97112294,16.81227848,13.94902575
11,111,1,11111,7,51,751,711,5111,75111,71,511,7511,5,3,1578.96936,24.00890058,1.947762261,87.42556357,44.04288841,70.99733091,16.31836356,13.19531462
11,111,1,11111,95,99,9599,9511,9911,959911,951,991,95991,6,3,1413.87648,23.34551402,1.901339768,87.91163897,43.51925091,71.76197862,17.63256826,12.2789634
11,111,1,11111,104,91,10491,10411,9111,1049111,1041,911,104911,7,3,1323.99456,24.38553248,2.003701026,86.96603746,45.0214868,70.49025169,17.22487645,13.38613432
11,111,1,11111,17,7,177,1711,711,17711,171,71,1771,8,3,1390.88928,23.84187425,1.888195602,87.56546785,44.25860985,71.68997677,17.6980036,11.5217291
11,111,4,11112,7,35,735,711,3511,73511,71,351,7351,9,3,1673.51424,24.84675425,2.050230719,86.55465795,46.08265999,70.36776983,15.40920255,12.20372976
11,111,4,11112,52,63,5263,5211,6311,526311,521,631,52631,10,3,1570.60224,23.71525084,2.043581189,86.5986116,45.3508963,70.16124313,15.05426177,12.10244867
11,111,4,11112,9,63,963,911,6311,96311,91,631,9631,11,3,1534.22896,22.31617753,1.981725477,86.76388206,45.81524211,70.57834056,15.75917862,9.748375083
11,111,4,11112,41,85,4185,4111,8511,418511,411,851,41851,12,3,1542.8572,24.14913762,1.880757789,86.43182496,44.50323235,71.86797154,16.46247749,12.89520942
11,111,4,11112,99,100,99100,9911,10011,9910011,991,1001,991001,13,3,1477.38112,23.63305601,1.837872699,87.39401863,44.81622712,72.37000552,16.51681224,11.85935877
11,111,4,11112,32,1,321,3211,111,32111,321,11,3211,14,3,1647.22544,24.28388051,1.828987172,87.19334373,44.90790403,72.03511771,15.83413202,12.5091566
11,111,4,11112,37,70,3770,3711,7011,377011,371,701,37701,15,3,1699.35664,24.87436401,1.839084394,87.37280672,45.24290308,71.87556421,15.60446985,12.56086457
11,111,5,11112,83,55,8355,8311,5511,835511,831,551,83551,16,3,1454.69248,24.13245204,1.966201846,87.48358814,44.25059774,71.11062006,15.13459323,13.45748606
11,111,5,11113,45,34,4534,4511,3411,453411,451,341,45341,17,3,1489.5112,25.06136869,2.183375898,84.65177778,46.27147252,67.81784912,14.66535296,11.42501576
11,111,5,11113,89,104,89104,8911,10411,8910411,891,1041,891041,18,3,1599.0256,24.03812409,1.973154546,86.01001106,44.29851201,70.7952352,15.08307595,14.69864614
11,111,5,11113,25,65,2565,2511,6511,256511,251,651,25651,19,3,1473.1272,24.47216684,2.120862476,86.40870168,44.51012342,70.60413191,15.09907822,12.64011212
11,111,5,11113,56,32,5632,5611,3211,563211,561,321,56321,20,3,1497.66128,25.187736,2.162323704,84.58777725,45.76234738,67.92370996,14.84341282,14.08752936
11,111,5,11113,75,39,7539,7511,3911,753911,751,391,75391,21,3,1565.28632,24.23454878,1.991681403,87.72375962,43.37832047,71.78301812,15.08451227,15.92798693
11,111,5,11113,5,59,559,511,5911,55911,51,591,5591,22,3,1685.13024,24.76668408,2.050475763,87.39584258,45.09621935,70.6246543,14.76275271,17.00542279
11,111,5,11113,27,74,2774,2711,7411,277411,271,741,27741,23,3,1676.51632,24.85292526,1.986893118,86.97309482,44.22199325,70.55082357,15.14874602,15.55810989
11,111,5,11113,53,58,5358,5311,5811,535811,531,581,53581,24,3,1642.102,25.36816015,2.120011824,86.54618149,45.14105683,69.84992483,14.79420244,14.34847632
11,111,5,11114,28,34,2834,2811,3411,283411,281,341,28341,25,3,1801.54768,25.02899101,2.039971092,85.99516944,44.62948161,69.70828349,14.2872884,16.19659539
11,111,5,11114,30,67,3067,3011,6711,306711,301,671,30671,26,3,1504.97712,24.52043637,2.059678949,86.84632262,43.90794959,71.17155805,14.61757408,13.48582987
11,111,5,11114,31,75,3175,3111,7511,317511,311,751,31751,27,3,1555.2636,24.34711936,2.012901863,87.19977531,44.35388758,72.04995102,14.84520229,13.00764511
11,111,5,11114,15,47,1547,1511,4711,154711,151,471,15471,28,3,1584.30944,24.27472461,1.934512497,87.51931285,44.34927399,72.81226599,14.81822581,15.43323481
11,111,5,11114,79,34,7934,7911,3411,793411,791,341,79341,29,3,1683.83744,25.75557227,2.120715852,84.9562972,45.59125399,69.32782071,14.08339389,14.17712256
11,111,6,11114,6,88,688,611,8811,68811,61,881,6881,30,3,1659.84112,24.85498167,2.066093897,85.3770873,45.78667592,69.86419723,14.3403196,11.89387635
11,111,6,11114,44,45,4445,4411,4511,444511,441,451,44451,31,3,1476.18528,25.48207893,2.103989528,84.464978,46.467526,69.95831317,14.83997621,12.4030604
11,111,6,11114,23,71,2371,2311,7111,237111,231,711,23711,32,3,1421.3288,25.11968034,2.079159353,85.23049382,45.89411911,69.80532054,14.24073904,12.54530334
11,111,2,11115,49,10,4910,4911,1011,491011,491,101,49101,33,3,1592.96744,24.2242257,2.106310634,86.86370754,44.35854329,70.19764324,17.61372793,10.01331884
11,111,2,11115,35,29,3529,3511,2911,352911,351,291,35291,34,3,1579.35088,25.66656498,2.217792549,85.58629909,46.07094086,67.28776715,16.30905897,10.58449392
11,111,2,11115,25,65,2565,2511,6511,256511,251,651,25651,35,3,1462.45648,24.85770742,2.11411564,85.781844,45.20774057,70.14336451,16.60305575,11.48212859
11,111,2,11115,12,84,1284,1211,8411,128411,121,841,12841,36,3,1533.44768,23.94962258,1.918986092,87.5969053,44.07945913,72.10729693,17.29237442,10.82684885
11,111,2,11115,91,93,9193,9111,9311,919311,911,931,91931,37,3,1536.80144,24.41574559,2.031792539,86.46652787,44.8075439,70.7042405,16.93392643,10.88103059
11,111,2,11115,25,67,2567,2511,6711,256711,251,671,25671,38,3,1344.58608,24.61644778,2.046922433,86.84560668,45.40554131,71.58025384,16.72643429,12.32110824
11,111,2,11115,32,64,3264,3211,6411,326411,321,641,32641,39,3,1430.15032,24.42298548,1.994859418,86.89940958,44.45693694,70.18659957,16.90936072,10.98170978
11,111,2,11115,67,17,6717,6711,1711,671711,671,171,67171,40,3,1496.35776,24.58638655,2.050061039,86.19269466,45.01201657,70.55773296,16.99222556,11.11492169
11,111,9,11116,47,49,4749,4711,4911,474911,471,491,47491,41,3,1695.64256,24.87138053,2.018592036,86.29098834,44.62848104,70.91520381,16.93694576,12.10284539
11,111,9,11116,68,87,6887,6811,8711,688711,681,871,68871,42,3,1800.37064,24.74267755,1.966164709,86.3548107,44.8282276,70.94935257,16.10498414,11.55727872
11,111,9,11116,39,19,3919,3911,1911,391911,391,191,39191,43,3,1654.5548,25.72462496,2.198957636,84.98646476,45.28791775,67.71558199,16.57573237,10.9937248
11,111,10,11116,51,35,5135,5111,3511,513511,511,351,51351,44,3,1697.7712,22.21239987,1.883119711,86.84055431,44.00139088,72.14033606,15.38901004,13.35028581
11,111,10,11116,23,60,2360,2311,6011,236011,231,601,23601,45,3,1648.2412,23.40083607,1.972877188,86.48785801,44.81506967,71.32501607,16.36043359,13.02272305
11,111,10,11116,13,33,1333,1311,3311,133311,131,331,13331,46,3,1699.93776,23.18899407,1.994715574,86.16750881,44.99273369,71.1639562,15.78572231,12.87349823
11,111,10,11116,71,33,7133,7111,3311,713311,711,331,71331,47,3,1622.49712,23.31576089,2.009247625,86.36442926,44.43806207,70.45797001,16.13892204,12.01176506
11,111,10,11116,2,13,213,211,1311,21311,21,131,2131,48,3,1759.01672,23.53561564,2.003096247,85.94757997,44.98105671,70.18767164,16.04882794,12.19854965
11,111,10,11117,1,78,178,111,7811,17811,11,781,1781,49,3,1841.67528,24.44644272,2.057934061,86.27860083,45.06621697,69.28747858,15.62406762,13.3317117
11,111,10,11117,92,95,9295,9211,9511,929511,921,951,92951,50,3,1615.48576,22.84110732,1.897322681,88.26918899,43.68818527,71.29131006,16.29834031,13.03915021
11,111,10,11117,83,69,8369,8311,6911,836911,831,691,83691,51,3,1532.41464,23.88934147,1.905856673,87.41965203,44.06673023,72.27291084,16.13455673,12.41263411
11,111,10,11117,56,44,5644,5611,4411,564411,561,441,56441,52,3,1566.84,24.66366428,1.979889983,85.9607947,45.05922866,69.94052998,15.67498621,12.20695519
11,111,10,11117,46,57,4657,4611,5711,465711,461,571,46571,53,3,1553.95544,23.61119144,1.857613581,87.54094757,43.81280366,72.355679,15.39427746,12.19743937
11,111,10,11117,78,50,7850,7811,5011,785011,781,501,78501,54,3,1586.44032,24.0041797,1.935023474,86.73913591,44.1027265,71.34984536,14.71407538,12.89733774
11,111,10,11117,37,26,3726,3711,2611,372611,371,261,37261,55,3,1940.0108,25.20459843,2.027599371,85.65981432,45.38007513,71.37199702,14.45898878,11.43754357
11,111,10,11117,49,55,4955,4911,5511,495511,491,551,49551,56,3,1674.0528,24.72991137,1.923440606,86.60712056,45.18508113,71.48691961,15.33039693,11.95789849
11,111,10,11118,61,39,6139,6111,3911,613911,611,391,61391,57,3,1755.62048,25.33316754,2.040123059,85.39647191,46.51808959,69.35269318,15.07843394,11.77847679
11,111,10,11118,35,53,3553,3511,5311,355311,351,531,35531,58,3,1787.85992,25.17900695,2.107287859,85.29155121,45.81768584,70.10407813,14.87412427,12.64226956
11,111,10,11118,33,1,331,3311,111,33111,331,11,3311,59,3,1679.29536,25.9229533,2.204510019,84.55081718,46.65473651,68.2690775,15.87404627,11.55596809
11,111,10,11118,91,94,9194,9111,9411,919411,911,941,91941,60,3,1723.78416,25.01218047,2.08834843,85.92838322,45.67577558,69.57624928,15.31678897,12.24926274
11,111,10,11118,50,47,5047,5011,4711,504711,501,471,50471,62,3,1734.85576,25.63494894,2.159972057,84.94125299,46.15159912,69.28913683,14.34420438,12.71113114
11,111,10,11118,29,32,2932,2911,3211,293211,291,321,29321,63,3,1800.19952,26.98304533,2.297906422,84.88746835,47.14396071,67.27404999,14.96783561,12.45462185
11,111,10,11118,18,24,1824,1811,2411,182411,181,241,18241,64,3,1469.534,24.28942865,1.985357662,86.52577854,44.25928885,71.00168478,15.16269013,12.65901975
11,111,3,11119,104,90,10490,10411,9011,1049011,1041,901,104901,65,3,1750.97288,24.38648938,2.104011406,86.00227519,45.18528263,69.65064081,16.52333205,11.71473408
11,111,3,11119,41,85,4185,4111,8511,418511,411,851,41851,66,3,1614.70688,24.2187429,2.130142311,85.61025643,44.99203506,69.59524125,17.34138292,12.01246783
11,111,3,11119,99,102,99102,9911,10211,9910211,991,1021,991021,67,3,1610.19312,24.36488832,2.148906372,85.99253321,44.98534342,69.18375346,17.18054514,11.6845322
11,111,3,11119,93,96,9396,9311,9611,939611,931,961,93961,68,3,1497.77632,24.20283799,2.120256397,86.49261142,44.9876073,70.0470563,17.30783289,11.93353126
11,111,3,11119,50,82,5082,5011,8211,508211,501,821,50821,69,3,1540.54096,24.03278662,2.08023035,86.46239865,44.5151413,70.28098467,16.91216079,11.89500649
11,111,3,11119,76,80,7680,7611,8011,768011,761,801,76801,70,3,1632.99208,23.77761146,2.139429147,85.94922173,44.496986,69.28688861,16.76572783,13.41440809
11,111,3,11119,58,70,5870,5811,7011,587011,581,701,58701,71,3,1649.33208,24.9098973,2.091484073,86.21645476,45.84262659,70.24268294,16.9189545,11.47458001
11,111,3,11119,22,61,2261,2211,6111,226111,221,611,22611,72,3,1810.7728,25.31863893,2.178056609,85.37969158,46.70136625,68.72983218,16.7430066,12.15729137
11,111,7,11120,64,48,6448,6411,4811,644811,641,481,64481,73,3,1479.9416,23.4426826,1.957523024,86.55372889,44.54204692,71.31182599,16.6276598,11.42196205
11,111,7,11120,21,83,2183,2111,8311,218311,211,831,21831,74,3,1957.70496,25.58907882,2.218186305,84.8774633,47.17291787,69.72991629,15.80286855,11.15179018
11,111,7,11120,57,56,5756,5711,5611,575611,571,561,57561,75,3,1457.15712,25.08925383,2.108798226,85.6223581,45.88554779,70.71452838,16.14014058,11.87856578
11,111,7,11120,61,30,6130,6111,3011,613011,611,301,61301,76,3,1511.47032,25.17312129,2.283827899,84.39166674,45.91099563,66.10495901,16.46585636,11.93982714
11,111,7,11120,19,30,1930,1911,3011,193011,191,301,19301,77,3,1595.01936,25.70315203,2.25640062,83.5395307,46.52372302,68.06995085,15.95492333,10.63932469
11,111,7,11120,66,75,6675,6611,7511,667511,661,751,66751,78,3,1416.58856,24.83718556,2.229015494,86.36017144,45.54193438,70.50190933,16.64100158,12.20777781
11,111,7,11120,96,98,9698,9611,9811,969811,961,981,96981,79,3,1246.3728,24.38480308,2.286285525,85.78419645,45.50797904,70.00655641,16.49472387,12.30330073
11,111,7,11120,67,7,677,6711,711,67711,671,71,6771,80,3,1737.06528,25.6308709,2.268662942,85.35374867,46.79780991,69.25171885,15.72999229,12.67663123
11,111,7,11121,50,24,5024,5011,2411,502411,501,241,50241,81,3,1549.50816,25.2753075,2.094747558,86.0286106,45.07054217,71.34482853,16.11880939,12.47277787
11,111,7,11121,44,32,4432,4411,3211,443211,441,321,44321,82,3,1330.86264,24.65193682,2.229150449,86.58862413,44.82939585,70.85594307,16.49464718,12.63418592
11,111,7,11121,11,80,1180,1111,8011,118011,111,801,11801,83,3,1652.36896,24.48733133,2.254511739,86.44567542,44.8745371,69.72753316,16.49080144,11.6490834
11,111,7,11121,10,62,1062,1011,6211,106211,101,621,10621,84,3,1624.7804,25.09224059,2.290020226,85.23264342,45.70656856,67.3775137,16.35510626,14.47778054
11,111,7,11121,31,75,3175,3111,7511,317511,311,751,31751,85,3,1560.96936,23.34036786,2.015540836,87.11198562,44.22471608,70.22042774,17.1156624,11.17017188
11,111,7,11121,11,76,1176,1111,7611,117611,111,761,11761,86,3,1727.82304,24.31330677,2.300502708,85.70282548,45.18620113,64.69227148,16.23265205,12.41793876
11,111,7,11121,2,87,287,211,8711,28711,21,871,2871,87,3,1691.36,25.43604821,2.327583775,85.39741535,47.24704993,67.5017112,16.66542849,11.67664003
11,111,7,11121,96,97,9697,9611,9711,969711,961,971,96971,88,3,1476.38864,24.86060391,2.168981698,86.14565018,45.76876709,69.38382729,16.67293228,11.53604574
11,111,7,11122,33,1,331,3311,111,33111,331,11,3311,89,3,1590.9072,25.54878179,2.26726314,83.74756726,46.50529406,67.61823621,16.0998105,11.5772574
11,111,7,11122,2,87,287,211,8711,28711,21,871,2871,90,3,1591.55504,25.19126883,2.156545008,85.82599968,46.19836888,69.63262978,16.46636315,11.35909024
11,111,7,11122,51,6,516,5111,611,51611,511,61,5161,91,3,1751.46024,25.65842441,2.390685945,84.33321874,47.77614835,69.16016439,16.12573328,11.69338325
11,111,7,11122,36,12,3612,3611,1211,361211,361,121,36121,92,3,1630.54848,23.29456756,2.180307972,87.1708819,44.31324682,68.5480381,17.31498358,12.1088107
11,111,7,11122,84,61,8461,8411,6111,846111,841,611,84611,93,3,1913.54104,25.6987893,2.532836973,84.34663655,47.37962051,64.49198328,16.34342529,11.4218705
11,111,7,11122,90,91,9091,9011,9111,909111,901,911,90911,94,3,1722.38848,24.31279681,2.187213975,85.89096533,45.22713064,69.6460466,16.87738848,12.71329448
11,111,7,11122,76,83,7683,7611,8311,768311,761,831,76831,95,3,1671.78144,25.19271615,2.174668851,85.91610849,45.90188898,71.12799801,15.95296231,11.848522
11,111,7,11122,11,72,1172,1111,7211,117211,111,721,11721,96,3,1436.74688,25.05283633,2.281241496,85.75545953,47.01016686,67.32477775,16.41574913,12.03147022
11,111,11,11123,73,56,7356,7311,5611,735611,731,561,73561,97,3,1666.29208,23.18632798,2.073255408,86.77263144,43.76944756,70.90269525,15.58997027,12.54902119
11,111,11,11123,25,67,2567,2511,6711,256711,251,671,25671,98,3,1431.5392,24.48205287,2.202106879,85.73006832,45.10948019,69.6962668,16.11815288,12.61638903
11,111,11,11123,58,72,5872,5811,7211,587211,581,721,58721,99,3,1685.8112,24.69336768,2.083271355,85.74344122,45.65388803,70.03452883,16.12543869,11.14177805
11,111,11,11123,83,81,8381,8311,8111,838111,831,811,83811,100,3,1477.82656,23.88010016,2.053880354,87.0817904,44.56553182,71.93109998,16.00463974,11.49748533
11,111,11,11123,99,101,99101,9911,10111,9910111,991,1011,991011,101,3,1367.97136,24.78698885,2.176178904,85.66084007,45.50582715,69.90383262,17.07671693,10.83190535
11,111,11,11123,84,5,845,8411,511,84511,841,51,8451,103,3,1604.8244,25.87678405,2.250405556,84.73475189,47.17704855,69.21660292,16.2348074,10.75345301
11,111,11,11123,27,63,2763,2711,6311,276311,271,631,27631,104,3,1635.30904,24.977457,2.114147946,86.25441353,46.03609036,70.67774372,16.52034163,10.84617755
11,111,8,11124,4,54,454,411,5411,45411,41,541,4541,105,3,1691.59416,25.87008503,2.470795362,84.81614643,47.46664394,65.49313024,16.04993615,11.62905389
11,111,8,11124,25,19,2519,2511,1911,251911,251,191,25191,106,3,1540.94016,26.69118243,2.55331206,83.52861513,49.5825371,65.73291252,16.74033451,10.39133141
11,111,8,11124,11,72,1172,1111,7211,117211,111,721,11721,107,3,1626.90304,24.70360636,2.024283909,86.06349219,44.83951274,72.44590761,16.04367287,12.01331502
11,111,8,11124,62,40,6240,6211,4011,624011,621,401,62401,108,3,1640.8204,25.01037145,2.154665872,85.79663672,46.20916081,71.61570131,16.08689728,11.67987764
11,111,8,11124,19,7,197,1911,711,19711,191,71,1971,109,3,1541.38944,25.65866525,2.40331304,84.07268381,46.37346698,67.34165601,16.81062779,11.64533565
11,111,8,11124,49,45,4945,4911,4511,494511,491,451,49451,110,3,1530.06592,24.83811211,2.166065995,86.05627389,44.62729329,71.01052085,16.7708393,11.16957682
11,111,8,11124,82,21,8221,8211,2111,822111,821,211,82211,111,3,1710.12368,25.76907856,2.229304022,85.08636945,46.64858978,69.95130605,15.68331659,10.40684208
11,111,8,11124,89,104,89104,8911,10411,8910411,891,1041,891041,112,3,1439.87904,24.37067413,2.135350994,86.86338425,44.6561697,71.55411138,16.56663913,11.74998444
11,111,13,11125,1,48,148,111,4811,14811,11,481,1481,113,3,1419.79328,24.01496631,2.178030579,86.19825808,44.11044819,69.99536215,16.50084216,12.33432404
11,111,13,11125,48,14,4814,4811,1411,481411,481,141,48141,114,3,1647.0824,23.07660655,2.019614529,87.62693514,43.23381179,72.23614073,16.46008257,12.06910895
11,111,13,11125,95,97,9597,9511,9711,959711,951,971,95971,115,3,1760.36032,25.10089049,1.957108777,87.5469166,44.89631594,71.63541114,17.0944987,9.382527528
11,111,13,11125,61,19,6119,6111,1911,611911,611,191,61191,116,3,1911.25032,26.46341456,2.351746967,85.10806553,46.28234794,68.28380312,14.63097627,13.19952489
11,111,13,11125,7,6,76,711,611,7611,71,61,761,117,3,1703.5236,24.62100424,2.190335467,87.43638667,44.20979794,70.62013369,16.40877379,11.56023015
11,111,13,11125,52,5,525,5211,511,52511,521,51,5251,118,3,1593.84176,25.06898485,2.063163923,87.05803688,45.12458429,71.11473836,16.22026187,10.61429674
11,111,13,11125,65,88,6588,6511,8811,658811,651,881,65881,119,3,1599.24472,24.44123419,2.152630547,87.9325593,44.07428643,70.553837,16.59673758,11.23957197
11,111,13,11125,72,76,7276,7211,7611,727611,721,761,72761,120,3,1682.63096,24.53137504,2.018710692,87.9728197,44.42094717,71.62899568,16.07003409,12.05782629
11,111,13,11126,74,36,7436,7411,3611,743611,741,361,74361,121,3,1747.32688,24.66233981,2.160659028,87.19362043,44.57685669,69.83532327,16.14476651,12.52781024
11,111,13,11126,101,103,101103,10111,10311,10110311,1011,1031,1011031,122,3,1513.20872,25.23069923,2.213451507,86.66083356,45.50205571,69.6847972,16.2596373,11.96249372
11,111,13,11126,30,51,3051,3011,5111,305111,301,511,30511,123,3,1531.11424,25.01240573,2.178882979,86.82548764,45.36779952,69.68100825,16.63408061,11.64248428
11,111,13,11126,89,90,8990,8911,9011,899011,891,901,89901,124,3,1579.1844,23.68349862,2.096106785,87.36962527,43.82433013,70.42908841,16.76057641,12.93823732
11,111,13,11126,42,26,4226,4211,2611,422611,421,261,42261,125,3,1454.266,24.46133016,2.220701431,85.94459198,45.06388566,70.74147644,15.91503971,12.13879195
11,111,13,11126,70,77,7077,7011,7711,707711,701,771,70771,126,3,1481.45672,24.93511042,2.22874816,86.26778416,45.44288809,70.29605731,16.49180283,12.23075015
11,111,13,11126,14,63,1463,1411,6311,146311,141,631,14631,127,3,1661.77456,25.29125917,2.180574711,86.41241221,45.96495088,70.12021623,16.54921592,11.48855989
11,111,13,11126,104,92,10492,10411,9211,1049211,1041,921,104921,128,3,1689.21312,26.11861326,2.43954539,84.08415476,47.08043583,67.82130384,16.10297512,12.75781174
11,111,11,11127,90,93,9093,9011,9311,909311,901,931,90931,129,3,1756.75792,25.20301837,2.138944366,85.41162129,45.9438554,70.44166807,15.99235934,11.56340553
11,111,11,11127,53,75,5375,5311,7511,537511,531,751,53751,130,3,1386.86968,24.97295531,2.179640668,85.4196519,45.54122662,69.29127098,16.5452566,12.4230832
11,111,11,11127,89,100,89100,8911,10011,8910011,891,1001,891001,131,3,1480.26448,25.04278531,2.185826937,85.20772733,45.63385075,69.2906664,16.73135145,12.90568507
11,111,11,11127,39,17,3917,3911,1711,391711,391,171,39171,132,3,1614.58112,24.76975747,2.058565575,85.80230155,45.43996894,70.93081225,16.66292105,12.51592829
11,111,11,11127,5,59,559,511,5911,55911,51,591,5591,133,3,1655.23824,25.53649612,2.134538311,85.71669501,46.16317954,69.91561008,16.07565621,12.06378198
11,111,11,11127,71,64,7164,7111,6411,716411,711,641,71641,134,3,1596.03696,25.18963786,2.122104957,85.31369133,46.00893941,70.19440943,16.97760039,12.13217993
11,111,11,11127,84,4,844,8411,411,84411,841,41,8441,135,3,1614.41424,25.86265936,2.267116577,84.2319618,46.8076885,68.63193713,16.15112188,12.39352266
11,111,11,11127,85,5,855,8511,511,85511,851,51,8551,136,3,1880.6784,25.74378394,2.067545452,85.28803566,46.23068503,70.12754382,15.9410918,10.95553292
11,111,12,11128,33,32,3332,3311,3211,333211,331,321,33321,137,3,1480.31264,24.81271199,2.018604416,87.30236636,45.6004787,71.01484226,16.94041007,13.24168946
11,111,12,11128,13,57,1357,1311,5711,135711,131,571,13571,138,3,1571.52752,24.31637697,1.925255851,87.467897,44.06447807,72.17259728,15.90355483,13.15030531
11,111,12,11128,32,78,3278,3211,7811,327811,321,781,32781,139,3,1596.32816,23.22112967,2.071228004,86.84572041,44.45648439,71.20728589,15.13776215,13.48974396
11,111,12,11128,24,2,242,2411,211,24211,241,21,2421,140,3,1451.93744,23.08031252,2.029295809,87.66027463,45.0010003,71.2762822,16.58594974,12.30202491
11,111,12,11128,92,93,9293,9211,9311,929311,921,931,92931,141,3,1742.28376,26.12614032,2.059086479,85.60047978,46.81839763,69.3435138,15.42416429,11.944369
11,111,12,11128,31,61,3161,3111,6111,316111,311,611,31611,142,3,1556.1176,23.59637238,1.991411056,87.94835752,44.65735561,71.47733279,16.82225327,13.8249722
11,111,12,11128,100,101,100101,10011,10111,10010111,1001,1011,1001011,143,3,1521.32048,24.54650863,1.987761298,87.69187662,45.38408156,70.55600146,15.36983988,13.93579633
11,111,12,11128,58,77,5877,5811,7711,587711,581,771,58771,144,3,1529.65168,23.64034788,1.823164331,88.12381063,45.29770722,72.90172821,16.58180746,12.4111765
11,111,1,11129,43,38,4338,4311,3811,433811,431,381,43381,1,5,1474.28976,24.62651834,1.87502735,87.7638221,45.32613887,72.33819832,16.77893753,11.29640739
11,111,1,11129,40,44,4044,4011,4411,404411,401,441,40441,2,5,1283.02032,23.99857664,1.918792556,87.95333712,44.90406,71.91212729,17.55717278,11.55410707
11,111,1,11129,33,43,3343,3311,4311,334311,331,431,33431,3,5,1477.86656,25.09450361,2.00082704,86.36483059,45.96107451,70.75130682,16.9941814,12.15444913
11,111,1,11129,17,51,1751,1711,5111,175111,171,511,17511,4,5,1490.3908,23.90051262,1.945241694,87.17001988,44.42101307,71.35797713,17.39032001,11.76972581
11,111,1,11129,88,29,8829,8811,2911,882911,881,291,88291,5,5,1454.20824,24.09081889,1.944704484,87.40147923,44.3339023,72.03019135,16.84194134,12.70655827
11,111,1,11129,65,51,6551,6511,5111,655111,651,511,65511,6,5,1527.23512,24.44270099,2.00656488,87.02539403,44.86036825,72.1542569,16.84489372,12.8097471
11,111,1,11129,2,60,260,211,6011,26011,21,601,2601,7,5,1474.44064,24.45254136,2.061950757,85.9809225,45.31368026,69.59644258,16.76521091,12.5416337
11,111,1,11129,72,77,7277,7211,7711,727711,721,771,72771,8,5,1569.29648,24.11116148,1.935360552,87.31940458,45.22765827,71.86352369,16.66038444,11.67294534
11,111,4,11130,68,46,6846,6811,4611,684611,681,461,68461,9,5,1508.77832,23.47276744,1.889750368,87.38170431,43.88825457,71.62023762,15.60298444,13.9001003
11,111,4,11130,88,42,8842,8811,4211,884211,881,421,88421,10,5,1320.09968,22.71214292,1.971674616,87.79264504,44.92007095,72.2010184,15.63557744,11.26106345
11,111,4,11130,16,20,1620,1611,2011,162011,161,201,16201,11,5,1479.64304,21.72821681,1.875425145,86.65594309,44.76056687,70.5012102,16.48480539,9.980899684
11,111,4,11130,42,29,4229,4211,2911,422911,421,291,42291,12,5,1435.47824,24.40639979,1.86037056,86.9019421,45.86338277,72.36809087,15.53913336,12.10902076
11,111,4,11130,76,21,7621,7611,2111,762111,761,211,76211,13,5,1670.62064,23.28896857,1.75437481,88.00873182,43.9322145,73.00586357,15.67407809,12.60868812
11,111,4,11130,81,10,8110,8111,1011,811011,811,101,81101,14,5,1569.1848,23.24402519,1.80723469,87.8653802,44.16309105,72.42467829,15.86806711,13.12678277
11,111,4,11130,56,33,5633,5611,3311,563311,561,331,56331,15,5,1457.04136,25.28990488,1.96232268,87.50458511,45.58282502,71.67859268,16.12897779,13.77567628
11,111,5,11130,54,19,5419,5411,1911,541911,541,191,54191,16,5,1592.71056,25.2697556,2.221034925,84.84353407,45.98413881,67.35502927,14.69731646,14.16457788
11,111,5,11131,88,20,8820,8811,2011,882011,881,201,88201,17,5,1595.8328,23.54247605,2.042140522,86.64609199,43.96748202,71.33835791,14.98979386,12.19328777
11,111,5,11131,59,12,5912,5911,1211,591211,591,121,59121,18,5,1744.02688,25.14595243,2.089318613,85.43280129,44.39668267,70.16808206,14.65933556,15.67021881
11,111,5,11131,2,13,213,211,1311,21311,21,131,2131,19,5,1573.848,24.62812582,2.174576838,85.53285051,45.22310615,68.75178146,15.35848939,15.62598423
11,111,5,11131,30,31,3031,3011,3111,303111,301,311,30311,20,5,1478.0296,23.6256399,1.982468324,86.97426152,42.94259086,72.05463379,14.98544122,13.94570693
11,111,5,11131,51,20,5120,5111,2011,512011,511,201,51201,21,5,1600.92128,23.2837111,1.890603873,87.91555482,42.02297245,72.98697734,15.7572002,17.67595891
11,111,5,11131,25,17,2517,2511,1711,251711,251,171,25171,22,5,1312.98352,23.94642653,2.11208122,86.72959108,43.69363533,70.88914622,15.48542714,16.92165175
11,111,5,11131,15,3,153,1511,311,15311,151,31,1531,23,5,1590.61824,24.16380155,2.026040709,87.01538928,43.7584812,70.89436515,15.64680724,14.33826769
11,111,5,11131,61,25,6125,6111,2511,612511,611,251,61251,24,5,1617.744,24.7200702,2.018841444,87.21852262,44.32608758,71.42337599,14.89320609,14.19849523
11,111,5,11132,76,82,7682,7611,8211,768211,761,821,76821,25,5,1563.69064,24.0506378,1.938641106,88.02394216,42.25640632,72.82909347,14.95862283,16.84493238
11,111,5,11132,92,94,9294,9211,9411,929411,921,941,92941,26,5,1827.2816,27.13882103,2.360364335,83.06811073,47.26860933,66.54421825,14.80070087,11.52529823
11,111,5,11132,23,87,2387,2311,8711,238711,231,871,23871,27,5,1593.71296,24.53595157,2.147517014,85.19021116,44.43564983,70.18362116,14.86991713,16.26689749
11,111,5,11132,54,67,5467,5411,6711,546711,541,671,54671,28,5,1544.42752,25.20388293,2.07601108,86.14846037,44.97134497,70.36366509,14.02420831,15.90070763
11,111,5,11132,88,35,8835,8811,3511,883511,881,351,88351,29,5,1607.5156,23.17903921,1.843953724,89.2684224,41.90233027,73.77641498,15.22767952,18.12544317
11,111,6,11132,20,53,2053,2011,5311,205311,201,531,20531,30,5,1555.69632,-999,2.047651917,86.02162906,44.98013149,69.72005856,13.85360931,15.79943045
11,111,6,11132,78,9,789,7811,911,78911,781,91,7891,31,5,1468.23664,24.56625554,1.969296746,85.62370952,46.13574579,71.73252651,14.37616473,13.93801615
11,111,6,11132,54,67,5467,5411,6711,546711,541,671,54671,32,5,1504.73896,25.46480376,2.163348368,84.7234725,46.48298211,69.23730819,14.24557973,13.37227416
11,111,2,11133,26,72,2672,2611,7211,267211,261,721,26721,33,5,1654.32336,24.92001674,2.145524517,85.95021218,45.25535935,69.69831951,16.29401497,11.44304839
11,111,2,11133,1,8,18,111,811,1811,11,81,181,34,5,1506.3136,23.25199832,1.937165635,87.32633698,43.27961524,71.36175352,16.62682531,11.48094674
11,111,2,11133,50,47,5047,5011,4711,504711,501,471,50471,35,5,1383.5912,24.75453502,2.003426206,86.74664435,44.86451354,71.37097394,16.49545281,11.50564066
11,111,2,11133,89,102,89102,8911,10211,8910211,891,1021,891021,36,5,1581.54384,24.16865623,1.954478583,87.09745653,44.3345902,70.67196218,16.6179101,10.34569435
11,111,2,11133,27,52,2752,2711,5211,275211,271,521,27521,37,5,1446.95648,25.09638281,2.133563084,86.27796609,45.25008095,70.56065015,16.7360944,11.06542009
11,111,2,11133,67,65,6765,6711,6511,676511,671,651,67651,38,5,1503.75456,24.86758639,2.088903397,86.2329228,45.61744033,70.2094361,16.30828873,12.12127846
11,111,2,11133,30,67,3067,3011,6711,306711,301,671,30671,39,5,1413.9516,24.16503461,1.999313941,87.26937379,44.22707533,72.08152397,16.75021231,11.1867262
11,111,2,11133,71,44,7144,7111,4411,714411,711,441,71441,40,5,1484.75008,24.42454075,1.970019352,86.2274507,45.29662148,71.61740997,16.47759728,11.48898575
11,111,9,11134,35,42,3542,3511,4211,354211,351,421,35421,41,5,1555.7388,24.06347902,1.90546716,86.8742762,43.68566619,72.81851033,16.92772496,11.76981244
11,111,9,11134,65,16,6516,6511,1611,651611,651,161,65161,42,5,1762.3868,24.97323702,1.946285163,86.53617364,44.65347913,72.09901703,15.93882778,11.93407715
11,111,9,11134,63,66,6366,6311,6611,636611,631,661,63661,43,5,1591.16896,24.79992031,1.985558885,85.70798639,44.80134438,70.99370604,16.49816416,13.14439024
11,111,10,11134,104,93,10493,10411,9311,1049311,1041,931,104931,44,5,1505.48168,22.87146396,1.927416263,87.28712268,43.96347411,71.89877279,16.01050495,13.04631958
11,111,10,11134,37,11,3711,3711,1111,371111,371,111,37111,45,5,1726.6392,22.95072946,1.903061897,87.00582606,44.35271511,71.67898451,16.23785228,11.5491292
11,111,10,11134,63,36,6336,6311,3611,633611,631,361,63361,46,5,1762.2532,23.88113757,1.981162019,86.05822325,45.26071108,71.24913878,14.66444945,13.01088179
11,111,10,11134,38,52,3852,3811,5211,385211,381,521,38521,47,5,1560.95016,22.95335584,1.911025492,87.99300247,44.10564295,72.58786566,15.73708348,11.97771031
11,111,10,11134,43,8,438,4311,811,43811,431,81,4381,48,5,1807.84112,23.89147711,2.039550454,86.19964387,45.5673801,70.79520904,14.77497406,12.07753927
11,111,10,11135,36,5,365,3611,511,36511,361,51,3651,49,5,1877.43776,24.72446363,2.13155776,85.88283942,44.586333,69.99880134,14.65277574,13.21832557
11,111,10,11135,34,40,3440,3411,4011,344011,341,401,34401,50,5,1633.25648,25.02413664,2.043444868,86.75659539,45.1038153,69.20234614,16.12609568,11.84428187
11,111,10,11135,13,73,1373,1311,7311,137311,131,731,13731,51,5,1609.5968,23.74985636,1.97126711,87.16523074,44.29629707,70.37418511,15.33205149,13.13589477
11,111,10,11135,23,13,2313,2311,1311,231311,231,131,23131,52,5,1714.01264,25.35723369,2.031211245,85.12023977,45.42489113,69.62618914,14.84347657,12.0306429
11,111,10,11135,54,39,5439,5411,3911,543911,541,391,54391,53,5,1648.53944,25.05362722,2.081650605,84.90736112,44.63906596,68.94981438,14.76903598,12.99065217
11,111,10,11135,31,4,314,3111,411,31411,311,41,3141,54,5,1847.16632,25.4492716,2.109985844,84.3288941,46.01508839,69.03060359,14.8761443,12.20838712
11,111,10,11135,46,48,4648,4611,4811,464811,461,481,46481,55,5,1492.34616,23.19966256,1.83445592,88.26111834,43.46048219,74.10678111,16.03160646,12.04722981
11,111,10,11135,97,98,9798,9711,9811,979811,971,981,97981,56,5,1485.39328,23.16155422,1.74477728,88.71942457,42.51369929,73.54207301,15.24533026,12.66975024
11,111,10,11136,35,53,3553,3511,5311,355311,351,531,35531,57,5,1663.59216,24.93798621,1.947173724,85.84949062,44.72187721,71.34653811,14.45516939,12.15400335
11,111,10,11136,69,79,6979,6911,7911,697911,691,791,69791,58,5,1645.57568,24.7696399,2.05723967,86.07333538,45.30181506,71.50359105,14.69684549,12.92461178
11,111,10,11136,31,22,3122,3111,2211,312211,311,221,31221,60,5,1672.79392,25.22351814,2.0238824,86.31919881,45.31353963,70.1925304,15.38287388,12.0267535
11,111,10,11136,86,85,8685,8611,8511,868511,861,851,86851,61,5,1783.49584,25.7599855,2.184455571,84.46589584,46.96037773,67.8640901,15.13401802,12.26215619
11,111,10,11136,1,38,138,111,3811,13811,11,381,1381,62,5,1737.96312,24.80257065,2.020072906,86.2837127,45.57535003,69.87189494,14.89086413,12.9885079
11,111,10,11136,48,9,489,4811,911,48911,481,91,4891,63,5,1607.57984,24.84652549,2.093152114,85.41332925,45.51190295,68.79982276,15.2266265,13.53474405
11,111,10,11136,28,62,2862,2811,6211,286211,281,621,28621,64,5,1526.25408,24.13940115,1.996433419,87.09629575,44.00273905,70.96271257,15.71016458,12.75163019
11,111,3,11137,74,52,7452,7411,5211,745211,741,521,74521,65,5,1672.10728,24.7644251,2.115936391,85.75829289,45.57419994,69.71526969,16.29519329,10.67467828
11,111,3,11137,89,92,8992,8911,9211,899211,891,921,89921,66,5,1662.3448,24.95341786,2.143755591,85.86660092,45.7482609,69.64827251,16.83841654,10.70107822
11,111,3,11137,58,11,5811,5811,1111,581111,581,111,58111,67,5,1565.1572,24.0516678,2.081926199,86.57310917,44.53001316,70.24052798,16.88361254,11.82256935
11,111,3,11137,104,92,10492,10411,9211,1049211,1041,921,104921,68,5,1629.73568,25.80514843,2.293624507,85.06551463,46.594247,67.45213171,16.01082402,10.84884124
11,111,3,11137,96,97,9697,9611,9711,969711,961,971,96971,69,5,1487.79968,24.8511124,2.110440566,86.03325654,45.27337595,70.90552881,16.75604012,11.60944354
11,111,3,11137,98,101,98101,9811,10111,9810111,981,1011,981011,70,5,1501.6308,24.75875577,2.173516048,85.88029576,45.32460101,69.2719436,16.6330504,12.08837815
11,111,3,11137,15,2,152,1511,211,15211,151,21,1521,71,5,1727.88296,24.78856018,2.065859831,86.36072801,45.19838638,70.77627581,17.58076804,12.10101997
11,111,3,11137,46,13,4613,4611,1311,461311,461,131,46131,72,5,1537.47248,23.48348635,1.948645507,87.30831474,44.10873701,72.0403171,17.45972784,11.87815543
11,111,7,11138,62,40,6240,6211,4011,624011,621,401,62401,73,5,1633.17792,24.47379114,2.011886389,85.88774193,45.74844526,71.85471528,15.29302314,12.98177335
11,111,7,11138,88,42,8842,8811,4211,884211,881,421,88421,74,5,1444.89144,24.30462765,2.187622464,85.93696667,44.44020772,70.32711656,16.69163778,11.96086211
11,111,7,11138,89,101,89101,8911,10111,8910111,891,1011,891011,75,5,1430.71032,24.90744609,2.281538462,85.1419827,45.52339897,69.00010216,17.01549164,12.91047318
11,111,7,11138,74,5,745,7411,511,74511,741,51,7451,76,5,1662.02776,24.12858754,2.190537135,85.89021912,46.56241211,69.63654598,16.06137234,11.77547852
11,111,7,11138,80,21,8021,8011,2111,802111,801,211,80211,77,5,1653.74192,24.70762956,2.167391044,86.46500031,45.78568308,70.62536897,16.30895885,12.35935569
11,111,7,11138,39,25,3925,3911,2511,392511,391,251,39251,78,5,1499.41176,26.16523267,2.566263542,83.34721293,47.73180565,64.28170602,15.30485858,11.83254224
11,111,7,11138,9,14,914,911,1411,91411,91,141,9141,79,5,1484.09032,23.88570811,1.972979493,87.21289584,44.49221066,72.53077097,16.27534053,12.00412789
11,111,7,11138,104,91,10491,10411,9111,1049111,1041,911,104911,80,5,1559.96496,25.07605163,2.318555431,85.96160743,46.27057776,66.53292956,16.59640436,12.40034577
11,111,7,11139,50,18,5018,5011,1811,501811,501,181,50181,81,5,1617.97032,25.27343613,2.240207367,85.70999881,46.23999789,70.39199142,16.05369672,12.17767453
11,111,7,11139,16,20,1620,1611,2011,162011,161,201,16201,82,5,1727.90032,25.30472078,2.273311003,85.27072525,46.8385954,63.62280506,16.60666845,14.5756912
11,111,7,11139,78,27,7827,7811,2711,782711,781,271,78271,83,5,1426.69008,25.07901067,2.295435967,85.04638715,47.01043223,69.5301649,16.51177797,11.14600278
11,111,7,11139,66,67,6667,6611,6711,666711,661,671,66671,84,5,1592.02016,24.04688934,2.450446147,85.34003279,44.81519434,65.41036305,17.16007145,14.87189545
11,111,7,11139,60,73,6073,6011,7311,607311,601,731,60731,85,5,1815.33472,23.69052819,2.129809235,86.76451306,43.176231,71.26747562,17.13684927,13.04270018
11,111,7,11139,17,51,1751,1711,5111,175111,171,511,17511,86,5,1813.90592,24.65316145,2.175707862,85.46716216,44.81544047,69.14578427,16.6827042,10.74495025
11,111,7,11139,34,40,3440,3411,4011,344011,341,401,34401,87,5,1560.5184,25.17051323,2.185299598,85.62618675,46.00221701,68.11418154,16.84746525,10.38382009
11,111,7,11139,81,28,8128,8111,2811,812811,811,281,81281,88,5,1783.8564,25.03087652,2.449241159,85.60323507,45.54467575,66.26961397,15.92845132,12.10414474
11,111,7,11140,95,97,9597,9511,9711,959711,951,971,95971,89,5,1728.8028,24.8811803,2.133651537,86.17062868,46.03918937,68.84549974,16.4829673,10.21081454
11,111,7,11140,17,65,1765,1711,6511,176511,171,651,17651,90,5,1718.37712,26.52722044,2.392456999,84.32592552,48.16794141,67.77611028,16.06232854,10.61060143
11,111,7,11140,75,4,754,7511,411,75411,751,41,7541,91,5,1722.17064,24.62397402,2.07399784,86.70712846,44.45010299,71.00829857,17.1500055,11.88816039
11,111,7,11140,78,27,7827,7811,2711,782711,781,271,78271,92,5,1494.85344,25.00137882,2.346605888,85.16315148,46.31079588,66.44554235,16.5857658,10.5668846
11,111,7,11140,38,9,389,3811,911,38911,381,91,3891,93,5,1708.73864,22.84775989,2.010977941,88.19585532,42.96927172,72.46347754,16.79387285,13.51977491
11,111,7,11140,41,86,4186,4111,8611,418611,411,861,41861,94,5,1686.77832,24.31166396,2.033707912,86.64077899,45.74075152,70.71074884,16.7186274,12.26666257
11,111,7,11140,70,11,7011,7011,1111,701111,701,111,70111,95,5,1478.41792,24.65538599,2.034853329,86.41740508,45.62481836,71.95685023,16.16117937,12.46836846
11,111,7,11140,16,35,1635,1611,3511,163511,161,351,16351,96,5,1614.00416,24.48619678,2.139168889,85.99193767,46.38877248,70.53772222,16.75233459,11.81957464
11,111,11,11141,10,41,1041,1011,4111,104111,101,411,10411,97,5,1536.3768,23.35265334,1.976125629,87.22449696,43.50026588,71.84774961,17.05727972,10.82786354
11,111,11,11141,3,46,346,311,4611,34611,31,461,3461,98,5,1683.43744,23.13276887,1.982445424,87.79282507,44.11142561,72.74644243,17.50391424,10.28787498
11,111,11,11141,89,92,8992,8911,9211,899211,891,921,89921,99,5,1639.824,25.27256289,2.151803112,85.27984149,46.64126812,69.26640749,16.68123437,9.694554313
11,111,11,11141,71,44,7144,7111,4411,714411,711,441,71441,100,5,1683.95952,24.78790246,2.217243767,84.80332869,45.87048317,68.93020527,16.35350903,11.73738478
11,111,11,11141,18,68,1868,1811,6811,186811,181,681,18681,101,5,1700.52376,24.69804206,2.165243931,85.83812327,45.68412928,69.71605125,16.76659843,11.10191548
11,111,11,11141,100,101,100101,10011,10111,10010111,1001,1011,1001011,102,5,1506.09552,24.67001522,2.174022065,86.30171887,45.45247225,70.53134213,16.3532992,12.45603176
11,111,11,11141,89,102,89102,8911,10211,8910211,891,1021,891021,103,5,1688.8324,24.53669541,2.173390723,84.91129674,45.7305958,68.7620344,16.38916912,11.79956983
11,111,11,11141,75,84,7584,7511,8411,758411,751,841,75841,104,5,1412.03504,23.6389205,2.112054352,86.70694909,44.40815333,71.59535758,16.88186535,11.56461351
11,111,8,11142,17,7,177,1711,711,17711,171,71,1771,105,5,1637.522,24.44778873,2.290432552,86.45872331,44.92919408,67.71217644,16.40900441,11.50462006
11,111,8,11142,7,51,751,711,5111,75111,71,511,7511,106,5,1722.05928,24.97127844,2.341365268,85.40612565,46.61187207,67.27526059,16.46139492,10.94224633
11,111,8,11142,84,39,8439,8411,3911,843911,841,391,84391,107,5,1509.4836,24.87450876,2.232323524,86.5508744,45.93530773,69.83059032,17.2779837,10.12072833
11,111,8,11142,1,48,148,111,4811,14811,11,481,1481,108,5,1539.47184,24.07247297,2.117467251,87.434538,44.08360539,72.08844026,16.41265191,11.63910279
11,111,8,11142,31,61,3161,3111,6111,316111,311,611,31611,109,5,1779.34144,25.29605602,2.310295387,86.11463286,45.12727344,66.57594991,16.27723537,13.85452819
11,111,8,11142,87,13,8713,8711,1311,871311,871,131,87131,110,5,1697.38096,25.44409491,2.321546805,85.85678167,46.12136091,68.51085734,15.9311395,11.17742659
11,111,8,11142,79,82,7982,7911,8211,798211,791,821,79821,111,5,1457.71488,26.26588559,2.291885699,85.17594309,47.07902093,68.13911597,15.88694804,10.87439474
11,111,8,11142,104,102,104102,10411,10211,10410211,1041,1021,1041021,112,5,1705.188,25.6892456,2.513699146,84.50670358,47.15739806,63.62538061,16.11005598,11.55509816
11,111,13,11143,98,102,98102,9811,10211,9810211,981,1021,981021,113,5,1518.31632,24.01578285,1.854457209,87.80422787,44.41310572,73.54940022,16.86693163,10.83037474
11,111,13,11143,19,30,1930,1911,3011,193011,191,301,19301,114,5,1548.74496,26.16546924,2.434066973,84.93503085,46.47291272,68.23417859,15.70598682,12.0310946
11,111,13,11143,59,31,5931,5911,3111,593111,591,311,59311,115,5,1637.2436,24.72716524,2.137583522,86.96921455,44.15657388,70.70244188,16.19488891,11.82205237
11,111,13,11143,89,103,89103,8911,10311,8910311,891,1031,891031,116,5,1477.65456,23.92222995,2.095389437,87.29019847,43.78393097,71.32160538,16.64376547,11.4708153
11,111,13,11143,2,23,223,211,2311,22311,21,231,2231,117,5,1773.45248,26.1030185,2.571457156,84.59959257,46.6992754,67.36964581,15.41351923,13.41029156
11,111,13,11143,22,75,2275,2211,7511,227511,221,751,22751,118,5,1906.75936,23.93166774,2.201899089,86.29946968,44.92624735,69.10570532,15.19780668,12.84795243
11,111,13,11143,20,37,2037,2011,3711,203711,201,371,20371,119,5,1428.81928,24.67404594,2.044662548,87.0114713,45.00277001,70.07191029,15.91091306,10.87498284
11,111,13,11143,33,64,3364,3311,6411,336411,331,641,33641,120,5,1488.1592,25.6229354,2.404839563,85.71816375,46.04502421,67.85481044,16.17431854,11.17843716
11,111,13,11144,21,55,2155,2111,5511,215511,211,551,21551,121,5,1709.61208,24.93560141,2.183115003,86.05029657,45.26200262,69.65494044,16.24019396,12.16899006
11,111,13,11144,37,58,3758,3711,5811,375811,371,581,37581,122,5,2141.3952,25.72385945,2.465983175,85.09348324,45.82188004,68.20191331,16.02708562,14.26601452
11,111,13,11144,46,13,4613,4611,1311,461311,461,131,46131,123,5,1734.29992,24.01577383,2.122184973,87.28334829,44.25828375,71.3150158,17.34600555,11.63559825
11,111,13,11144,104,103,104103,10411,10311,10410311,1041,1031,1041031,124,5,1660.6168,25.21097166,2.367427578,85.32137273,45.23130447,68.72565982,15.86677807,13.28772139
11,111,13,11144,10,28,1028,1011,2811,102811,101,281,10281,125,5,1843.87624,24.1873916,2.271828551,86.07702881,45.06918536,69.43143279,16.77644239,12.72830931
11,111,13,11144,49,81,4981,4911,8111,498111,491,811,49811,126,5,1689.97096,24.689879,2.182390307,86.35618474,45.2566893,70.50980724,15.89236691,12.03029052
11,111,13,11144,48,73,4873,4811,7311,487311,481,731,48731,127,5,1722.01368,22.28501461,2.054535494,87.99048851,42.40716911,72.09287395,16.51992554,13.79574558
11,111,13,11144,15,68,1568,1511,6811,156811,151,681,15681,128,5,1791.81024,23.69410228,2.084615446,87.39195607,44.1577174,72.01223913,16.81242543,12.41063128
11,111,11,11145,32,8,328,3211,811,32811,321,81,3281,129,5,1767.83088,24.76077874,2.048216412,85.72386548,45.19580842,70.51412394,15.75719924,11.75258712
11,111,11,11145,62,41,6241,6211,4111,624111,621,411,62411,130,5,1626.2096,24.47764653,2.064738305,85.45512752,45.07059068,70.81543101,16.19882079,14.05088374
11,111,11,11145,53,11,5311,5311,1111,531111,531,111,53111,131,5,1662.0356,24.59889833,2.079450071,85.90884079,45.15832489,70.29804169,16.42678925,13.21438783
11,111,11,11145,39,17,3917,3911,1711,391711,391,171,39171,132,5,1511.48752,24.73703106,2.148834483,85.16401573,45.60661255,69.70971928,16.21055474,13.47157156
11,111,11,11145,82,21,8221,8211,2111,822111,821,211,82211,133,5,1730.0564,25.50024874,2.065468994,86.04260516,45.63348896,71.05561409,15.79864947,12.10466309
11,111,11,11145,62,85,6285,6211,8511,628511,621,851,62851,134,5,1757.74208,25.47583393,2.124413654,84.2410718,46.052945,68.89196844,15.75858456,13.05228048
11,111,11,11145,99,100,99100,9911,10011,9910011,991,1001,991001,135,5,1481.42736,24.37842744,2.139034872,86.42982146,44.59101555,69.74382511,16.66852029,13.56818121
11,111,11,11145,8,14,814,811,1411,81411,81,141,8141,136,5,1599.72336,24.78628326,2.037819265,85.75236334,45.07638835,70.59704941,16.49206142,12.63399685
11,111,12,11146,51,82,5182,5111,8211,518211,511,821,51821,137,5,1550.4344,24.42404059,2.100334092,87.22557562,44.54284352,70.71768918,16.20876398,14.76739332
11,111,12,11146,99,101,99101,9911,10111,9910111,991,1011,991011,138,5,1379.19904,24.74145148,2.067866707,86.41802391,44.7394945,70.28997755,15.28848944,13.43810907
11,111,12,11146,4,19,419,411,1911,41911,41,191,4191,139,5,1487.08384,25.63138991,2.231150256,85.65284389,46.39699386,68.14522675,15.07000508,13.68484531
11,111,12,11146,6,16,616,611,1611,61611,61,161,6161,140,5,1538.97368,23.1809401,2.048455712,87.44531347,44.87685516,71.01635891,15.90365912,12.2670893
11,111,12,11146,46,23,4623,4611,2311,462311,461,231,46231,141,5,1735.718,25.07215557,1.94015361,87.06040094,45.56487282,71.91964479,16.23343364,13.0077871
11,111,12,11146,26,70,2670,2611,7011,267011,261,701,26701,142,5,1549.24872,24.87264275,2.084636157,87.42229756,45.70887835,70.77089369,16.31062228,13.4352818
11,111,12,11146,15,46,1546,1511,4611,154611,151,461,15461,143,5,1602.53304,23.49160421,1.972673788,88.2748883,44.20640008,72.27147128,17.01134404,15.0847403
11,111,12,11146,44,64,4464,4411,6411,446411,441,641,44641,144,5,1746.25976,24.80468772,2.041071959,87.76002535,45.25474455,71.3192132,15.55985525,13.33089071
11,111,1,11147,53,26,5326,5311,2611,532611,531,261,53261,1,7,1377.672,24.53615919,1.958467214,86.96562156,45.54653237,71.61451025,16.57258787,12.81047155
11,111,1,11147,104,93,10493,10411,9311,1049311,1041,931,104931,2,7,1113.46056,24.24114926,2.013802155,86.36772071,44.52840041,70.85927634,17.30403829,12.59520895
11,111,1,11147,22,54,2254,2211,5411,225411,221,541,22541,3,7,1380.31392,24.69944151,2.00440781,86.62273097,45.14461404,71.13806023,16.86558329,11.25323017
11,111,1,11147,87,71,8771,8711,7111,877111,871,711,87711,4,7,1361.03672,23.99277695,1.939540956,87.25331446,44.47874107,71.46702706,16.4073375,12.64457673
11,111,1,11147,60,57,6057,6011,5711,605711,601,571,60571,5,7,1268.2896,23.72812014,1.912697571,87.65948351,44.08704501,72.31035424,16.89745667,13.11306955
11,111,1,11147,22,4,224,2211,411,22411,221,41,2241,6,7,1440.71032,24.27206192,1.922565608,87.04327166,44.81106868,72.14658541,17.06686536,12.03242511
11,111,1,11147,6,16,616,611,1611,61611,61,161,6161,7,7,1337.4184,23.79795656,1.921176574,87.34508412,44.06965997,72.42814383,16.68810258,12.02854332
11,111,1,11147,81,69,8169,8111,6911,816911,811,691,81691,8,7,1152.54848,23.07445638,1.84060983,88.84336937,42.88941398,73.51223806,16.8836017,12.32640441
11,111,4,11148,38,74,3874,3811,7411,387411,381,741,38741,9,7,1526.13848,23.52930451,1.85186942,87.87275246,44.31060087,72.59944906,15.14796618,14.25714649
11,111,4,11148,16,29,1629,1611,2911,162911,161,291,16291,10,7,1529.332,24.0196233,1.995430494,86.56674044,45.71958781,70.89198323,14.87646589,11.85738617
11,111,4,11148,54,30,5430,5411,3011,543011,541,301,54301,11,7,1373.0352,22.90374804,2.010387769,87.14466066,45.89864975,70.91298885,15.17404484,10.48596815
11,111,4,11148,72,76,7276,7211,7611,727611,721,761,72761,12,7,1485.10824,23.88801698,1.81095383,87.38932216,44.19388345,72.25858901,15.09619723,12.96424807
11,111,4,11148,16,42,1642,1611,4211,164211,161,421,16421,13,7,1484.56816,23.11920192,1.852912484,87.67323328,43.80176362,72.33690054,16.88532433,11.51657386
11,111,4,11148,100,102,100102,10011,10211,10010211,1001,1021,1001021,14,7,1481.66128,23.50235942,1.745599559,87.85825563,44.13856204,72.65935539,15.42897949,12.76719533
11,111,4,11148,66,12,6612,6611,1211,661211,661,121,66121,15,7,1439.10952,23.43057669,1.755436651,88.92633365,43.52316346,73.54209144,15.68796257,14.22014248
11,111,5,11148,79,41,7941,7911,4111,794111,791,411,79411,16,7,1510.7736,25.22932438,2.061458577,85.75230243,45.38203684,69.48890417,15.39710796,13.06527162
11,111,5,11149,28,79,2879,2811,7911,287911,281,791,28791,17,7,1753.88304,24.29059724,2.128181773,85.50128109,45.43798288,68.97379983,14.49296424,14.04011299
11,111,5,11149,72,80,7280,7211,8011,728011,721,801,72801,18,7,1715.13688,24.28879306,1.949663655,87.12586971,43.39571269,72.03822881,14.31907065,16.01764115
11,111,5,11149,77,82,7782,7711,8211,778211,771,821,77821,19,7,1688.80464,23.98498827,2.004052016,86.55243544,44.55946081,71.90020355,14.91054318,13.80213273
11,111,5,11149,25,30,2530,2511,3011,253011,251,301,25301,20,7,1507.57176,24.38901874,2.070985195,85.93762856,44.90657603,71.20216342,14.76747899,14.74884589
11,111,5,11149,36,66,3666,3611,6611,366611,361,661,36661,21,7,1557.75824,24.27045707,2.024607212,87.05510619,43.87960574,71.76072708,15.76434901,16.10646235
11,111,5,11149,84,39,8439,8411,3911,843911,841,391,84391,22,7,1483.18528,24.39341166,2.088878936,87.41559815,44.06902969,71.16246364,15.20705449,15.14569196
11,111,5,11149,8,9,89,811,911,8911,81,91,891,23,7,1628.8652,24.6285528,2.006401574,86.37570758,44.58803971,70.40634915,14.87998121,16.33034856
11,111,5,11149,86,40,8640,8611,4011,864011,861,401,86401,24,7,1615.85824,25.16836283,1.995925035,85.43101902,44.30597945,69.1558037,14.92351283,16.83466491
11,111,5,11150,99,102,99102,9911,10211,9910211,991,1021,991021,25,7,1525.82216,24.68199926,2.056336259,86.97268131,44.12725813,70.1248412,15.3416888,13.8643965
11,111,5,11150,82,49,8249,8211,4911,824911,821,491,82491,26,7,1504.9976,24.07341868,1.959721133,87.83827291,43.98080786,72.94857879,14.52741939,14.63843017
11,111,5,11150,45,69,4569,4511,6911,456911,451,691,45691,27,7,1237.64304,24.37751077,1.996718848,87.12977908,44.06868065,71.80903112,14.86249245,15.87524151
11,111,5,11150,24,3,243,2411,311,24311,241,31,2431,28,7,1483.82928,24.49292788,1.907889732,87.86770251,44.04394783,73.56262619,14.79920405,15.4383702
11,111,5,11150,73,76,7376,7311,7611,737611,731,761,73761,29,7,1497.82592,23.3091609,1.930760635,87.50818808,42.22276245,72.34244719,14.6750811,19.44260406
11,111,6,11150,29,70,2970,2911,7011,297011,291,701,29701,30,7,1585.95752,-999,2.199524102,85.6975036,45.08503936,69.31210337,14.23746131,15.52579979
11,111,6,11150,90,92,9092,9011,9211,909211,901,921,90921,31,7,1535.84464,26.05818381,2.216922675,83.3005283,48.12843102,69.17330142,14.17167782,12.90071673
11,111,6,11150,91,92,9192,9111,9211,919211,911,921,91921,32,7,1765.08504,27.55996561,2.53258424,81.40449458,49.84593641,63.86033798,14.60284039,11.21242115
11,111,2,11151,10,79,1079,1011,7911,107911,101,791,10791,33,7,1548.61624,24.1398858,2.015684331,86.72587225,44.02908826,70.99323551,16.62004205,11.16857052
11,111,2,11151,82,55,8255,8211,5511,825511,821,551,82551,34,7,1568.49128,24.85896584,2.08959247,86.6515523,44.9898818,71.26392303,16.87558429,10.0080619
11,111,2,11151,79,86,7986,7911,8611,798611,791,861,79861,35,7,1583.28112,24.80671187,2.041694235,86.16994018,45.31692531,70.14658214,16.17702463,10.35683061
11,111,2,11151,56,33,5633,5611,3311,563311,561,331,56331,36,7,1417.90696,24.62298463,2.085629411,86.42041691,45.39863757,70.66372585,17.31527567,11.17134272
11,111,2,11151,30,7,307,3011,711,30711,301,71,3071,37,7,1607.31072,24.42226283,2.00088477,86.94022417,44.59675111,70.62463832,16.78368776,10.03830804
11,111,2,11151,15,3,153,1511,311,15311,151,31,1531,38,7,1601.73704,23.97456945,2.020083264,86.76506112,44.61488904,70.12683656,16.75285613,11.00243157
11,111,2,11151,88,29,8829,8811,2911,882911,881,291,88291,39,7,1404.4848,24.47764894,2.018696439,87.00776796,44.66003454,71.5942429,16.59889866,11.76445216
11,111,2,11151,45,10,4510,4511,1011,451011,451,101,45101,40,7,1374.43344,24.70756253,2.095991361,86.35409432,45.25564674,70.64469301,16.42326663,11.36581018
11,111,9,11152,50,81,5081,5011,8111,508111,501,811,50811,41,7,1452.04968,23.54973931,1.921212848,87.05982621,43.27645214,72.25773605,16.41625366,13.07030004
11,111,9,11152,104,101,104101,10411,10111,10410111,1041,1011,1041011,42,7,1621.63536,24.72213611,2.03233758,86.89889712,44.29389236,70.72862494,16.11935791,12.35750758
11,111,9,11152,80,81,8081,8011,8111,808111,801,811,80811,43,7,1465.09576,23.01441458,1.890212616,86.92894289,42.95044472,72.16843106,16.68444366,13.56444737
11,111,10,11152,89,100,89100,8911,10011,8910011,891,1001,891001,44,7,1489.32928,22.53260414,1.860638424,87.64166569,43.24296565,72.20100339,16.07598205,13.2552994
11,111,10,11152,81,10,8110,8111,1011,811011,811,101,81101,45,7,1612.85712,22.19618871,1.854144875,87.86985211,43.64942909,73.04298757,15.26549307,14.18567486
11,111,10,11152,56,83,5683,5611,8311,568311,561,831,56831,46,7,1516.65504,22.88505462,1.940779344,87.35355715,44.34506653,72.0913826,15.08471622,13.21522621
11,111,10,11152,70,72,7072,7011,7211,707211,701,721,70721,47,7,1677.56584,23.32312768,1.938785877,87.38057491,44.45376837,72.11627544,14.98783414,11.85257509
11,111,10,11152,51,6,516,5111,611,51611,511,61,5161,48,7,1640.728,23.34403692,1.986326388,87.30179112,44.3544348,72.05019353,14.92679738,12.40284349
11,111,10,11153,87,57,8757,8711,5711,875711,871,571,87571,49,7,1490.40776,24.25874392,1.980408122,86.77018314,44.26961746,71.24176689,15.70071225,12.75534554
11,111,10,11153,47,2,472,4711,211,47211,471,21,4721,50,7,1655.744,25.68484812,2.153817556,85.44005667,45.60577783,68.74785079,16.02183448,12.55543295
11,111,10,11153,79,86,7986,7911,8611,798611,791,861,79861,51,7,1652.09432,25.43965922,2.143942381,85.20519106,45.7093831,69.21485802,15.6824812,12.80569852
11,111,10,11153,64,43,6443,6411,4311,644311,641,431,64431,52,7,1666.00288,25.61626963,2.069953052,84.96472369,45.55059294,69.07772869,14.42992673,12.71382002
11,111,10,11153,18,68,1868,1811,6811,186811,181,681,18681,53,7,1642.64944,25.18899319,2.053501924,85.33684635,45.45081703,69.60252406,14.73845536,12.98688009
11,111,10,11153,61,54,6154,6111,5411,615411,611,541,61541,54,7,1824.46368,25.93712397,2.255311857,83.53203886,46.3549664,66.77867218,14.22645688,12.37824015
11,111,10,11153,82,49,8249,8211,4911,824911,821,491,82491,55,7,1606.05224,24.45116193,1.919949347,87.30190271,44.38524462,72.70057116,14.68955267,11.88089124
11,111,10,11153,38,74,3874,3811,7411,387411,381,741,38741,56,7,1751.958,23.29263471,1.728996072,88.50924482,43.09075435,74.34151225,15.72772625,11.97343409
11,111,10,11154,68,23,6823,6811,2311,682311,681,231,68231,57,7,1838.5876,26.54725068,2.192081524,83.39507572,47.3790043,67.26198448,14.60525602,11.56229202
11,111,10,11154,90,91,9091,9011,9111,909111,901,911,90911,58,7,1786.6664,23.99527726,1.935276792,86.26589733,44.30503919,72.24856501,14.22169607,12.50764347
11,111,10,11154,62,86,6286,6211,8611,628611,621,861,62861,59,7,1784.68848,25.38371065,2.119523979,85.50541464,46.35751869,70.29067848,14.59944432,12.31889436
11,111,10,11154,50,24,5024,5011,2411,502411,501,241,50241,60,7,1522.6072,24.331685,2.03811885,86.55804105,44.76547035,71.5983886,15.01548962,12.94580191
11,111,10,11154,6,20,620,611,2011,62011,61,201,6201,61,7,1601.48664,25.51233886,2.121802568,85.2416388,46.18563194,69.17510966,15.0184822,12.29490966
11,111,10,11154,60,56,6056,6011,5611,605611,601,561,60561,62,7,1661.93952,25.1220007,2.041470913,86.11186844,45.77121049,71.14627994,15.17035901,12.1606794
11,111,10,11154,75,54,7554,7511,5411,755411,751,541,75541,63,7,1620.5808,24.99393803,2.121846969,85.17960471,45.40803117,68.8355158,14.43751448,13.490135
11,111,10,11154,92,93,9293,9211,9311,929311,921,931,92931,64,7,1874.12968,27.66842945,2.611647363,83.02178131,48.32230296,64.8232628,14.74366835,12.1761344
11,111,3,11155,2,50,250,211,5011,25011,21,501,2501,65,7,1416.51664,24.59641718,2.123460287,85.79511852,45.17690441,70.19487417,15.95208138,12.44388087
11,111,3,11155,50,18,5018,5011,1811,501811,501,181,50181,66,7,1455.84088,24.25212461,2.065582577,86.66871854,44.3539485,71.99808514,15.80254944,12.54838899
11,111,3,11155,62,85,6285,6211,8511,628511,621,851,62851,67,7,1511.29496,24.75140089,2.125138123,85.56422827,45.20462613,69.60092475,15.94931177,12.34327373
11,111,3,11155,21,83,2183,2111,8311,218311,211,831,21831,68,7,1584.43776,24.27454157,2.030515367,86.69593345,44.96992993,71.40735164,16.15555095,11.41468011
11,111,3,11155,97,101,97101,9711,10111,9710111,971,1011,971011,69,7,1638.52584,24.415765,1.995412535,87.60929338,45.1826485,72.38156622,16.20454569,10.78045905
11,111,3,11155,18,15,1815,1811,1511,181511,181,151,18151,70,7,1489.128,23.98183044,2.000282462,87.20554455,44.49565045,71.70874791,15.98916415,12.01011618
11,111,3,11155,93,94,9394,9311,9411,939411,931,941,93941,71,7,1359.97312,24.14189044,2.10618322,86.59470733,44.12972984,70.3852976,16.77062056,12.29156953
11,111,3,11155,9,74,974,911,7411,97411,91,741,9741,72,7,1511.60712,23.61667843,1.996085889,86.91240013,44.0856727,70.98197671,15.97544557,14.43520461
11,111,7,11156,69,28,6928,6911,2811,692811,691,281,69281,73,7,1475.70512,24.58001261,2.151217241,85.53537094,46.24410594,69.10274529,15.15933193,11.58847606
11,111,7,11156,10,28,1028,1011,2811,102811,101,281,10281,74,7,1611.17328,23.62750826,2.091658012,85.88258947,44.90457133,70.50477756,16.49435864,12.15467309
11,111,7,11156,44,8,448,4411,811,44811,441,81,4481,75,7,1605.58136,25.48022586,2.332309526,84.58140064,46.87719906,66.80465107,16.6327197,12.90593891
11,111,7,11156,89,91,8991,8911,9111,899111,891,911,89911,76,7,1602.20712,23.84427335,2.042720615,87.24653884,44.25144265,71.32817536,16.32161395,12.39195185
11,111,7,11156,83,55,8355,8311,5511,835511,831,551,83551,77,7,1606.42496,25.17754655,2.116087334,85.32602394,46.79782425,70.2750756,16.01700822,12.18713328
11,111,7,11156,53,58,5358,5311,5811,535811,531,581,53581,78,7,1493.66752,25.25378738,2.293569079,84.89886271,45.85147864,68.03155443,16.3425669,12.24112522
11,111,7,11156,16,37,1637,1611,3711,163711,161,371,16371,79,7,1807.45824,24.64612349,2.104051928,87.12968751,44.02698504,71.37026527,16.54217371,11.48103254
11,111,7,11156,18,47,1847,1811,4711,184711,181,471,18471,80,7,1617.9452,25.4759649,2.2402374,86.62006699,46.21912125,70.56357853,16.28669897,13.13191035
11,111,7,11157,22,61,2261,2211,6111,226111,221,611,22611,81,7,1925.97576,26.73238856,2.506680222,83.02548538,48.50062851,64.34818997,15.62152519,10.53818957
11,111,7,11157,41,40,4140,4111,4011,414011,411,401,41401,82,7,1384.97112,24.06543988,2.11447273,87.63557199,44.77462421,71.47387317,16.95070576,13.60894384
11,111,7,11157,24,47,2447,2411,4711,244711,241,471,24471,83,7,1451.26072,24.37855983,2.150792767,85.94126266,45.11254364,69.85381314,16.26959376,13.06324638
11,111,7,11157,21,45,2145,2111,4511,214511,211,451,21451,84,7,1582.982,24.9002961,2.091188823,85.43017589,45.5677906,70.5016576,15.98707389,12.07230878
11,111,7,11157,55,10,5510,5511,1011,551011,551,101,55101,85,7,1560.03664,24.3510685,2.331438638,86.01415092,44.16167109,70.84645709,17.03030967,13.96213168
11,111,7,11157,65,7,657,6511,711,65711,651,71,6571,86,7,1906.57152,24.66786982,2.279893929,86.00092295,45.58827164,69.78205031,16.09543936,11.04746691
11,111,7,11157,87,73,8773,8711,7311,877311,871,731,87731,87,7,1682.73328,23.94252126,2.191112075,87.28107665,43.72297089,70.04294991,16.40017432,12.80969321
11,111,7,11158,37,53,3753,3711,5311,375311,371,531,37531,89,7,1668.2016,25.10956898,2.134813105,85.28705403,45.84576605,69.19882023,16.55162252,10.36235902
11,111,7,11158,78,9,789,7811,911,78911,781,91,7891,90,7,1517.9456,23.76004771,2.063488229,88.02644438,43.70785656,71.75806798,16.73857384,12.751077
11,111,7,11158,11,77,1177,1111,7711,117711,111,771,11771,91,7,1664.7216,24.20999229,2.124868364,86.84202422,43.9044975,71.28139556,16.55638607,12.10159287
11,111,7,11158,96,98,9698,9611,9811,969811,961,981,96981,92,7,1358.24592,23.79276307,2.201289667,85.8547014,44.23913155,69.59672443,16.18783479,12.47937692
11,111,7,11158,29,70,2970,2911,7011,297011,291,701,29701,93,7,1485.68864,24.81525911,2.307424816,85.62783473,45.92089172,68.09149591,16.12846399,12.33472715
11,111,7,11158,60,87,6087,6011,8711,608711,601,871,60871,94,7,1634.10584,25.00582889,2.408069966,85.25320171,46.80551536,67.74220729,16.12995185,11.04600966
11,111,7,11158,38,14,3814,3811,1411,381411,381,141,38141,95,7,1647.6732,23.33899275,2.10884086,86.82242326,43.6644978,71.83470597,16.25665479,10.88436227
11,111,7,11158,37,26,3726,3711,2611,372611,371,261,37261,96,7,1779.31376,26.17848392,2.40268407,83.45451515,48.62967938,65.90020791,15.91129109,10.92795725
11,111,11,11159,49,77,4977,4911,7711,497711,491,771,49771,97,7,1580.2588,23.61042995,2.122331852,86.53784133,44.00376043,70.0930755,16.59605059,12.89151612
11,111,11,11159,1,43,143,111,4311,14311,11,431,1431,98,7,1593.16328,24.34187082,2.19876267,85.82126308,45.1104442,69.33586273,16.24474782,12.58227518
11,111,11,11159,92,94,9294,9211,9411,929411,921,941,92941,99,7,1633.71896,26.29568033,2.277251207,84.01476596,47.59247085,67.72797792,16.10384278,10.28289352
11,111,11,11159,55,45,5545,5511,4511,554511,551,451,55451,100,7,1490.87952,24.72764819,2.164001222,85.78097106,45.42660981,70.40832308,16.65131848,11.22175807
11,111,11,11159,44,1,441,4411,111,44111,441,11,4411,101,7,1390.8384,23.86050329,2.121986331,86.43139531,44.35385061,70.92885297,16.5552471,12.24840729
11,111,11,11159,80,81,8081,8011,8111,808111,801,811,80811,102,7,1401.09736,23.418448,2.071689801,87.16773226,44.18415646,72.5482282,17.03986312,12.35415249
11,111,11,11159,19,65,1965,1911,6511,196511,191,651,19651,103,7,1612.0788,27.2355158,2.467105768,82.82228802,49.00979414,66.56536154,15.65067457,11.08151064
11,111,11,11159,32,64,3264,3211,6411,326411,321,641,32641,104,7,1448.85256,24.49412725,2.179464472,86.03534841,45.19434835,70.48671871,16.50758046,11.55219235
11,111,8,11160,47,68,4768,4711,6811,476811,471,681,47681,105,7,1709.7164,24.9123889,2.202463212,86.62456665,45.63691754,71.03480401,16.17791354,10.98740176
11,111,8,11160,42,26,4226,4211,2611,422611,421,261,42261,106,7,1481.93824,24.56914475,2.259494827,86.1704275,45.35860399,69.40899159,16.10798782,11.69563479
11,111,8,11160,8,14,814,811,1411,81411,81,141,8141,107,7,1522.17168,24.68806849,2.225025982,85.8861054,45.39119585,70.13447985,16.42488232,10.68524958
11,111,8,11160,12,4,124,1211,411,12411,121,41,1241,108,7,1640.29872,24.97533261,2.288586384,85.24880834,46.85426696,67.6439915,18.20610469,9.626691588
11,111,8,11160,23,60,2360,2311,6011,236011,231,601,23601,109,7,1636.74736,24.92374257,2.164252473,86.19619823,45.03031711,71.09740862,16.79294521,11.64665664
11,111,8,11160,38,14,3814,3811,1411,381411,381,141,38141,110,7,1714.03944,23.44632029,2.075252057,87.33575534,44.86449394,71.38862057,16.51505246,11.10611569
11,111,8,11160,96,99,9699,9611,9911,969911,961,991,96991,111,7,1457.28064,25.54373624,2.405906134,85.18856479,46.23805058,68.73396373,15.7881979,11.88010994
11,111,8,11160,14,36,1436,1411,3611,143611,141,361,14361,112,7,1716.61248,24.80129437,2.211990334,86.1470787,45.89489427,69.5779492,16.45856841,11.71376551
11,111,13,11161,83,3,833,8311,311,83311,831,31,8331,113,7,1673.93992,24.97818096,2.243443719,85.89877551,45.72153205,69.92315562,15.8970229,12.85195048
11,111,13,11161,18,3,183,1811,311,18311,181,31,1831,114,7,1716.72128,25.48124396,2.332885521,85.79610253,45.80143877,69.11618226,16.06299422,11.50156048
11,111,13,11161,57,73,5773,5711,7311,577311,571,731,57731,115,7,1653.27088,23.36421581,2.034693645,87.80343968,43.35292138,71.7190995,16.31753918,12.66281939
11,111,13,11161,68,3,683,6811,311,68311,681,31,6831,116,7,1822.00632,25.35155923,2.271764046,85.9557208,45.22642407,69.32852407,16.54106006,11.44775082
11,111,13,11161,89,90,8990,8911,9011,899011,891,901,89901,117,7,1758.83872,23.45745483,2.035035656,87.93945494,42.69038161,70.65193332,16.04232399,13.3361215
11,111,13,11161,34,62,3462,3411,6211,346211,341,621,34621,118,7,1736.94736,25.36605835,2.290808968,85.61365343,45.72108881,67.84487467,15.53279583,12.37855884
11,111,13,11161,74,59,7459,7411,5911,745911,741,591,74591,119,7,1846.12168,23.60540846,2.052228936,87.85302624,43.02043823,71.51413885,16.11010942,12.9694293
11,111,13,11161,90,102,90102,9011,10211,9010211,901,1021,901021,120,7,1981.12112,25.09039949,2.291351945,85.80422522,44.63822221,68.59983749,15.15849901,13.89022526
11,111,13,11162,63,36,6336,6311,3611,633611,631,361,63361,121,7,1754.6224,25.09360503,2.126580572,87.14151487,44.87776377,70.19591623,15.78425946,11.82544865
11,111,13,11162,68,60,6860,6811,6011,686011,681,601,68601,122,7,1699.6568,24.63489257,2.179864267,86.47035956,45.40382599,69.57040087,15.11279024,11.96118054
11,111,13,11162,13,71,1371,1311,7111,137111,131,711,13711,123,7,1712.85216,24.51976978,2.175127266,86.37643703,45.08148241,69.30194936,16.21903197,12.59920903
11,111,13,11162,12,84,1284,1211,8411,128411,121,841,12841,124,7,1574.0792,23.69084814,2.092945283,87.4802117,44.64834359,70.15550376,16.61254668,12.26605819
11,111,13,11162,27,63,2763,2711,6311,276311,271,631,27631,125,7,1773.23248,25.80947759,2.289977793,85.67644246,46.29262202,69.84030346,16.22916294,11.51209872
11,111,13,11162,70,77,7077,7011,7711,707711,701,771,70771,126,7,1681.73152,23.9637311,2.254336556,86.11611473,44.17158266,69.88117128,15.71583819,13.29438947
11,111,13,11162,52,36,5236,5211,3611,523611,521,361,52361,127,7,1771.61312,24.34838392,2.337019529,86.01043743,44.74283496,69.18335215,16.21082131,13.01175777
11,111,13,11162,5,66,566,511,6611,56611,51,661,5661,128,7,1755.62208,25.00740344,2.210337159,85.90195016,45.59526747,69.93800076,15.73873801,12.05536596
11,111,11,11163,63,59,6359,6311,5911,635911,631,591,63591,129,7,1752.3888,25.75159517,2.23414972,84.65287977,46.84901569,69.56132826,15.76583713,11.18800049
11,111,11,11163,69,28,6928,6911,2811,692811,691,281,69281,130,7,1655.50128,23.7011251,2.0750817,86.95994331,43.89879103,71.17297793,16.38955799,12.16568283
11,111,11,11163,31,4,314,3111,411,31411,311,41,3141,131,7,1634.68816,25.15297972,2.116538558,85.41399216,45.59798112,70.21859416,15.8557584,12.08788565
11,111,11,11163,34,85,3485,3411,8511,348511,341,851,34851,132,7,1609.282,24.90849025,2.145337035,84.88342263,45.5605603,69.21131459,16.60866523,12.56603972
11,111,11,11163,37,53,3753,3711,5311,375311,371,531,37531,133,7,1595.412,24.65592149,2.030305544,85.83543782,44.81620108,70.84894261,16.03698225,12.58583841
11,111,11,11163,6,42,642,611,4211,64211,61,421,6421,134,7,1546.9284,24.6498013,2.039628704,86.52448019,44.94203737,70.86369471,16.71977108,12.11833499
11,111,11,11163,8,9,89,811,911,8911,81,91,891,135,7,1653.28936,24.9360468,2.054258094,85.82821738,45.18134298,70.42246012,16.12398814,13.31592643
11,111,11,11163,70,76,7076,7011,7611,707611,701,761,70761,136,7,1575.54448,24.66061918,2.098675155,86.20690884,44.79341533,70.04517054,16.36720202,12.75085839
11,111,12,11164,36,66,3666,3611,6611,366611,361,661,36661,137,7,1644.9888,24.65113574,2.046004088,87.03206592,44.88825351,70.73233392,16.35234423,14.45805544
11,111,12,11164,91,103,91103,9111,10311,9110311,911,1031,911031,138,7,1635.592,24.07573056,2.007019823,86.73910977,44.93152942,70.92055404,15.77128766,13.2494931
11,111,12,11164,55,79,5579,5511,7911,557911,551,791,55791,139,7,1613.83408,24.48818497,2.014276967,86.98618402,44.19283554,70.80122442,15.58822358,13.37675725
11,111,12,11164,24,3,243,2411,311,24311,241,31,2431,140,7,1687.9544,22.38164353,1.849295394,87.94450795,43.70170913,71.99522052,15.78830882,11.85393952
11,111,12,11164,27,36,2736,2711,3611,273611,271,361,27361,141,7,1470.03632,23.10977765,1.977968675,88.21316362,43.61208232,72.77862166,16.92766186,12.96275046
11,111,12,11164,34,41,3441,3411,4111,344111,341,411,34411,142,7,1626.14168,23.88688931,1.926495622,87.88365338,44.17227291,72.12368554,15.80238346,13.53767247
11,111,12,11164,52,5,525,5211,511,52511,521,51,5251,143,7,1542.99792,25.3491746,2.026333495,86.95145832,45.83845682,71.2400937,15.90001763,13.41847381
11,111,12,11164,44,64,4464,4411,6411,446411,441,641,44641,144,7,1571.34448,25.06823407,1.87757582,87.06118204,45.58373667,71.44433556,15.10933983,13.13308026
11,112,1,1121,93,94,9394,9311,9411,939411,932,942,93942,1,2,1461.28,24.29610681,2.084015663,86.84904059,44.9318923,70.56375176,18.29247381,11.91712576
11,112,1,1121,45,69,4569,4511,6911,456911,452,692,45692,2,2,1438.77656,24.47150596,2.078232595,86.25716108,46.0613682,70.90605729,17.29134569,12.27569668
11,112,1,1121,84,4,844,8411,411,84411,842,42,8442,3,2,1584.79968,24.9747323,2.123652253,86.03192884,45.85794777,69.95936133,17.33352251,11.82788661
11,112,1,1121,10,79,1079,1011,7911,107911,102,792,10792,4,2,1579.43808,23.8479761,2.006724943,87.04659049,44.47992508,71.15192936,17.52476741,12.64626426
11,112,1,1121,30,67,3067,3011,6711,306711,302,672,30672,5,2,1532.64696,24.30274941,1.963406302,87.28013235,45.11974929,71.61610056,17.93905819,12.27847409
11,112,1,1121,6,16,616,611,1611,61611,62,162,6162,6,2,1745.64456,24.31538326,2.007724552,86.51873863,44.53144884,70.18783904,17.09683403,11.87896772
11,112,1,1121,23,71,2371,2311,7111,237111,232,712,23712,7,2,1665.00728,24.86083834,2.083799893,86.07563048,45.95308172,69.5089739,17.77222541,10.49311492
11,112,1,1121,81,69,8169,8111,6911,816911,812,692,81692,8,2,1460.33856,23.7128684,1.924696424,87.53107377,44.50024447,71.91135262,17.83200152,11.99448745
11,112,4,1122,53,11,5311,5311,1111,531111,532,112,53112,9,2,1735.71848,24.13886193,2.06589185,87.12327351,45.75411018,70.82961297,15.89930514,10.71776359
11,112,4,1122,84,39,8439,8411,3911,843911,842,392,84392,10,2,1588.24152,23.60613253,2.060229871,86.16657426,44.99853062,69.80142764,15.90123063,12.50242576
11,112,4,1122,30,51,3051,3011,5111,305111,302,512,30512,11,2,1580.4816,22.85963456,2.082327865,86.14130574,45.30677999,70.33636907,15.95233821,10.77707851
11,112,4,1122,30,7,307,3011,711,30711,302,72,3072,12,2,1707.21168,24.51961677,1.864652932,87.42378362,44.7392092,71.96327166,16.33214071,12.19163934
11,112,4,1122,17,88,1788,1711,8811,178811,172,882,17882,13,2,1646.23296,24.22535114,1.92745638,86.30651315,44.91214081,71.18058989,16.41984756,12.17352507
11,112,4,1122,2,13,213,211,1311,21311,22,132,2132,14,2,1742.34792,24.35542916,1.958931104,86.42096537,45.6598258,70.98939213,16.63534883,11.41783487
11,112,4,1122,13,73,1373,1311,7311,137311,132,732,13732,15,2,1752.20032,23.64907216,1.777613439,87.74462164,44.45022396,72.61674656,16.61545704,13.48825484
11,112,5,1122,29,32,2932,2911,3211,293211,292,322,29322,16,2,1628.3576,24.26047103,2.051340652,86.22868788,45.33798257,70.16049799,15.12606942,12.77464732
11,112,5,1123,59,31,5931,5911,3111,593111,592,312,59312,17,2,1744.39664,23.67464621,2.094127495,86.18686987,44.92688502,70.97149034,15.32232326,12.29369078
11,112,5,1123,74,36,7436,7411,3611,743611,742,362,74362,18,2,1916.72912,25.00589177,2.092226557,84.79904331,46.09233011,68.28641807,14.88493047,13.8124692
11,112,5,1123,91,103,91103,9111,10311,9110311,912,1032,911032,19,2,1715.21408,24.11708791,1.991986365,86.28377441,44.36063827,70.33700693,16.04264292,14.62260238
11,112,5,1123,97,98,9798,9711,9811,979811,972,982,97982,20,2,1628.06432,24.04664584,2.018045855,87.37375217,42.76735576,71.34970659,15.08364245,15.42931644
11,112,5,1123,15,68,1568,1511,6811,156811,152,682,15682,21,2,1721.97776,24.22818327,1.948054332,87.40682099,43.33094403,70.85028942,15.34373168,15.85115623
11,112,5,1123,63,36,6336,6311,3611,633611,632,362,63362,22,2,1851.11392,24.34780873,1.981912806,87.38125742,44.14952108,71.93645393,15.52807299,16.02132106
11,112,5,1123,15,46,1546,1511,4611,154611,152,462,15462,23,2,1548.06544,23.68387681,1.900473408,88.12596534,43.24129968,73.51316607,16.29138708,14.54529693
11,112,5,1123,28,79,2879,2811,7911,287911,282,792,28792,24,2,1811.0584,24.76824863,2.150715002,85.55254586,45.07338898,69.54689381,15.19510808,14.95095063
11,112,5,1124,81,28,8128,8111,2811,812811,812,282,81282,25,2,1727.7176,24.72008224,2.066313468,86.56728556,45.3526778,70.46945258,14.1393207,14.15859521
11,112,5,1124,59,12,5912,5911,1211,591211,592,122,59122,26,2,1806.21968,25.06052998,2.051628329,86.16349071,44.73387813,70.07298731,14.47613983,13.63485873
11,112,5,1124,104,92,10492,10411,9211,1049211,1042,922,104922,27,2,1857.05168,25.85180043,2.168154201,85.34343826,47.00948167,68.30259957,14.76812573,15.1136302
11,112,5,1124,82,49,8249,8211,4911,824911,822,492,82492,28,2,1680.3104,24.24989344,1.809151222,87.64775324,43.75362277,73.33088591,14.89335653,15.01599908
11,112,5,1124,47,2,472,4711,211,47211,472,22,4722,29,2,1743.62768,25.96858149,2.035444577,85.48342667,45.38884272,69.3286853,14.60488699,16.02969549
11,112,6,1124,58,11,5811,5811,1111,581111,582,112,58112,30,2,1558.02328,24.4422502,1.934043212,85.64437875,44.77065728,70.71091903,15.68814698,13.17105007
11,112,6,1124,12,84,1284,1211,8411,128411,122,842,12842,31,2,1569.57872,24.39757313,1.908203909,86.62510787,45.17589557,72.48659782,14.8789256,12.99004782
11,112,6,1124,104,91,10491,10411,9111,1049111,1042,912,104912,32,2,1616.20504,24.92990397,2.050540572,85.28261535,45.40592804,70.80652586,15.03124235,14.38921291
11,112,2,1125,76,21,7621,7611,2111,762111,762,212,76212,33,2,1748.48288,24.35068617,1.971431835,86.64527951,44.95426674,71.05798173,17.99496718,9.667676286
11,112,2,1125,2,87,287,211,8711,28711,22,872,2872,34,2,1637.9884,24.41949559,2.195033853,85.75569266,45.72767913,68.82171111,17.57035306,11.29380683
11,112,2,1125,104,101,104101,10411,10111,10410111,1042,1012,1041012,35,2,1558.52432,25.05658318,2.189505631,84.96160074,45.82481364,68.2163975,17.59218618,9.705230509
11,112,2,1125,89,92,8992,8911,9211,899211,892,922,89922,36,2,1885.1844,25.09777203,2.124816602,85.90269125,45.74945616,69.17683232,17.03050716,9.443313635
11,112,2,1125,50,80,5080,5011,8011,508011,502,802,50802,37,2,1619.87936,23.2360811,1.936899755,87.28607184,43.39450723,71.11976861,17.90282998,12.15841966
11,112,2,1125,79,86,7986,7911,8611,798611,792,862,79862,38,2,1755.7344,24.68395199,2.025297392,86.22742629,45.2971372,70.20311929,17.32970819,10.34867394
11,112,2,1125,24,3,243,2411,311,24311,242,32,2432,39,2,1651.00352,24.09793433,2.055559285,86.64139554,45.22798045,70.76202175,17.15159266,10.78250386
11,112,2,1125,61,25,6125,6111,2511,612511,612,252,61252,40,2,1621.62304,25.38521542,2.193939712,85.84534915,45.81891159,70.68500955,17.26277287,10.78345788
11,112,9,1126,19,30,1930,1911,3011,193011,192,302,19302,41,2,1838.97888,26.89276382,2.456435445,85.03680687,45.57339091,66.2884089,17.25054579,10.37271789
11,112,9,1126,7,35,735,711,3511,73511,72,352,7352,42,2,1990.62896,24.70431193,1.985535271,86.37323617,44.71966992,70.76889924,16.38445823,11.37156686
11,112,9,1126,21,83,2183,2111,8311,218311,212,832,21832,43,2,1925.8128,24.19487512,2.017205732,85.69837562,44.76061688,69.86685897,16.8394406,10.87574782
11,112,10,1126,90,91,9091,9011,9111,909111,902,912,90912,44,2,1785.8456,23.4903584,1.88346074,86.92720273,43.95236248,70.57000772,17.41187062,12.33520418
11,112,10,1126,63,59,6359,6311,5911,635911,632,592,63592,45,2,1948.84224,23.7560499,2.018781296,86.28558447,45.59137082,68.54808291,16.01642173,11.98813012
11,112,10,1126,62,85,6285,6211,8511,628511,622,852,62852,46,2,1745.39168,24.03265657,2.024353063,86.76048105,45.13169646,70.50286639,15.62983917,12.46806244
11,112,10,1126,8,14,814,811,1411,81411,82,142,8142,47,2,1696.37208,23.08946114,1.973871229,87.09967621,44.24444588,71.13027495,16.38333969,12.36533784
11,112,10,1126,76,83,7683,7611,8311,768311,762,832,76832,48,2,1766.03904,23.0220814,1.980284413,86.79171227,45.03858464,70.6916487,15.86874648,11.57987061
11,112,10,1127,39,25,3925,3911,2511,392511,392,252,39252,49,2,1564.79504,23.49602797,2.067755122,85.92768426,44.25097713,70.42336524,17.15038898,13.30852053
11,112,10,1127,3,46,346,311,4611,34611,32,462,3462,50,2,1880.45456,23.72758192,1.959307471,86.82658049,44.28909689,70.38084451,16.33661344,12.70205401
11,112,10,1127,5,66,566,511,6611,56611,52,662,5662,51,2,1873.26152,23.91395368,1.911815079,87.7404224,44.35065018,71.7482766,16.68943135,12.64723102
11,112,10,1127,1,8,18,111,811,1811,12,82,182,52,2,2102.69416,25.53845569,2.307514133,84.03626305,46.32636981,67.36953855,16.07613694,13.55007198
11,112,10,1127,56,32,5632,5611,3211,563211,562,322,56322,53,2,1853.91312,24.77111445,2.021361285,84.77734434,45.59344499,69.38383416,15.8341189,12.66195814
11,112,10,1127,96,97,9697,9611,9711,969711,962,972,96972,54,2,1668.04432,24.4522254,2.044471604,85.21253958,45.49818117,70.16028769,15.33185115,12.69696826
11,112,10,1127,57,71,5771,5711,7111,577111,572,712,57712,55,2,1678.98688,24.66169528,2.016251175,85.77537187,44.9485968,70.17169976,15.83718745,12.68600022
11,112,10,1127,91,94,9194,9111,9411,919411,912,942,91942,56,2,1723.92432,24.92472864,2.011763714,86.24831708,45.35414615,70.51973151,15.67653443,11.6171429
11,112,10,1128,93,96,9396,9311,9611,939611,932,962,93962,57,2,1564.09848,24.45904584,2.102152913,85.67208803,44.36425393,69.62000716,16.66465412,12.32384262
11,112,10,1128,50,47,5047,5011,4711,504711,502,472,50472,58,2,1784.74392,25.55252603,2.090610505,85.57077253,46.10062355,69.9984488,16.18003313,12.02036173
11,112,10,1128,69,28,6928,6911,2811,692811,692,282,69282,59,2,1871.35448,25.38883166,2.138107286,84.92016981,46.26484959,69.67828437,15.43500674,12.76748514
11,112,10,1128,60,57,6057,6011,5711,605711,602,572,60572,60,2,1718.02832,24.65623198,2.003180941,85.79354277,45.43214693,70.36290356,15.79345646,12.83399502
11,112,10,1128,16,37,1637,1611,3711,163711,162,372,16372,61,2,2077.55816,24.65320519,2.054856558,86.10483397,45.31386603,70.54624787,15.41077824,12.73947276
11,112,10,1128,39,17,3917,3911,1711,391711,392,172,39172,62,2,1866.21488,25.09892346,2.113076406,85.67644213,46.1063996,69.17229003,15.8056693,13.00959016
11,112,10,1128,89,91,8991,8911,9111,899111,892,912,89912,63,2,1876.8948,24.90750322,2.098387721,85.58712503,45.69689528,69.21556675,16.11194496,12.84791722
11,112,10,1128,66,12,6612,6611,1211,661211,662,122,66122,64,2,1871.1284,25.16929884,2.140430184,84.69244191,45.77613397,69.7154717,15.38468242,12.7107057
11,112,3,1129,19,7,197,1911,711,19711,192,72,1972,65,2,1857.61136,24.27647712,2.047772666,86.41049905,44.66686438,70.50823788,17.44374404,10.09106097
11,112,3,1129,5,59,559,511,5911,55911,52,592,5592,66,2,1791.44376,24.14622348,2.049951304,86.81916827,45.03044878,71.27151509,16.91190589,11.561805
11,112,3,1129,95,97,9597,9511,9711,959711,952,972,95972,67,2,1863.20864,24.29925764,1.946231858,87.21537524,44.65336066,72.41449582,18.11798109,9.723011921
11,112,3,1129,46,60,4660,4611,6011,466011,462,602,46602,68,2,1702.67776,23.90281268,2.056815855,86.36277218,45.01417116,70.23477947,17.46826956,11.63298881
11,112,3,1129,60,87,6087,6011,8711,608711,602,872,60872,69,2,1808.598,24.38783735,2.136478039,85.2008765,45.8929437,68.96766365,17.36019947,12.13932598
11,112,3,1129,100,103,100103,10011,10311,10010311,1002,1032,1001032,70,2,1674.22736,23.53319016,1.946397739,87.39133998,44.38981184,71.93835977,18.44921733,11.06281615
11,112,3,1129,104,91,10491,10411,9111,1049111,1042,912,104912,71,2,1778.95536,24.25973812,2.063087254,85.80769654,45.20009296,69.64914221,17.50847556,12.81755583
11,112,3,1129,25,30,2530,2511,3011,253011,252,302,25302,72,2,1604.69024,23.79997809,2.035655675,86.14692885,44.86015925,70.40454646,17.97207539,12.53769957
11,112,7,11210,104,101,104101,10411,10111,10410111,1042,1012,1041012,73,2,1544.6644,24.20240447,2.057496411,85.56208183,45.65872037,70.46088067,16.18729358,12.39603401
11,112,7,11210,90,92,9092,9011,9211,909211,902,922,90922,74,2,1625.98896,25.45301135,2.17574383,84.2023835,47.52585991,69.0836343,16.6976837,12.92503639
11,112,7,11210,95,97,9597,9511,9711,959711,952,972,95972,75,2,1643.18816,24.63728166,2.078659774,86.00695519,46.12811321,70.34768901,18.04345002,11.2050036
11,112,7,11210,27,74,2774,2711,7411,277411,272,742,27742,76,2,1721.70224,25.01277705,2.050738653,85.85203111,45.18986306,70.86298642,16.25814948,11.3876814
11,112,7,11210,20,26,2026,2011,2611,202611,202,262,20262,77,2,1701.65232,24.63554308,2.288468156,83.51113339,45.68877268,68.07202292,16.68020208,11.45739316
11,112,7,11210,99,101,99101,9911,10111,9910111,992,1012,991012,78,2,1601.39136,24.02870506,2.195456139,85.45803595,45.64093522,69.58410187,16.91466252,11.50176018
11,112,7,11210,99,100,99100,9911,10011,9910011,992,1002,991002,79,2,1640.68464,24.79369336,2.281177935,87.03592257,45.61890306,70.24511453,17.95272053,11.73883778
11,112,7,11210,25,67,2567,2511,6711,256711,252,672,25672,80,2,1605.73024,25.26851032,2.246758663,85.75435972,46.99689809,69.84931224,17.3961666,10.57008744
11,112,1,11211,16,35,1635,1611,3511,163511,162,352,16352,1,4,1600.54,25.3917952,2.100969027,86.21183578,45.45745142,70.63921933,16.9632741,11.89278306
11,112,1,11211,68,87,6887,6811,8711,688711,682,872,68872,2,4,1557.46288,25.60342943,2.154996798,86.2767609,45.87417587,70.14593633,16.77710036,11.46802675
11,112,1,11211,52,5,525,5211,511,52511,522,52,5252,3,4,1480.88272,24.25651177,1.967107793,87.28253516,45.0882145,71.54633284,17.60140382,11.62481561
11,112,1,11211,2,23,223,211,2311,22311,22,232,2232,4,4,1618.75216,24.78865243,2.124015249,86.07635402,45.72581041,70.4936798,17.05962309,12.47270978
11,112,1,11211,4,54,454,411,5411,45411,42,542,4542,5,4,1583.07488,24.60690114,2.058038177,86.42703692,45.49436124,70.61599546,17.47190641,12.12176777
11,112,1,11211,72,76,7276,7211,7611,727611,722,762,72762,6,4,1525.75088,23.71343206,1.956810291,87.79615528,43.8950824,72.34000588,17.38255221,12.00762508
11,112,1,11211,68,60,6860,6811,6011,686011,682,602,68602,7,4,1630.97536,24.02541851,1.925734121,86.76976003,44.68820467,71.70588085,17.84983233,10.83530612
11,112,1,11211,11,77,1177,1111,7711,117711,112,772,11772,8,4,1534.78584,23.44201873,1.9166623,87.27437551,44.44214994,71.436181,18.05579486,12.2079306
11,112,4,11212,46,48,4648,4611,4811,464811,462,482,46482,9,4,1466.15472,22.24414258,2.191610514,86.91931215,44.76543393,70.32095473,15.61081645,15.10442624
11,112,4,11212,41,86,4186,4111,8611,418611,412,862,41862,10,4,1623.59424,24.02389192,2.07948816,86.70779655,44.90262992,70.77145478,15.7876223,12.69903082
11,112,4,11212,33,32,3332,3311,3211,333211,332,322,33322,11,4,1466.83512,21.69621796,2.082636401,86.93299392,46.07893711,70.22255326,16.10470178,9.885955584
11,112,4,11212,48,9,489,4811,911,48911,482,92,4892,12,4,1516.1256,23.71500805,1.803526095,87.88596367,44.23847379,72.60482976,16.22229731,13.2967401
11,112,4,11212,40,43,4043,4011,4311,404311,402,432,40432,13,4,1640.89656,23.89160951,1.859872632,86.90950218,44.88092477,71.83651098,16.52993353,12.24969539
11,112,4,11212,46,57,4657,4611,5711,465711,462,572,46572,14,4,1561.98168,23.16600553,1.792230095,87.95861001,44.21562206,73.49325088,16.49947927,12.57760729
11,112,4,11212,31,22,3122,3111,2211,312211,312,222,31222,15,4,1707.83224,23.89124235,1.719863143,88.29064592,43.94675659,73.76390858,16.14351743,12.37234591
11,112,5,11212,60,73,6073,6011,7311,607311,602,732,60732,16,4,1818.59888,23.23020522,1.981869898,87.34526545,44.36337421,71.91319446,15.56311316,15.4323278
11,112,5,11213,4,25,425,411,2511,42511,42,252,4252,17,4,1604.94352,24.52130596,2.080153824,86.17121567,45.05527857,70.30390646,14.91968243,12.58310008
11,112,5,11213,37,53,3753,3711,5311,375311,372,532,37532,18,4,1760.07856,25.14633781,2.080689312,85.7971764,44.96437398,68.8773665,14.75783704,14.44016119
11,112,5,11213,50,18,5018,5011,1811,501811,502,182,50182,19,4,1611.97744,24.61841615,2.076624236,86.0393857,44.2034534,70.29770905,14.95858794,14.68037802
11,112,5,11213,62,40,6240,6211,4011,624011,622,402,62402,20,4,1667.4248,23.63308507,1.925790933,87.26024537,43.4767735,72.67463942,16.06231485,14.40787611
11,112,5,11213,65,7,657,6511,711,65711,652,72,6572,21,4,1798.7032,24.27639457,2.029137194,86.46906315,43.8250235,71.2860629,15.60761169,15.81847258
11,112,5,11213,72,76,7276,7211,7611,727611,722,762,72762,22,4,1710.34768,24.29328574,2.022368953,87.69015148,43.95291265,72.10041983,15.39707837,16.18362375
11,112,5,11213,18,15,1815,1811,1511,181511,182,152,18152,23,4,1638.29024,24.02768573,1.916582553,87.37309487,43.62718954,72.40373528,15.17665453,15.6175583
11,112,5,11213,18,47,1847,1811,4711,184711,182,472,18472,24,4,1716.60664,24.13933562,1.991446684,86.58594413,44.64084753,72.33886597,15.35746446,13.36820122
11,112,5,11214,55,56,5556,5511,5611,555611,552,562,55562,25,4,1490.288,25.35109422,2.016984583,86.94290427,45.35881541,71.66658496,14.43901706,12.92943995
11,112,5,11214,56,44,5644,5611,4411,564411,562,442,56442,26,4,1726.37,24.80386046,2.04173725,86.07309857,44.74326376,71.28377958,14.12449468,14.52635135
11,112,5,11214,36,66,3666,3611,6611,366611,362,662,36662,27,4,1714.30792,24.09611347,2.044013728,86.98332173,44.61874117,72.81887857,14.79929948,15.25049113
11,112,5,11214,24,2,242,2411,211,24211,242,22,2422,28,4,1704.0296,24.86775997,2.004249455,86.80262339,44.74399667,72.19818191,14.56552826,15.21653495
11,112,5,11214,57,56,5756,5711,5611,575611,572,562,57562,29,4,1530.6608,23.70180494,1.840555461,88.63720434,42.93263107,73.53293417,15.19508747,15.63244647
11,112,6,11214,57,33,5733,5711,3311,573311,572,332,57332,30,4,1710.12304,-999,2.096009303,85.53354624,45.4757385,69.77720421,14.34300209,15.39722576
11,112,6,11214,42,26,4226,4211,2611,422611,422,262,42262,31,4,1495.74384,24.82566165,2.092842241,85.4832373,46.11117172,70.69750115,15.37176175,13.42331033
11,112,6,11214,52,36,5236,5211,3611,523611,522,362,52362,32,4,1555.43656,24.63896858,2.094720429,85.254841,46.18729464,70.4049054,14.39287323,13.59348678
11,112,2,11215,17,7,177,1711,711,17711,172,72,1772,33,4,1608.29408,24.19321012,2.004298123,86.61491709,44.65267364,70.72846037,17.58182538,10.83904849
11,112,2,11215,2,23,223,211,2311,22311,22,232,2232,34,4,1720.512,24.9555413,2.240104587,85.33040327,45.29006609,67.83496724,16.84380401,10.45883042
11,112,2,11215,96,99,9699,9611,9911,969911,962,992,96992,35,4,1453.54312,24.99245454,2.134682153,86.11810076,45.434138,70.20392135,16.99950044,9.982842882
11,112,2,11215,24,15,2415,2411,1511,241511,242,152,24152,36,4,1554.17992,23.77872764,1.993604269,87.26300276,44.18363534,71.78434846,17.54757751,10.52953433
11,112,2,11215,88,35,8835,8811,3511,883511,882,352,88352,37,4,1678.69184,23.5269669,1.9486924,87.42905344,43.817903,72.03010833,16.96090429,10.4593116
11,112,2,11215,54,19,5419,5411,1911,541911,542,192,54192,38,4,1487.7864,25.27797361,2.106304665,86.86466923,45.40701455,69.11860112,17.24103803,9.670153213
11,112,2,11215,91,93,9193,9111,9311,919311,912,932,91932,39,4,1480.23672,23.96553998,2.098914822,86.77664962,44.75755865,70.84038646,17.39504942,11.53700242
11,112,2,11215,1,48,148,111,4811,14811,12,482,1482,40,4,1419.57104,24.11252771,1.993212688,87.17779515,44.42808196,71.44763017,16.9828072,11.33651727
11,112,9,11216,34,40,3440,3411,4011,344011,342,402,34402,41,4,1697.90336,24.99020848,2.027848785,85.97909135,44.53951441,70.7317347,17.80153145,10.4779517
11,112,9,11216,91,92,9192,9111,9211,919211,912,922,91922,42,4,1931.65904,26.56049983,2.276747843,85.005515,45.49663909,67.23235251,15.95117186,10.48047336
11,112,9,11216,69,34,6934,6911,3411,693411,692,342,69342,43,4,1752.80232,23.63794838,1.897201877,86.77071981,43.77685439,72.34692949,16.72922727,11.68084486
11,112,10,11216,44,64,4464,4411,6411,446411,442,642,44642,44,4,1764.76224,23.57669052,1.945611581,86.7440722,44.20731563,71.74458058,16.03788435,12.80320559
11,112,10,11216,64,8,648,6411,811,64811,642,82,6482,45,4,1674.386,22.19750436,1.861022815,87.98887243,43.7852861,72.57912798,17.11622927,11.68642187
11,112,10,11216,42,43,4243,4211,4311,424311,422,432,42432,46,4,1555.62808,22.9936784,1.973140087,86.71924172,44.42494653,71.75162601,16.23227981,11.99536412
11,112,10,11216,38,74,3874,3811,7411,387411,382,742,38742,47,4,1773.84544,22.92462457,1.903636282,87.20825989,44.06963507,71.43181565,16.23822204,11.67426557
11,112,10,11216,76,82,7682,7611,8211,768211,762,822,76822,48,4,1702.87384,22.89234764,1.980708943,87.00714872,44.53406836,71.84324932,15.89624542,11.34014304
11,112,10,11217,93,94,9394,9311,9411,939411,932,942,93942,49,4,1615.7652,23.62110759,1.971547504,86.85061971,44.0018182,71.00331632,17.37613749,12.262554
11,112,10,11217,38,52,3852,3811,5211,385211,382,522,38522,50,4,1725.3344,23.79098232,1.921052514,87.06219336,44.13556273,71.89960386,16.72027701,12.16588549
11,112,10,11217,16,20,1620,1611,2011,162011,162,202,16202,51,4,1835.05096,23.66195898,2.049971039,87.18803482,44.2982231,70.2478837,15.80090206,13.1810472
11,112,10,11217,88,42,8842,8811,4211,884211,882,422,88422,52,4,1582.8612,23.42944066,1.915005854,87.98086783,43.43655198,73.29057996,16.61820437,12.20050255
11,112,10,11217,37,58,3758,3711,5811,375811,372,582,37582,53,4,1828.11496,25.13963897,2.067253648,85.33649536,45.86568632,69.43458224,15.73686845,11.72290902
11,112,10,11217,10,28,1028,1011,2811,102811,102,282,10282,54,4,1975.48136,24.71119979,2.057103381,85.31891922,45.00303855,70.39635904,14.81311906,12.92401753
11,112,10,11217,20,37,2037,2011,3711,203711,202,372,20372,55,4,1698.30928,24.48295208,1.910542036,86.41564874,44.44723318,71.62504375,16.03619879,11.36585568
11,112,10,11217,101,103,101103,10111,10311,10110311,1012,1032,1011032,56,4,1648.13424,24.60657229,1.937682445,86.2902732,44.79832578,72.02781799,15.74675252,11.66494711
11,112,10,11218,79,86,7986,7911,8611,798611,792,862,79862,57,4,1796.282,24.69991119,1.963197388,86.19244248,45.19246581,71.71127713,15.76820403,11.33242048
11,112,10,11218,78,9,789,7811,911,78911,782,92,7892,58,4,1739.16736,24.45765737,1.989572153,86.46281688,45.05940713,71.43242672,15.48787087,13.03173814
11,112,10,11218,34,40,3440,3411,4011,344011,342,402,34402,59,4,1645.65872,25.20926709,2.070537355,86.67207232,45.6826277,69.8075053,16.81697768,11.43275687
11,112,10,11218,36,66,3666,3611,6611,366611,362,662,36662,60,4,1811.21264,24.10862415,1.998740693,86.53069312,44.6185967,71.28137698,15.62275888,13.05610895
11,112,10,11218,99,100,99100,9911,10011,9910011,992,1002,991002,61,4,1755.51208,24.02146892,2.038937774,86.31983166,44.54536766,71.332767,15.70357801,13.68539618
11,112,10,11218,26,72,2672,2611,7211,267211,262,722,26722,62,4,1960.06096,25.320119,2.149262277,85.18478936,46.17664692,68.78147577,15.09358949,12.71232923
11,112,10,11218,73,56,7356,7311,5611,735611,732,562,73562,63,4,1792.36248,25.01246527,2.103671163,85.17819327,45.80430921,68.98576545,15.92893554,12.83704845
11,112,10,11218,49,10,4910,4911,1011,491011,492,102,49102,64,4,1775.6724,23.76873548,1.906337061,87.84712335,43.946833,72.25938384,16.289704,12.29145896
11,112,3,11219,56,33,5633,5611,3311,563311,562,332,56332,65,4,1643.13256,24.39369278,2.123712242,86.08340623,45.3230136,69.73889771,17.5538572,10.18734944
11,112,3,11219,78,80,7880,7811,8011,788011,782,802,78802,66,4,1705.63928,23.48416473,2.006405773,86.95787461,44.07224935,71.01554346,17.22030533,11.76330339
11,112,3,11219,55,45,5545,5511,4511,554511,552,452,55452,67,4,1657.93344,24.65767991,2.08793754,85.91394477,45.65318579,70.27259285,17.73577742,11.02870939
11,112,3,11219,44,8,448,4411,811,44811,442,82,4482,68,4,1764.10488,23.96439156,2.087644041,86.18553582,45.30256315,69.91581991,16.90244291,11.96585623
11,112,3,11219,33,43,3343,3311,4311,334311,332,432,33432,69,4,1712.62128,25.00244828,2.224159492,84.56742448,45.87766563,68.84651078,16.68690388,12.2380653
11,112,3,11219,98,101,98101,9811,10111,9810111,982,1012,981012,70,4,1537.53928,24.18971955,2.108827886,86.31665259,45.24344091,69.84287523,17.87027607,11.84505447
11,112,3,11219,101,102,101102,10111,10211,10110211,1012,1022,1011022,71,4,1897.39928,24.07217551,2.039015692,86.03217752,44.95193728,69.54256581,17.05450658,12.50392109
11,112,3,11219,25,65,2565,2511,6511,256511,252,652,25652,72,4,1594.00448,24.71761957,2.128140914,85.01939608,45.74033358,69.34701343,17.38860384,12.47449196
11,112,7,11220,72,21,7221,7211,2111,722111,722,212,72212,73,4,1837.98296,24.60968812,2.014657651,86.52447829,46.28885773,72.8192221,15.96831369,11.35734489
11,112,7,11220,38,27,3827,3811,2711,382711,382,272,38272,74,4,1833.0328,24.88197157,2.152357596,85.71783751,46.77358722,70.53061766,17.3625931,9.901053137
11,112,7,11220,83,3,833,8311,311,83311,832,32,8332,75,4,1726.02496,24.56766675,2.091745277,85.38449135,45.91001467,70.07758043,16.55793711,12.57819982
11,112,7,11220,38,9,389,3811,911,38911,382,92,3892,76,4,1868.73832,24.12112573,1.962235999,87.17614568,44.74708216,72.75112397,17.23170438,11.48408495
11,112,7,11220,99,102,99102,9911,10211,9910211,992,1022,991022,77,4,1865.044,25.35605229,2.372326372,84.66033839,47.38633268,66.45578628,16.61937112,11.81469625
11,112,7,11220,13,57,1357,1311,5711,135711,132,572,13572,78,4,1845.4256,24.65894302,2.405317039,84.73130893,46.17748928,68.15839168,17.50689317,11.44623763
11,112,7,11220,85,5,855,8511,511,85511,852,52,8552,79,4,1954.14736,25.44684302,2.164424559,85.40530931,46.1154334,68.87856146,16.53401707,10.8759395
11,112,7,11220,54,39,5439,5411,3911,543911,542,392,54392,80,4,1673.1908,24.84521108,2.23518613,85.53380704,46.64347222,67.76404147,17.27418569,13.55011637
11,112,7,11221,42,58,4258,4211,5811,425811,422,582,42582,81,4,1614.18024,25.10701517,2.219546174,85.25366085,46.37519553,68.45266213,17.3294586,10.69124667
11,112,7,11221,12,22,1222,1211,2211,122211,122,222,12222,82,4,1779.46376,24.05801449,2.132666998,86.78169312,44.70757916,69.73750337,17.59943981,11.04380093
11,112,7,11221,35,29,3529,3511,2911,352911,352,292,35292,83,4,1703.5072,24.51239487,2.181595,86.12656415,45.72424957,70.11489352,17.35775475,12.59397166
11,112,7,11221,13,33,1333,1311,3311,133311,132,332,13332,84,4,1589.94544,24.53764858,2.237820482,85.76560159,44.82037213,69.15353251,17.976214,12.34761276
11,112,7,11221,3,46,346,311,4611,34611,32,462,3462,85,4,1704.26304,24.83485195,2.159422587,85.53226688,46.28526007,70.05260453,16.96221381,11.10964385
11,112,7,11221,6,20,620,611,2011,62011,62,202,6202,86,4,1886.6984,24.43712682,2.373471482,86.21773664,46.34223744,67.09539919,16.54797782,12.05896152
11,112,7,11221,84,5,845,8411,511,84511,842,52,8452,87,4,1707.04632,25.68007316,2.199079579,84.62434611,47.35853056,67.44737575,16.54426359,9.638490919
11,112,7,11221,67,7,677,6711,711,67711,672,72,6772,88,4,1846.68416,25.69720936,2.266056866,83.95417291,46.82049449,67.9682119,16.89860209,10.84751144
11,112,7,11222,69,28,6928,6911,2811,692811,692,282,69282,89,4,1833.40608,24.85068276,2.319182719,85.35729917,46.00024702,68.77048936,17.3906863,9.841815596
11,112,7,11222,45,10,4510,4511,1011,451011,452,102,45102,91,4,1574.22224,23.96804338,2.139716752,86.69819676,45.94526186,70.84057454,17.65312734,11.66816114
11,112,7,11222,48,14,4814,4811,1411,481411,482,142,48142,92,4,1541.68232,23.52102207,2.04037089,87.07867941,44.97133149,71.46467746,17.0214925,12.82643867
11,112,7,11222,70,76,7076,7011,7611,707611,702,762,70762,93,4,1813.3732,24.7760368,2.216756985,85.90625829,45.40749884,70.36288479,17.08442736,12.73477851
11,112,7,11222,35,53,3553,3511,5311,355311,352,532,35532,94,4,1889.50416,24.13855041,2.091877769,85.90232884,44.62347874,71.11983858,16.56205716,11.92356124
11,112,7,11222,92,94,9294,9211,9411,929411,922,942,92942,95,4,1839.81944,27.07269563,2.542528248,82.35636639,49.01414954,63.78214777,17.20721846,11.92327524
11,112,7,11222,50,24,5024,5011,2411,502411,502,242,50242,96,4,1557.71656,24.25530357,2.146326675,86.01966756,45.96503365,70.61042827,17.08082803,11.04753398
11,112,11,11223,55,45,5545,5511,4511,554511,552,452,55452,97,4,1606.8752,24.30569874,2.029494284,86.74042393,45.16020048,71.11005162,17.06717917,9.145414126
11,112,11,11223,24,3,243,2411,311,24311,242,32,2432,98,4,1715.44304,23.97913602,2.051788183,86.63219008,45.05875079,71.40563155,17.57136426,9.697500533
11,112,11,11223,12,22,1222,1211,2211,122211,122,222,12222,99,4,1677.92384,23.98959398,2.011944475,86.96236415,44.62633616,72.0260594,17.80647788,9.010293568
11,112,11,11223,31,61,3161,3111,6111,316111,312,612,31612,100,4,1691.64224,24.28199322,2.089306258,85.81398392,45.4813125,70.75712123,17.14496479,11.28738081
11,112,11,11223,83,69,8369,8311,6911,836911,832,692,83692,101,4,1644.29288,23.66811202,2.038151026,87.07369575,44.38737668,71.93229054,17.23089848,10.63808755
11,112,11,11223,69,79,6979,6911,7911,697911,692,792,69792,102,4,1691.5372,24.26933215,2.115451772,86.19508842,45.13419667,71.1162517,17.0371204,11.81581575
11,112,11,11223,17,51,1751,1711,5111,175111,172,512,17512,103,4,1727.1,24.22375974,2.130174384,85.9267184,45.1604358,70.03444291,16.94379142,11.83260735
11,112,11,11223,53,58,5358,5311,5811,535811,532,582,53582,104,4,1665.55152,24.05558765,2.114086811,86.5160061,45.30244472,70.87006217,17.98609897,10.56287868
11,112,8,11224,27,36,2736,2711,3611,273611,272,362,27362,105,4,1744.2888,24.60644152,2.234011715,86.71976447,46.04200204,69.12715507,17.82450772,10.68297153
11,112,8,11224,77,80,7780,7711,8011,778011,772,802,77802,106,4,1677.1584,24.66903116,2.223024716,86.73825137,45.89030923,71.01617031,17.29808543,12.17824247
11,112,8,11224,89,100,89100,8911,10011,8910011,892,1002,891002,107,4,1659.62384,23.84626636,2.094836384,86.91966142,44.11399643,71.70199223,17.23906274,13.50107621
11,112,8,11224,70,77,7077,7011,7711,707711,702,772,70772,108,4,1745.8848,24.83241373,2.184349845,86.59453775,45.4492354,71.32949395,18.10188332,9.942360048
11,112,8,11224,43,78,4378,4311,7811,437811,432,782,43782,109,4,1726.4892,24.8630709,2.164757276,86.46821,46.34320679,70.61693501,17.01267066,11.19992343
11,112,8,11224,79,82,7982,7911,8211,798211,792,822,79822,110,4,1761.6648,25.54253212,2.260556454,84.98139442,46.98715335,66.04817205,17.34386999,9.975070396
11,112,8,11224,70,11,7011,7011,1111,701111,702,112,70112,111,4,1671.71232,24.45924224,2.111535138,87.00214095,44.81667628,71.44335388,18.01568168,10.33591763
11,112,8,11224,53,26,5326,5311,2611,532611,532,262,53262,112,4,1678.34128,24.34200466,2.096128834,86.65183987,45.46579291,71.31322436,17.37265924,11.98661242
11,112,13,11225,71,73,7173,7111,7311,717311,712,732,71732,113,4,1812.79104,23.85939967,2.074611943,86.83562679,43.72051838,70.47303201,16.72245028,13.92802094
11,112,13,11225,78,50,7850,7811,5011,785011,782,502,78502,114,4,1635.09312,23.52749875,2.010114417,87.42628394,43.64568617,71.85937005,17.30194269,11.91248739
11,112,13,11225,60,56,6056,6011,5611,605611,602,562,60562,115,4,1860.0936,24.70386162,2.117170942,86.61063202,44.98728908,71.0307787,15.88395612,11.50358514
11,112,13,11225,67,6,676,6711,611,67611,672,62,6762,116,4,1850.79792,24.76519778,2.230130472,85.85422562,45.1999923,69.36791124,15.68437535,12.21619998
11,112,13,11225,100,101,100101,10011,10111,10010111,1002,1012,1001012,117,4,1615.29848,24.25928088,2.091819951,87.74685985,44.22120513,71.05738701,16.95742805,11.66687507
11,112,13,11225,62,85,6285,6211,8511,628511,622,852,62852,118,4,2020.00976,23.40839801,2.297001706,86.22541977,44.12179374,68.69000834,15.3334982,13.36675582
11,112,13,11225,74,52,7452,7411,5211,745211,742,522,74522,119,4,1795.55312,24.54047904,1.988707671,86.79540723,44.84694031,71.06716329,16.25861315,10.96192923
11,112,13,11225,62,86,6286,6211,8611,628611,622,862,62862,120,4,1864.44624,24.9563909,2.20325589,86.50233875,45.73286973,69.81933015,17.42000607,10.96679505
11,112,13,11226,50,18,5018,5011,1811,501811,502,182,50182,121,4,1870.46992,24.95014327,2.248064326,86.37825869,44.96126175,69.51910662,16.55194566,10.84330113
11,112,13,11226,8,9,89,811,911,8911,82,92,892,122,4,1875.35864,24.29077885,2.253510586,86.72163493,45.0157571,69.12963265,16.60634687,13.19786717
11,112,13,11226,14,36,1436,1411,3611,143611,142,362,14362,123,4,1745.37248,23.3506155,2.050980697,87.91002157,43.43186863,71.79404125,17.38022658,12.4018107
11,112,13,11226,48,52,4852,4811,5211,485211,482,522,48522,124,4,1779.43808,24.694035,2.063244595,86.83867165,44.99986892,71.72710658,16.62584368,12.33294965
11,112,13,11226,54,19,5419,5411,1911,541911,542,192,54192,125,4,1673.40136,25.42795617,2.364323494,85.53653609,46.36175802,68.00704935,17.33299548,12.28104921
11,112,13,11226,92,93,9293,9211,9311,929311,922,932,92932,126,4,2035.93904,26.54801391,2.429889908,84.86584228,47.09112527,67.22639542,16.67438218,12.08175631
11,112,13,11226,37,53,3753,3711,5311,375311,372,532,37532,127,4,1644.65632,24.50336127,2.095475561,86.79188586,45.13682432,70.52968433,17.18431439,11.6304687
11,112,13,11226,84,39,8439,8411,3911,843911,842,392,84392,128,4,1714.13536,24.86121152,2.341548816,85.59182219,45.51005614,69.48015559,17.31961232,12.66264798
11,112,11,11227,10,28,1028,1011,2811,102811,102,282,10282,129,4,1989.14576,24.47535021,2.108553613,85.93630441,45.40762049,70.49872386,16.77281062,12.46282347
11,112,11,11227,15,68,1568,1511,6811,156811,152,682,15682,130,4,1780.19952,24.02068312,1.914709009,87.65052848,44.79400077,72.79660164,17.31864732,11.97756823
11,112,11,11227,34,86,3486,3411,8611,348611,342,862,34862,131,4,1912.18648,25.2453648,2.104505349,85.21995252,46.31131876,70.48560005,16.6275559,11.94381371
11,112,11,11227,44,64,4464,4411,6411,446411,442,642,44642,132,4,1704.11408,24.95932134,2.12387926,85.16538947,45.98846831,69.937024,16.9709466,12.67367621
11,112,11,11227,13,71,1371,1311,7111,137111,132,712,13712,133,4,1755.67168,24.77481127,2.025459981,86.95213107,45.17765028,71.39829767,16.60595678,12.52604955
11,112,11,11227,25,65,2565,2511,6511,256511,252,652,25652,134,4,1587.10544,25.5841378,2.165057816,84.28912848,46.32169456,69.08221808,16.66452278,12.63586123
11,112,11,11227,47,49,4749,4711,4911,474911,472,492,47492,135,4,1775.89312,24.98888786,2.121989441,85.33887337,45.64197008,70.39442354,17.09807015,12.7654432
11,112,11,11227,57,73,5773,5711,7311,577311,572,732,57732,136,4,1761.50096,23.73804331,2.016844677,86.48570366,44.5692985,71.22481874,17.3699566,13.08892429
11,112,12,11228,44,45,4445,4411,4511,444511,442,452,44452,137,4,1642.44048,24.75638641,2.008713644,87.63517365,45.24866744,70.81866126,16.5914624,15.48406541
11,112,12,11228,74,5,745,7411,511,74511,742,52,7452,138,4,1840.05968,24.42086078,1.864280169,87.62076661,44.33707728,72.70163501,15.76447196,12.89699032
11,112,12,11228,52,63,5263,5211,6311,526311,522,632,52632,139,4,1701.92144,23.52280544,2.007412431,87.35321482,44.34875746,71.62399516,15.66193267,13.59705261
11,112,12,11228,67,17,6717,6711,1711,671711,672,172,67172,140,4,1800.86472,22.93642697,2.106667535,87.44838723,45.4987452,70.22392593,16.62516531,10.63129208
11,112,12,11228,57,73,5773,5711,7311,577311,572,732,57732,141,4,1631.13136,23.91824965,1.929085441,87.73659179,44.76335439,72.53068019,16.3650678,12.85613903
11,112,12,11228,11,72,1172,1111,7211,117211,112,722,11722,142,4,1850.15488,23.8244798,1.874719866,87.59920368,45.54866565,72.48539022,16.75461306,12.87307131
11,112,12,11228,66,75,6675,6611,7511,667511,662,752,66752,143,4,1647.26392,23.89901564,2.042159825,87.93575044,45.10695525,71.58671399,16.6817652,12.21253159
11,112,12,11228,22,61,2261,2211,6111,226111,222,612,22612,144,4,1852.42096,25.3792445,2.116432905,86.12345221,46.44731299,69.92576701,15.56866814,12.05000724
11,112,1,11229,9,74,974,911,7411,97411,92,742,9742,1,6,1639.64832,24.47324203,1.943221585,87.82262104,43.91135528,72.86365239,16.3279821,12.45192615
11,112,1,11229,29,70,2970,2911,7011,297011,292,702,29702,2,6,1484.20896,24.18406818,2.001985577,87.42689316,44.7182352,72.09523379,17.16257432,12.00978184
11,112,1,11229,37,70,3770,3711,7011,377011,372,702,37702,3,6,1612.59912,25.15463001,2.110417443,86.56997111,45.44456864,70.41257212,17.51864561,10.58925803
11,112,1,11229,7,51,751,711,5111,75111,72,512,7512,4,6,1687.31248,23.78090159,1.9146304,87.24664011,44.07332465,71.55933281,16.97689296,12.22578792
11,112,1,11229,1,48,148,111,4811,14811,12,482,1482,5,6,1478.2352,23.29595834,1.839091719,88.18093576,43.20559353,72.9501392,17.59179103,11.71622416
11,112,1,11229,11,80,1180,1111,8011,118011,112,802,11802,6,6,1637.76744,23.84524087,1.955107739,87.20239414,44.3307615,72.18172508,17.48920808,12.80412336
11,112,1,11229,76,80,7680,7611,8011,768011,762,802,76802,7,6,1537.398,23.74667138,1.92015389,86.8068997,44.31538094,71.27884668,17.51651244,12.76769894
11,112,1,11229,23,60,2360,2311,6011,236011,232,602,23602,8,6,1620.514,23.6908496,1.979158361,86.3074214,45.38011889,70.48402801,18.59701436,11.55755809
11,112,4,11230,80,81,8081,8011,8111,808111,802,812,80812,9,6,1492.92288,24.02217411,1.865011263,87.20521377,44.64762645,72.38363063,16.03413406,13.8325134
11,112,4,11230,51,20,5120,5111,2011,512011,512,202,51202,10,6,1665.77344,23.0051118,1.994189381,86.34978044,45.03783549,71.15093859,16.15582903,12.11182372
11,112,4,11230,43,8,438,4311,811,43811,432,82,4382,11,6,1809.0992,22.88118102,2.124065741,86.20347204,46.35849967,69.12106122,16.54144831,9.429688254
11,112,4,11230,2,60,260,211,6011,26011,22,602,2602,12,6,1732.71648,24.38303393,1.947038297,86.59714149,45.19031631,71.97368476,16.1219278,13.15861828
11,112,4,11230,48,74,4874,4811,7411,487411,482,742,48742,13,6,1611.84952,22.95998618,1.796101029,87.87241656,43.64735082,73.05224747,16.35908716,12.47766835
11,112,4,11230,22,4,224,2211,411,22411,222,42,2242,14,6,1742.18808,24.19040099,1.870903371,87.15394324,45.06413646,72.2058732,16.76173376,10.83173559
11,112,4,11230,100,102,100102,10011,10211,10010211,1002,1022,1001022,15,6,1648.27128,23.99692585,1.786591554,88.3640035,44.15112158,72.8899269,16.42955248,12.82438069
11,112,5,11230,43,38,4338,4311,3811,433811,432,382,43382,16,6,1757.1896,24.91565937,2.025487248,86.48493479,45.83503254,70.4192923,15.42487834,11.78831609
11,112,5,11231,34,62,3462,3411,6211,346211,342,622,34622,17,6,1775.70152,23.65718914,2.003578413,87.39008857,44.40202305,72.12850108,15.75200273,13.11178029
11,112,5,11231,79,34,7934,7911,3411,793411,792,342,79342,18,6,1830.96096,25.00180039,2.104234273,85.9323939,44.31342776,70.08016001,14.89291327,14.83178774
11,112,5,11231,20,53,2053,2011,5311,205311,202,532,20532,19,6,1741.7168,23.69887568,1.915906251,87.07322663,43.41345214,72.32920733,15.32427338,15.01430243
11,112,5,11231,73,76,7376,7311,7611,737611,732,762,73762,20,6,1629.1096,23.40540957,1.918665762,86.81546347,42.85215201,72.50554127,15.75698016,15.04056264
11,112,5,11231,7,51,751,711,5111,75111,72,512,7512,21,6,1842.30864,24.46824198,2.03052064,86.11807131,44.28438521,69.95008035,15.70106021,15.99455935
11,112,5,11231,37,11,3711,3711,1111,371111,372,112,37112,22,6,1840.082,24.09955996,1.904785786,87.48546644,43.4831584,72.38764221,15.74364274,15.55602475
11,112,5,11231,31,75,3175,3111,7511,317511,312,752,31752,23,6,1623.04568,23.51068298,1.8662283,87.80470372,42.76051239,73.23098674,14.89089337,15.33592406
11,112,5,11231,86,85,8685,8611,8511,868511,862,852,86852,24,6,1674.3968,24.73950399,2.00360326,86.62487699,44.58257744,71.22136744,15.33807819,13.61204546
11,112,5,11232,21,81,2181,2111,8111,218111,212,812,21812,25,6,1805.3856,24.29348231,2.051170601,86.36573539,44.70181584,71.04462553,15.72390651,15.37998447
11,112,5,11232,79,41,7941,7911,4111,794111,792,412,79412,26,6,1668.88432,23.96242733,1.91800095,87.55386739,43.95025677,72.76181075,15.12287295,14.58429148
11,112,5,11232,12,4,124,1211,411,12411,122,42,1242,27,6,1843.78824,24.89154735,2.055804284,85.89889442,46.0301576,68.569919,14.95368705,15.29799571
11,112,5,11232,51,35,5135,5111,3511,513511,512,352,51352,28,6,1687.73016,24.96480777,2.039777723,86.54004632,44.56735016,70.88363572,13.85586724,16.98444134
11,112,5,11232,90,102,90102,9011,10211,9010211,902,1022,901022,29,6,1835.3224,25.39515871,2.127141624,85.32407876,46.60709779,68.06034249,14.58409511,16.66396461
11,112,6,11232,2,87,287,211,8711,28711,22,872,2872,30,6,1634.0768,-999,2.113337349,85.37036913,45.58728321,69.22703237,14.54025724,15.32926623
11,112,6,11232,20,37,2037,2011,3711,203711,202,372,20372,31,6,1588.52704,24.28164707,1.867124144,86.01058433,44.73946392,72.01411525,15.16015682,12.46559223
11,112,6,11232,60,57,6057,6011,5711,605711,602,572,60572,32,6,1468.24656,24.30292671,1.994419731,85.8083115,45.9003735,71.41758862,14.81507178,13.96762845
11,112,2,11233,46,23,4623,4611,2311,462311,462,232,46232,33,6,1710.5628,24.63230759,2.101381675,86.19009358,45.65520326,70.58677778,18.09504469,10.40712279
11,112,2,11233,37,26,3726,3711,2611,372611,372,262,37262,34,6,1800.1816,24.46830618,2.094903218,86.29652273,45.09574841,70.15257817,16.85626777,10.61340716
11,112,2,11233,68,3,683,6811,311,68311,682,32,6832,35,6,1706.83376,23.95662906,1.993142844,87.16264205,44.64582378,70.81528203,17.36719572,9.646192965
11,112,2,11233,51,82,5182,5111,8211,518211,512,822,51822,36,6,1577.71784,24.50744459,2.133742224,85.86633729,45.2801559,69.23138064,17.43663768,11.39656704
11,112,2,11233,58,77,5877,5811,7711,587711,582,772,58772,37,6,1602.19536,23.90812357,2.020545356,87.08718647,44.23178812,70.82608788,17.62095757,10.43123452
11,112,2,11233,89,102,89102,8911,10211,8910211,892,1022,891022,38,6,1785.70688,23.89301155,1.941323308,87.53784388,44.11164299,70.44252337,16.6346162,10.75982596
11,112,2,11233,11,76,1176,1111,7611,117611,112,762,11762,39,6,1565.77896,23.80221801,1.966985743,87.41333369,44.20248743,70.66884336,16.93619956,10.57415286
11,112,2,11233,44,1,441,4411,111,44111,442,12,4412,40,6,1449.57008,23.89538268,2.007110058,87.01328608,44.59454849,71.16597401,17.14392574,11.30273778
11,112,9,11234,6,16,616,611,1611,61611,62,162,6162,41,6,1842.13848,24.67458903,2.105770829,86.19841663,44.25328414,69.53350543,16.51557469,11.9808315
11,112,9,11234,83,55,8355,8311,5511,835511,832,552,83552,42,6,1754.6384,24.73467794,1.945484296,86.67276364,44.63635363,71.54874238,16.77222088,11.18086866
11,112,9,11234,8,9,89,811,911,8911,82,92,892,43,6,1843.87504,25.64077187,2.116915495,85.178154,44.73575645,67.72511946,16.47664069,11.72704486
11,112,10,11234,78,27,7827,7811,2711,782711,782,272,78272,44,6,1637.31352,23.35828068,1.966314375,86.78299037,44.65513383,71.07156206,15.76398232,12.34061459
11,112,10,11234,69,79,6979,6911,7911,697911,692,792,69792,45,6,1752.32448,22.93671076,1.950083489,87.0848057,44.85180013,72.01262047,16.59336479,12.50093035
11,112,10,11234,51,6,516,5111,611,51611,512,62,5162,46,6,1866.81576,22.73146344,1.988421938,86.31531623,44.6122584,70.9886135,15.76564652,12.55805457
11,112,10,11234,65,16,6516,6511,1611,651611,652,162,65162,47,6,1808.14224,23.2099326,1.927850831,87.17054725,44.43117527,71.60704911,15.64496441,11.878312
11,112,10,11234,43,78,4378,4311,7811,437811,432,782,43782,48,6,1727.06696,23.09190275,1.973480101,87.25236212,44.39817147,71.6880199,16.18272115,11.97258397
11,112,10,11235,58,70,5870,5811,7011,587011,582,702,58702,49,6,1745.66752,24.32001311,1.948164769,86.98294326,44.55424734,70.94169234,17.40587732,11.03420351
11,112,10,11235,15,2,152,1511,211,15211,152,22,1522,50,6,1876.54224,24.24500489,1.99475364,86.87013719,44.49908949,70.53496183,16.24511652,12.63582462
11,112,10,11235,70,77,7077,7011,7711,707711,702,772,70772,51,6,1704.58216,24.23814999,1.940231981,87.15658326,44.39597088,71.12958013,16.34874491,12.00675705
11,112,10,11235,27,5,275,2711,511,27511,272,52,2752,52,6,1792.39696,25.02476172,1.985763044,86.1736672,45.95058668,71.30353856,15.5319799,12.19919436
11,112,10,11235,80,81,8081,8011,8111,808111,802,812,80812,53,6,1649.62008,23.84927867,1.998193666,86.10243369,43.73920186,71.67287229,15.06563916,13.51960968
11,112,10,11235,80,21,8021,8011,2111,802111,802,212,80212,54,6,1930.39296,24.7282784,2.045599786,85.47932061,45.33421423,70.62450695,15.27734258,12.26629459
11,112,10,11235,75,84,7584,7511,8411,758411,752,842,75842,55,6,1730.372,24.56586404,1.936984659,86.6027211,44.72853414,71.58190772,15.28811709,12.17635778
11,112,10,11235,32,64,3264,3211,6411,326411,322,642,32642,56,6,1629.9308,24.40611366,1.82873457,87.40463495,44.31317015,72.82340306,16.12035101,12.146511
11,112,10,11236,78,27,7827,7811,2711,782711,782,272,78272,57,6,1668.67856,24.63983684,1.937222863,86.33371972,44.96685781,71.77685867,15.30390191,12.47662627
11,112,10,11236,35,29,3529,3511,2911,352911,352,292,35292,58,6,1816.36264,25.79641966,2.144051338,85.02833533,46.32409863,68.69512852,15.13148677,12.85866965
11,112,10,11236,75,4,754,7511,411,75411,752,42,7542,59,6,2022.57664,26.07649584,2.274101715,84.31187808,46.6435854,67.005337,15.30313871,12.89372908
11,112,10,11236,82,21,8221,8211,2111,822111,822,212,82212,60,6,1835.6144,25.20571066,2.00471825,87.18864972,45.67848635,71.44048958,15.70597893,11.6241468
11,112,10,11236,41,40,4140,4111,4011,414011,412,402,41402,61,6,1480.43136,23.66823033,1.890525102,87.41331196,44.30210497,72.03945883,17.29030354,11.93660381
11,112,10,11236,16,20,1620,1611,2011,162011,162,202,16202,62,6,1801.0576,24.60720452,2.027662708,86.62782569,45.15353835,69.94514388,16.43957409,12.15522007
11,112,10,11236,27,63,2763,2711,6311,276311,272,632,27632,63,6,1772.72944,25.69253959,2.113772691,85.9178056,46.19142594,69.76954256,16.20505848,11.70251275
11,112,10,11236,89,104,89104,8911,10411,8910411,892,1042,891042,64,6,1654.70624,25.01079264,2.066640465,85.6034077,45.47211448,70.02072466,16.31294193,12.58495132
11,112,3,11237,14,52,1452,1411,5211,145211,142,522,14522,65,6,1730.69256,24.10858909,1.979533086,87.3994174,44.48895118,71.49453491,16.86367053,10.44020586
11,112,3,11237,22,75,2275,2211,7511,227511,222,752,22752,66,6,1968.01256,24.44864928,1.978406982,86.83107198,45.06681773,72.11741616,16.56593664,9.86399391
11,112,3,11237,72,77,7277,7211,7711,727711,722,772,72772,67,6,1850.9756,24.2256208,1.986906123,86.76310007,44.95526743,71.57572491,16.55158773,10.98870905
11,112,3,11237,53,58,5358,5311,5811,535811,532,582,53582,68,6,1732.49728,24.14942433,2.042059686,86.44177218,45.14217415,70.90591793,17.10405012,10.72477633
11,112,3,11237,15,3,153,1511,311,15311,152,32,1532,69,6,1778.79944,23.52961457,1.932118583,87.22861794,44.17636877,72.06509682,17.02658252,11.92477971
11,112,3,11237,77,82,7782,7711,8211,778211,772,822,77822,70,6,1707.72952,23.99239093,2.034284565,87.01472467,44.56267438,70.60417439,16.84394244,11.85642195
11,112,3,11237,41,85,4185,4111,8511,418511,412,852,41852,71,6,1639.38048,23.56172748,2.023032128,86.10007262,44.48341791,70.50381492,17.58311219,12.78171521
11,112,3,11237,55,10,5510,5511,1011,551011,552,102,55102,72,6,1551.03328,24.07086166,2.099378384,85.51896389,45.17299289,69.80341596,17.62925231,12.53254877
11,112,7,11238,89,91,8991,8911,9111,899111,892,912,89912,73,6,1576.9616,23.7823242,1.958375859,87.02133985,44.36041965,72.25152326,16.85517763,11.92726733
11,112,7,11238,19,65,1965,1911,6511,196511,192,652,19652,74,6,1812.5312,26.34315185,2.462914966,81.80796552,49.09797609,65.43567942,15.78131961,11.18334995
11,112,7,11238,52,5,525,5211,511,52511,522,52,5252,75,6,1602.5996,23.91581367,1.950512489,86.81986153,45.28814604,72.02414956,17.66516222,10.90919932
11,112,7,11238,19,30,1930,1911,3011,193011,192,302,19302,76,6,1607.56848,25.19156944,2.282499761,84.33488285,46.50696052,67.32575269,17.6743854,11.44625546
11,112,7,11238,32,8,328,3211,811,32811,322,82,3282,77,6,1798.22696,24.510029,1.94039426,87.35794196,45.37179052,72.52015443,16.75644598,11.89494553
11,112,7,11238,8,38,838,811,3811,83811,82,382,8382,78,6,1915.32392,24.25586,2.199808657,85.59046689,46.00458527,67.73059884,17.09700144,13.40117019
11,112,7,11238,71,33,7133,7111,3311,713311,712,332,71332,79,6,1668.89264,24.83829264,2.215747734,85.85022284,45.70096283,69.73271628,17.49844781,12.26490996
11,112,7,11238,63,36,6336,6311,3611,633611,632,362,63362,80,6,1976.07184,25.58422337,2.150272236,85.37353369,47.52206874,68.66028254,15.94784404,9.949908913
11,112,7,11239,6,42,642,611,4211,64211,62,422,6422,81,6,1886.57472,25.30900152,2.169047185,85.37167524,46.69786842,70.00549948,16.41955341,11.84215278
11,112,7,11239,1,38,138,111,3811,13811,12,382,1382,82,6,1943.02696,24.61669114,2.205874375,86.23769343,45.56622201,70.23109303,16.95559,11.69726589
11,112,7,11239,38,74,3874,3811,7411,387411,382,742,38742,83,6,1777.36256,24.35216154,2.151396585,86.77816887,44.91527102,69.59102303,17.12810743,13.337163
11,112,7,11239,68,23,6823,6811,2311,682311,682,232,68232,84,6,1926.9312,25.26496165,2.412590739,84.56653623,47.72238815,67.14285773,16.88546897,10.45610114
11,112,7,11239,25,17,2517,2511,1711,251711,252,172,25172,85,6,1576.67528,25.08171801,2.454355359,84.59571915,47.14488084,68.68812943,17.28279391,11.17631817
11,112,7,11239,89,100,89100,8911,10011,8910011,892,1002,891002,86,6,1579.8284,24.48793068,2.158616479,85.74314343,44.80721057,69.26615308,17.58494526,14.32940114
11,112,7,11239,75,4,754,7511,411,75411,752,42,7542,87,6,2005.99072,24.98130385,2.324039866,85.535755,45.81893309,66.65167213,16.82416952,11.8539866
11,112,7,11239,38,14,3814,3811,1411,381411,382,142,38142,88,6,1860.84936,24.10121724,1.898250558,87.45892214,45.74434739,73.16642505,16.10694583,11.67290559
11,112,7,11240,44,32,4432,4411,3211,443211,442,322,44322,89,6,1584.18848,25.1522382,2.161073814,86.57316335,45.71566721,69.97384193,17.40765701,10.95715998
11,112,7,11240,31,4,314,3111,411,31411,312,42,3142,90,6,1919.3668,25.60540176,2.395868975,82.6834272,47.80263219,63.90772373,17.30534158,13.82305424
11,112,7,11240,89,102,89102,8911,10211,8910211,892,1022,891022,91,6,1786.91152,23.93108557,2.192054666,86.91131988,44.01495657,71.20495722,17.45487129,11.66192801
11,112,7,11240,87,71,8771,8711,7111,877111,872,712,87712,92,6,1773.2272,24.51044256,2.292107236,85.48987885,45.36134963,68.32652041,16.85981339,12.55935603
11,112,7,11240,40,44,4044,4011,4411,404411,402,442,40442,93,6,1698.21696,24.60213687,2.481453478,84.9377378,46.47129842,65.83086992,16.35809607,12.25685472
11,112,7,11240,50,24,5024,5011,2411,502411,502,242,50242,94,6,1683.13616,22.59758703,2.006297039,87.89025799,42.86687825,72.38515986,17.76224046,12.04610725
11,112,7,11240,35,53,3553,3511,5311,355311,352,532,35532,95,6,1708.48088,24.16499158,2.077946826,86.19852428,45.61311602,70.40210184,17.26687031,11.0446947
11,112,7,11240,89,103,89103,8911,10311,8910311,892,1032,891032,96,6,1597.92256,24.70915531,2.152560828,86.63586322,45.32613436,70.58202826,17.51958726,13.19781978
11,112,11,11241,92,93,9293,9211,9311,929311,922,932,92932,97,6,1901.41696,25.4929737,2.114872541,85.54684493,46.24573574,69.57766382,16.89808393,9.066928765
11,112,11,11241,65,88,6588,6511,8811,658811,652,882,65882,98,6,1709.75776,24.33420223,2.159861463,86.50089808,45.19944691,70.08140921,16.94532343,10.41588964
11,112,11,11241,91,93,9193,9111,9311,919311,912,932,91932,99,6,1656.43328,23.93764706,2.141585781,86.26029423,44.66311038,70.26786529,17.45631228,10.97792382
11,112,11,11241,24,47,2447,2411,4711,244711,242,472,24472,100,6,1570.40264,23.7548255,2.047536199,86.59586056,44.58177264,71.11689138,17.55914747,11.2812976
11,112,11,11241,61,30,6130,6111,3011,613011,612,302,61302,101,6,1776.60576,24.69281515,2.104595824,86.34180292,45.7611346,70.63639439,16.85203802,10.79959791
11,112,11,11241,29,70,2970,2911,7011,297011,292,702,29702,102,6,1516.03496,24.28563445,2.187856106,85.94717346,45.68748423,70.51492982,17.61237862,11.21192646
11,112,11,11241,40,45,4045,4011,4511,404511,402,452,40452,103,6,1423.52496,24.20142786,2.165537773,86.09310787,45.12195276,69.73010329,17.49293568,12.05939749
11,112,11,11241,23,13,2313,2311,1311,231311,232,132,23132,104,6,1714.46816,23.94738809,2.095910177,85.83185144,44.828596,70.27136876,17.2439976,11.49545951
11,112,8,11242,33,1,331,3311,111,33111,332,12,3312,105,6,1727.61288,24.34922597,2.104272709,86.60915001,45.16914209,70.92766857,17.14648889,10.75805382
11,112,8,11242,88,20,8820,8811,2011,882011,882,202,88202,106,6,1628.46176,24.48308367,2.238154219,86.04315335,44.91045937,69.73559918,18.03365061,11.87183268
11,112,8,11242,79,34,7934,7911,3411,793411,792,342,79342,107,6,1868.4248,25.69137246,2.275335549,84.25287296,47.30340551,67.34411848,16.36528067,9.950340095
11,112,8,11242,90,93,9093,9011,9311,909311,902,932,90932,108,6,1866.36896,24.24292697,2.073336179,87.65929444,44.01350684,72.16870951,16.99289508,12.73683117
11,112,8,11242,41,85,4185,4111,8511,418511,412,852,41852,109,6,1761.5396,24.59151564,1.969488852,87.38152053,45.14968257,72.00271334,17.15792844,11.54598814
11,112,8,11242,9,27,927,911,2711,92711,92,272,9272,110,6,1653.05976,24.82283653,2.05763341,86.16025704,44.95509249,71.57982492,16.52739129,11.15296894
11,112,8,11242,84,61,8461,8411,6111,846111,842,612,84612,111,6,1768.44672,25.17079287,2.133953261,86.13464604,45.63420375,70.48834527,16.94166108,10.13938941
11,112,8,11242,97,98,9798,9711,9811,979811,972,982,97982,112,6,1627.85224,23.68090274,1.860147203,88.91345983,44.73184514,72.92832859,17.70680047,11.40738582
11,112,13,11243,55,79,5579,5511,7911,557911,552,792,55792,113,6,1661.45936,24.9395834,2.123004668,86.22195403,45.40269852,69.71324675,16.76723793,11.76174716
11,112,13,11243,27,52,2752,2711,5211,275211,272,522,27522,114,6,1599.68296,24.48797709,2.069572306,86.84767712,44.51924001,71.68329309,16.35572342,10.87334985
11,112,13,11243,18,68,1868,1811,6811,186811,182,682,18682,115,6,1931.56704,24.14605128,2.143841197,86.47083484,44.48455067,70.32322222,16.49534568,11.86370737
11,112,13,11243,91,103,91103,9111,10311,9110311,912,1032,911032,116,6,1713.77728,23.97290894,2.089078711,86.9190414,44.40267011,71.19909718,17.34254952,12.1973595
11,112,13,11243,62,41,6241,6211,4111,624111,622,412,62412,117,6,1634.62992,23.31099758,1.946155615,87.78235942,43.43577716,72.42950106,17.25746261,10.54505568
11,112,13,11243,32,64,3264,3211,6411,326411,322,642,32642,118,6,1669.38768,24.21419764,2.089843037,87.51870245,43.80768681,70.33267768,16.86458285,12.35504186
11,112,13,11243,58,77,5877,5811,7711,587711,582,772,58772,119,6,1696.16904,23.94878396,1.97592929,87.82698291,43.33851625,71.18884008,17.04603643,11.05421973
11,112,13,11243,56,33,5633,5611,3311,563311,562,332,56332,120,6,1741.43128,24.28214061,2.099315354,87.45553295,44.41112259,71.08595431,17.47247099,11.04261703
11,112,13,11244,9,63,963,911,6311,96311,92,632,9632,121,6,1865.16016,24.96757152,2.103172898,86.74653953,45.34381395,70.6753789,16.08992241,11.62494695
11,112,13,11244,22,61,2261,2211,6111,226111,222,612,22612,122,6,2525.48096,24.2955949,2.51974137,84.58461797,44.92550778,67.15412442,14.78216268,15.69338414
11,112,13,11244,21,83,2183,2111,8311,218311,212,832,21832,123,6,1952.78968,24.46613616,2.028144445,87.12493003,44.63434249,71.19618938,17.04890049,12.0545569
11,112,13,11244,104,93,10493,10411,9311,1049311,1042,932,104932,124,6,1703.6504,24.25525979,2.212626268,86.57858347,44.59353058,69.80227074,17.12159536,12.78462648
11,112,13,11244,66,67,6667,6611,6711,666711,662,672,66672,125,6,1868.77176,24.08638446,2.284928534,85.83749877,44.51326445,69.41184098,17.20579319,14.09114169
11,112,13,11244,67,65,6765,6711,6511,676511,672,652,67652,126,6,1877.48336,25.18283343,2.25043375,85.68453813,46.0851175,69.50389802,15.63675669,11.45307434
11,112,13,11244,87,73,8773,8711,7311,877311,872,732,87732,127,6,1874.57856,23.79633612,2.19388409,86.56884016,44.7292781,69.72272477,16.35810062,12.80374306
11,112,13,11244,71,44,7144,7111,4411,714411,712,442,71442,128,6,1835.62848,25.24441624,2.30781995,85.63352124,45.70086446,68.56656632,16.72195645,13.51341354
11,112,11,11245,15,3,153,1511,311,15311,152,32,1532,129,6,1863.63232,23.77178794,1.963419298,86.36152614,44.52914177,71.47073784,17.09881439,11.66671628
11,112,11,11245,72,80,7280,7211,8011,728011,722,802,72802,130,6,1833.07128,24.33064947,1.98054789,86.25044612,45.40431408,71.66483981,16.34408272,12.89439578
11,112,11,11245,4,19,419,411,1911,41911,42,192,4192,131,6,1711.20896,25.92953139,2.257197776,84.13308662,47.1822786,69.0886187,16.87885666,12.46846149
11,112,11,11245,39,19,3919,3911,1911,391911,392,192,39192,132,6,1698.77552,25.59454598,2.186022879,84.49614533,46.85781169,69.62200057,16.99578332,12.21474812
11,112,11,11245,39,17,3917,3911,1711,391711,392,172,39172,133,6,1615.07952,23.88645778,2.039507104,86.74543238,44.42526185,70.61525356,17.4704689,12.88365782
11,112,11,11245,21,45,2145,2111,4511,214511,212,452,21452,134,6,1837.5016,24.88672336,1.994205318,85.99825159,45.77379876,71.58973833,16.78836743,12.0024246
11,112,11,11245,49,45,4945,4911,4511,494511,492,452,49452,135,6,1641.51,23.78759139,1.967191073,87.50808872,44.4475616,72.57906531,17.44319509,12.43958855
11,112,11,11245,17,7,177,1711,711,17711,172,72,1772,136,6,1658.6308,23.94038896,1.948878336,86.64955434,44.03519247,71.50399825,17.39698432,12.26057941
11,112,12,11246,15,47,1547,1511,4711,154711,152,472,15472,137,6,1583.17096,24.31174862,1.885228512,87.99426365,44.5411174,71.73531391,15.71438507,14.87943599
11,112,12,11246,26,70,2670,2611,7011,267011,262,702,26702,138,6,1574.01472,24.80451735,2.123349923,85.95671964,45.48116504,70.12068306,15.77085213,13.52036129
11,112,12,11246,104,90,10490,10411,9011,1049011,1042,902,104902,139,6,1676.33648,23.56887281,2.063166805,87.1310575,44.06587984,71.23009208,15.96290204,14.72054243
11,112,12,11246,89,101,89101,8911,10111,8910111,892,1012,891012,140,6,1631.20448,23.39656177,2.136533613,86.69380328,44.84846546,70.15661558,15.74179836,13.1238001
11,112,12,11246,89,92,8992,8911,9211,899211,892,922,89922,141,6,1914.03008,24.57293124,2.040628165,87.46035913,44.60149081,71.23880927,16.51318475,12.33509412
11,112,12,11246,88,29,8829,8811,2911,882911,882,292,88292,142,6,1673.94896,24.58727854,1.999322092,87.65528212,44.95904363,71.65909088,16.2831743,13.37336421
11,112,12,11246,64,43,6443,6411,4311,644311,642,432,64432,143,6,1789.85096,25.10975074,2.028466572,86.35924455,46.32484109,71.10917214,15.46490578,13.80440292
11,112,12,11246,104,103,104103,10411,10311,10410311,1042,1032,1041032,144,6,1673.1184,24.40932732,1.855380581,87.83565238,45.53506529,72.50376753,16.22965138,12.85267691
11,112,1,11247,33,64,3364,3311,6411,336411,332,642,33642,1,8,1479.76592,24.75600318,2.012060361,87.14516127,44.83931449,71.65265929,17.47063563,10.67759563
11,112,1,11247,65,51,6551,6511,5111,655111,652,512,65512,2,8,1346.10224,24.44388251,1.985658426,86.58559742,45.11812855,71.67348833,16.88795434,12.88591021
11,112,1,11247,82,49,8249,8211,4911,824911,822,492,82492,3,8,1607.44768,23.5443219,1.935014603,87.68061056,44.44449,72.04682161,17.68401842,11.7403384
11,112,1,11247,89,90,8990,8911,9011,899011,892,902,89902,4,8,1535.06456,23.67144268,1.927609914,86.87217404,43.90607314,71.78242794,16.89523486,12.65205866
11,112,1,11247,23,87,2387,2311,8711,238711,232,872,23872,5,8,1595.21144,24.30702187,1.973387938,86.68610695,45.10990644,71.30648201,17.29988629,12.1285516
11,112,1,11247,64,43,6443,6411,4311,644311,642,432,64432,6,8,1445.95136,24.48273139,1.92041209,87.70531516,45.10121058,73.03259949,16.84025734,11.75161585
11,112,1,11247,18,3,183,1811,311,18311,182,32,1832,7,8,1873.2308,24.62822879,1.93873682,87.19758272,45.00436325,71.95974269,16.8641813,11.55693448
11,112,1,11247,96,97,9697,9611,9711,969711,962,972,96972,8,8,1408.72424,23.86845101,1.939302428,87.76931617,44.22786468,71.94788851,17.55425104,12.28802919
11,112,4,11248,25,19,2519,2511,1911,251911,252,192,25192,9,8,1614.8096,25.1980692,2.002737689,85.58135878,46.39958431,71.1905385,14.85449846,13.9060625
11,112,4,11248,37,26,3726,3711,2611,372611,372,262,37262,10,8,1749.1424,23.94556012,2.071061942,86.1757342,47.27758297,69.2264328,15.62635843,11.22572571
11,112,4,11248,2,50,250,211,5011,25011,22,502,2502,11,8,1447.21032,22.7615675,2.087062403,86.16143389,45.64345346,69.91719936,15.99371021,11.08622265
11,112,4,11248,11,72,1172,1111,7211,117211,112,722,11722,12,8,1630.86728,20.61431718,1.914473381,88.0050663,44.41742462,70.62689385,16.2390607,12.82363583
11,112,4,11248,16,29,1629,1611,2911,162911,162,292,16292,13,8,1640.0168,24.50413713,1.914202594,86.48744251,45.17597246,71.12999382,15.74688367,11.6626503
11,112,4,11248,22,54,2254,2211,5411,225411,222,542,22542,14,8,1690.09024,24.8367389,1.917704733,86.53155137,45.4008998,71.74955437,15.38611226,12.73301417
11,112,4,11248,90,92,9092,9011,9211,909211,902,922,90922,15,8,1802.28792,25.51149195,1.925879896,85.31522481,46.62407712,70.54311755,15.42920104,11.35072732
11,112,5,11248,104,93,10493,10411,9311,1049311,1042,932,104932,16,8,1468.636,24.16045077,1.982715951,86.79690559,44.23679592,72.15443235,15.69219272,14.16391038
11,112,5,11249,38,52,3852,3811,5211,385211,382,522,38522,17,8,1656.76544,23.20390328,1.899505823,88.2964144,43.52007316,73.42685012,15.53865949,13.64095886
11,112,5,11249,75,39,7539,7511,3911,753911,752,392,75392,18,8,1739.12944,23.5863694,2.163296097,86.15580854,44.90586818,69.52768568,15.13692952,12.76159777
11,112,5,11249,50,47,5047,5011,4711,504711,502,472,50472,19,8,1695.79296,25.01863431,2.133789253,85.29258926,45.24686779,70.40238787,14.85371899,12.96599425
11,112,5,11249,104,92,10492,10411,9211,1049211,1042,922,104922,20,8,1860.5216,25.91652973,2.242091544,83.48962851,46.0602672,67.76494212,14.67671681,13.31301378
11,112,5,11249,86,40,8640,8611,4011,864011,862,402,86402,21,8,1820.0704,24.15913205,1.964919666,87.11664195,43.25625192,72.39904115,16.39668902,14.31829808
11,112,5,11249,36,5,365,3611,511,36511,362,52,3652,22,8,1915.472,24.4893901,2.047135193,86.45224481,44.87906658,71.67004546,14.63069979,15.19999238
11,112,5,11249,42,26,4226,4211,2611,422611,422,262,42262,23,8,1478.25088,25.3066223,2.126439503,85.45727319,44.90640941,68.64903094,16.00370036,14.84850406
11,112,5,11249,100,101,100101,10011,10111,10010111,1002,1012,1001012,24,8,1664.65728,24.54157649,2.084999434,86.20826429,44.90988507,71.24239402,15.62692795,15.50628531
11,112,5,11250,49,77,4977,4911,7711,497711,492,772,49772,25,8,1699.19776,24.64603258,2.007240305,86.39486991,43.56336693,71.52743515,15.52005307,15.41254575
11,112,5,11250,88,42,8842,8811,4211,884211,882,422,88422,26,8,1620.08272,24.35514035,2.009961008,86.18944324,44.3060263,70.42456883,14.90987856,14.42523249
11,112,5,11250,17,51,1751,1711,5111,175111,172,512,17512,27,8,1728.2392,25.51781141,2.032330819,86.55158287,43.82660328,70.69264898,14.74651389,17.03169422
11,112,5,11250,50,82,5082,5011,8211,508211,502,822,50822,28,8,1458.12432,24.04553987,1.894850909,87.79127405,43.04933784,73.19656607,14.8945133,17.3486094
11,112,5,11250,89,90,8990,8911,9011,899011,892,902,89902,29,8,1694.04848,24.54403908,1.972010063,86.6358942,44.22736819,71.98387284,15.41491701,16.27402244
11,112,6,11250,31,61,3161,3111,6111,316111,312,612,31612,30,8,1725.2296,-999,2.043679951,86.22084362,45.25560105,70.05770273,14.37474214,16.25521216
11,112,6,11250,99,101,99101,9911,10111,9910111,992,1012,991012,31,8,1539.77248,24.94057175,2.132731235,84.00935641,46.95311864,69.47830566,14.61213471,12.33196688
11,112,6,11250,10,41,1041,1011,4111,104111,102,412,10412,32,8,1556.33408,24.45595438,1.903248632,86.49456246,44.71817902,71.71021083,14.65513042,14.1054263
11,112,2,11251,48,74,4874,4811,7411,487411,482,742,48742,33,8,1554.16096,23.65438457,1.959060879,87.00027998,43.80254033,71.42949843,17.43901803,11.73641061
11,112,2,11251,12,84,1284,1211,8411,128411,122,842,12842,34,8,1607.98272,23.8418665,2.007951968,87.01487392,44.5788068,71.34908651,17.9999393,10.27300976
11,112,2,11251,92,96,9296,9211,9611,929611,922,962,92962,35,8,1713.98296,25.83170432,2.131396854,85.46647937,46.6341992,69.55927467,16.4647303,10.48405231
11,112,2,11251,92,94,9294,9211,9411,929411,922,942,92942,36,8,1704.6896,25.34577785,2.11559302,86.4988291,45.76147643,69.48110882,16.78249474,8.686388795
11,112,2,11251,23,60,2360,2311,6011,236011,232,602,23602,37,8,1796.25632,24.51079226,2.097624462,86.14137118,45.39520501,68.97815752,17.06361562,10.27374303
11,112,2,11251,14,63,1463,1411,6311,146311,142,632,14632,38,8,1741.32432,24.24546538,1.969285668,87.56105007,44.62601123,72.05272192,17.31380953,10.50959625
11,112,2,11251,56,83,5683,5611,8311,568311,562,832,56832,39,8,1673.2608,24.00119105,1.925227537,87.0132391,44.74318306,71.69635326,17.45824315,10.73546129
11,112,2,11251,3,23,323,311,2311,32311,32,232,3232,40,8,1839.3568,25.17008889,2.21871087,85.58399329,46.5482267,68.44204859,16.6014177,10.9269578
11,112,9,11252,25,67,2567,2511,6711,256711,252,672,25672,41,8,1734.06464,24.95635787,2.055804769,86.00853776,44.89239421,70.22632654,16.62511963,12.58891898
11,112,9,11252,41,86,4186,4111,8611,418611,412,862,41862,42,8,1915.91008,24.22407007,1.90559488,86.11074505,43.98381329,72.01286278,17.60384264,11.80523138
11,112,9,11252,63,66,6366,6311,6611,636611,632,662,63662,43,8,1808.12032,24.1749811,1.937650257,86.02254867,44.55148866,70.85466646,17.02878933,12.03157101
11,112,10,11252,6,88,688,611,8811,68811,62,882,6882,44,8,1817.04224,23.27457073,1.874478144,87.1085777,44.42881895,72.21223403,15.78879332,12.2977419
11,112,10,11252,104,102,104102,10411,10211,10410211,1042,1022,1041022,45,8,1859.04472,22.47166032,1.895001646,86.43822268,44.30062992,71.53696319,16.00501814,12.89551271
11,112,10,11252,28,34,2834,2811,3411,283411,282,342,28342,46,8,1804.0656,24.06787479,2.039982339,85.6799953,45.20372262,69.74798386,15.48141001,12.70114795
11,112,10,11252,68,46,6846,6811,4611,684611,682,462,68462,47,8,1772.6568,23.41427287,1.956737748,87.39679043,44.70246091,71.50867062,15.82031599,12.09048389
11,112,10,11252,35,42,3542,3511,4211,354211,352,422,35422,48,8,1768.0108,22.84628136,1.991235665,86.94760392,44.37944008,71.34954415,15.97115475,12.30538718
11,112,10,11253,31,75,3175,3111,7511,317511,312,752,31752,49,8,1677.1608,23.89180138,1.878468598,87.6612436,43.8410721,72.12412536,16.08153112,12.33922537
11,112,10,11253,21,55,2155,2111,5511,215511,212,552,21552,50,8,1835.37008,24.66052208,1.981821714,86.72082096,44.72565105,71.30909306,16.83727444,11.95354153
11,112,10,11253,98,102,98102,9811,10211,9810211,982,1022,981022,51,8,1610.48968,24.04170319,1.883900822,87.86997026,44.46045183,71.89853194,17.49725718,11.28747275
11,112,10,11253,96,98,9698,9611,9811,969811,962,982,96982,52,8,1519.41528,24.09445376,1.94971665,87.0173088,43.72353439,71.77324777,16.38400942,12.19503933
11,112,10,11253,49,55,4955,4911,5511,495511,492,552,49552,53,8,1761.57416,24.69721951,1.961409856,86.59434942,45.07275639,71.61003308,15.78858296,11.66379241
11,112,10,11253,20,29,2029,2011,2911,202911,202,292,20292,54,8,1877.284,24.62143262,2.057378867,85.31138343,44.7297084,70.00267204,15.10289003,12.66250452
11,112,10,11253,50,81,5081,5011,8111,508111,502,812,50812,55,8,1645.37256,24.26428995,1.980096672,86.09171958,44.31235156,71.75931327,15.50513332,12.33700834
11,112,10,11253,49,69,4969,4911,6911,496911,492,692,49692,56,8,1647.47176,24.57044173,2.009836938,85.74455542,45.10939523,70.06155869,16.40675133,11.50791447
11,112,10,11254,54,67,5467,5411,6711,546711,542,672,54672,57,8,1805.10736,24.63482769,1.996433289,85.37040293,45.28700385,70.14732284,15.5272704,12.38621821
11,112,10,11254,45,69,4569,4511,6911,456911,452,692,45692,58,8,1599.46736,23.69509297,1.971000968,86.91008108,43.87133752,72.87048829,15.69552727,12.26872658
11,112,10,11254,96,98,9698,9611,9811,969811,962,982,96982,59,8,1459.3204,24.44943054,2.08892491,86.30109802,44.76082253,70.84811026,16.46709102,12.14666886
11,112,10,11254,75,54,7554,7511,5411,755411,752,542,75542,60,8,1715.44064,24.45182084,1.974070933,86.43511647,45.17928593,71.17318779,15.71026013,12.7032476
11,112,10,11254,7,6,76,711,611,7611,72,62,762,61,8,1884.91816,26.42434536,2.253131028,84.25944556,47.31508959,67.83066744,15.09678342,12.37612514
11,112,10,11254,18,24,1824,1811,2411,182411,182,242,18242,62,8,1770.2944,24.51175747,1.999298856,86.36493809,45.07362538,71.16583946,15.64038117,12.3046739
11,112,10,11254,54,67,5467,5411,6711,546711,542,672,54672,63,8,1748.32784,24.99617545,2.077231024,85.42982613,45.47527553,69.36510988,15.73295715,12.64409698
11,112,10,11254,76,80,7680,7611,8011,768011,762,802,76802,64,8,1658.39488,24.77278542,2.109067105,85.15516662,45.16110341,69.23254318,15.46896858,13.3894
11,112,3,11255,51,6,516,5111,611,51611,512,62,5162,65,8,1798.82176,24.45118374,2.049055211,86.32410429,44.9142206,70.47309697,16.76297188,11.22805489
11,112,3,11255,49,10,4910,4911,1011,491011,492,102,49102,66,8,1590.14064,23.71599572,1.972686299,87.2540617,44.11550615,71.65056345,16.84569532,11.69146224
11,112,3,11255,73,56,7356,7311,5611,735611,732,562,73562,67,8,1614.03688,23.4866933,1.998805298,87.22161576,43.96574251,71.53150238,17.04329268,11.9800805
11,112,3,11255,18,47,1847,1811,4711,184711,182,472,18472,68,8,1635.41888,24.45446323,2.116009,86.41836476,44.97605473,70.06549818,17.12894986,11.25287256
11,112,3,11255,61,54,6154,6111,5411,615411,612,542,61542,69,8,1777.89664,24.42620887,2.046437928,86.12368876,45.54824662,70.62594428,16.51554066,11.26099933
11,112,3,11255,90,91,9091,9011,9111,909111,902,912,90912,70,8,1769.12408,24.10252588,1.972161709,86.40953186,44.87709805,71.17362434,16.86017573,11.32448185
11,112,3,11255,17,6,176,1711,611,17611,172,62,1762,71,8,1728.80928,24.66218074,2.159607012,85.90937863,45.82533521,69.41759883,16.66116909,11.46095347
11,112,3,11255,70,72,7072,7011,7211,707211,702,722,70722,72,8,1678.23168,24.51971383,2.05922494,86.24877354,45.56232793,70.2673277,16.69889947,12.25305314
11,112,7,11256,5,59,559,511,5911,55911,52,592,5592,73,8,1724.7424,24.85185328,2.20157057,85.00828168,46.13332319,69.74595959,15.67480479,11.03920746
11,112,7,11256,23,71,2371,2311,7111,237111,232,712,23712,74,8,1705.8112,24.34500252,1.854357081,87.7750435,45.66180268,73.37701559,15.81182361,11.58057141
11,112,7,11256,32,78,3278,3211,7811,327811,322,782,32782,76,8,1760.35632,24.47728668,2.029240149,85.86920715,45.78587579,71.16903129,16.25923286,11.27819773
11,112,7,11256,81,10,8110,8111,1011,811011,812,102,81102,77,8,1618.68992,24.51574416,2.076011983,85.72680789,45.40953701,70.53948293,16.5453238,11.68113615
11,112,7,11256,48,73,4873,4811,7311,487311,482,732,48732,78,8,1631.64656,23.77220322,2.2300804,86.06928732,45.28140477,70.13826749,17.00974183,12.50910804
11,112,7,11256,89,103,89103,8911,10311,8910311,892,1032,891032,79,8,1621.48336,24.33719403,2.098995875,86.19421898,45.01705277,70.93529939,16.48234349,10.91293758
11,112,7,11256,45,34,4534,4511,3411,453411,452,342,45342,80,8,1649.3564,25.90115207,2.322585347,84.75984954,47.53688841,67.86180751,16.12210783,10.6866613
11,112,7,11257,62,40,6240,6211,4011,624011,622,402,62402,81,8,1700.48608,24.1425239,2.073466455,87.2011774,44.93120638,69.95672738,16.52486377,10.92298383
11,112,7,11257,82,55,8255,8211,5511,825511,822,552,82552,82,8,1643.57648,24.76092566,2.050375805,86.43644043,44.92823751,71.99104937,16.76711583,11.62952568
11,112,7,11257,2,13,213,211,1311,21311,22,132,2132,84,8,1708.62336,24.84098669,2.291857763,86.4222649,45.67827663,66.68073568,16.7275476,11.80339218
11,112,7,11257,97,101,97101,9711,10111,9710111,972,1012,971012,85,8,1774.38832,25.31424106,1.988128833,86.24945727,46.89671725,71.22623546,15.60706559,11.42809539
11,112,7,11257,49,81,4981,4911,8111,498111,492,812,49812,86,8,1634.15112,23.97012049,2.147665339,86.10021728,44.67880563,70.59524914,16.67930236,11.50858989
11,112,7,11257,61,39,6139,6111,3911,613911,612,392,61392,87,8,1852.34032,24.66770736,2.17276088,85.45463274,45.28840134,68.55117527,16.58840269,10.37074449
11,112,7,11257,27,63,2763,2711,6311,276311,272,632,27632,88,8,1725.0884,26.16655464,2.106772081,85.61124004,47.614295,67.86820027,17.07572694,11.05929307
11,112,7,11258,47,3,473,4711,311,47311,472,32,4732,89,8,1753.29248,25.66778007,2.399500822,84.73146526,47.47355713,68.40639647,16.80388131,10.38735295
11,112,7,11258,83,81,8381,8311,8111,838111,832,812,83812,90,8,1606.22656,23.96622949,1.988444937,88.09365991,43.49446531,72.57414658,17.41965968,12.65411987
11,112,7,11258,42,29,4229,4211,2911,422911,422,292,42292,91,8,1662.72736,25.6510059,2.326352649,85.18087015,46.63593609,65.19042732,16.7901194,9.873132089
11,112,7,11258,77,83,7783,7711,8311,778311,772,832,77832,92,8,1671.17224,24.88342337,2.251703704,86.38682576,45.61920317,69.93224878,16.71372903,12.82578823
11,112,7,11258,16,42,1642,1611,4211,164211,162,422,16422,93,8,1784.42624,24.1746771,2.175432638,85.83550242,44.36504204,68.45697652,15.80881283,13.82503521
11,112,7,11258,34,85,3485,3411,8511,348511,342,852,34852,94,8,1793.67816,24.73048274,2.189486166,85.19297997,45.7187857,68.66806414,16.39306477,11.85009109
11,112,7,11258,70,11,7011,7011,1111,701111,702,112,70112,95,8,1804.4104,24.18952054,2.062740195,86.63538681,45.73836165,71.89348903,16.28869174,13.02962647
11,112,7,11258,58,72,5872,5811,7211,587211,582,722,58722,96,8,1907.56448,24.23010087,2.085572748,86.61684574,45.98115448,69.20775595,16.35335329,14.06544733
11,112,11,11259,99,102,99102,9911,10211,9910211,992,1022,991022,97,8,1714.90816,25.11957919,2.169306154,85.04035165,46.77256505,68.0717109,16.1006299,10.76153298
11,112,11,11259,17,65,1765,1711,6511,176511,172,652,17652,98,8,1741.47936,24.87241564,2.174027322,85.95343866,45.6675479,69.91251619,16.14351366,10.68026425
11,112,11,11259,71,64,7164,7111,6411,716411,712,642,71642,99,8,1739.82832,24.04027082,2.055753035,86.6484146,44.51540989,71.55967465,17.087698,9.851634342
11,112,11,11259,78,9,789,7811,911,78911,782,92,7892,100,8,1611.0896,23.24152406,2.001595898,87.07513695,44.12456757,72.08122223,17.42776599,11.50974418
11,112,11,11259,47,68,4768,4711,6811,476811,472,682,47682,101,8,1689.60024,24.29634711,2.127769636,86.02347773,45.05865136,70.39162022,17.29287646,10.19596786
11,112,11,11259,59,12,5912,5911,1211,591211,592,122,59122,102,8,1730.19984,24.34177872,2.050886384,87.04237301,45.09981164,71.92447635,17.3279999,10.94654662
11,112,11,11259,31,4,314,3111,411,31411,312,42,3142,103,8,1713.17952,24.87367753,2.180824932,85.63019555,45.90379641,70.23765928,17.19884883,11.10649571
11,112,11,11259,38,14,3814,3811,1411,381411,382,142,38142,104,8,1656.49616,23.01480425,1.956044708,87.52454155,43.63689883,71.9209571,17.1022984,11.52271523
11,112,8,11260,81,10,8110,8111,1011,811011,812,102,81102,105,8,1763.67152,24.21022629,2.291973109,87.12400921,45.31021205,69.86642406,17.12219313,12.73731317
11,112,8,11260,32,8,328,3211,811,32811,322,82,3282,106,8,1803.22304,25.25176082,2.067290502,86.0264292,45.92110081,71.8319835,15.79069777,11.72908828
11,112,8,11260,87,13,8713,8711,1311,871311,872,132,87132,107,8,1711.08128,25.01378829,2.1479007,86.21530302,47.1801382,70.08794291,16.9685166,12.22250351
11,112,8,11260,10,62,1062,1011,6211,106211,102,622,10622,108,8,1735.43256,24.62579221,2.073086077,86.71222522,46.27591391,70.82637104,16.67954696,9.90507205
11,112,8,11260,33,1,331,3311,111,33111,332,12,3312,110,8,1746.3576,-999,2.214419449,85.60361411,46.62097954,70.98563286,16.67651062,11.76148674
11,112,8,11260,87,57,8757,8711,5711,875711,872,572,87572,111,8,1646.41816,25.36289085,2.186292166,86.45026392,45.52617343,70.03117261,16.71771099,11.00008422
11,112,8,11260,69,10,6910,6911,1011,691011,692,102,69102,112,8,1762.726,25.04128928,2.27891815,85.9220818,46.22870126,67.64483793,17.11698759,10.52572519
11,112,13,11261,63,66,6366,6311,6611,636611,632,662,63662,113,8,1837.4492,-999,2.191648371,85.69710819,46.94916504,70.68537061,16.00144522,13.17866254
11,112,13,11261,64,48,6448,6411,4811,644811,642,482,64482,114,8,1683.52152,23.51081077,2.096516523,87.36290681,42.89969302,71.23708867,16.93901697,12.0292921
11,112,13,11261,61,19,6119,6111,1911,611911,612,192,61192,115,8,1901.12352,26.51153932,2.500393203,84.44250096,46.53459261,67.75633002,15.93022352,12.89388203
11,112,13,11261,78,14,7814,7811,1411,781411,782,142,78142,116,8,1712.45464,23.51962414,2.079932088,88.24296197,42.20688324,72.31453043,17.81171499,11.7917774
11,112,13,11261,8,14,814,811,1411,81411,82,142,8142,117,8,1617.69912,23.77932494,1.974683592,88.18790457,43.62172256,71.86265713,16.84161236,12.09908192
11,112,13,11261,83,55,8355,8311,5511,835511,832,552,83552,118,8,1688.4704,24.76304703,2.070060092,87.07011691,45.1187101,70.59295065,16.5014394,10.51948048
11,112,13,11261,32,1,321,3211,111,32111,322,12,3212,119,8,1876.80664,24.35332646,2.094251885,86.79693554,44.44953069,70.03019601,15.90915049,11.42014072
11,112,13,11261,82,21,8221,8211,2111,822111,822,212,82212,120,8,1907.95544,24.91969149,2.047142078,86.78343923,44.67070079,70.46399758,16.05516938,11.88307401
11,112,13,11262,30,67,3067,3011,6711,306711,302,672,30672,121,8,1730.66432,24.50850197,2.07912022,87.04418899,44.91864636,70.73717749,16.30239878,10.63276434
11,112,13,11262,88,16,8816,8811,1611,881611,882,162,88162,122,8,1784.68544,-999,2.146081165,86.5326621,45.7090701,71.40335092,15.99325548,12.43715977
11,112,13,11262,35,37,3537,3511,3711,353711,352,372,35372,123,8,1691.8328,24.35648859,2.162731211,87.15505865,44.52565878,70.64110896,17.13455495,11.71917755
11,112,13,11262,89,104,89104,8911,10411,8910411,892,1042,891042,124,8,1594.47984,23.67808675,2.061703473,87.19787122,43.91751997,70.91741142,17.58588356,11.5873762
11,112,13,11262,46,13,4613,4611,1311,461311,462,132,46132,125,8,1744.0008,23.19192863,2.08901507,87.32400677,43.61116364,71.91026756,17.36332492,12.54062022
11,112,13,11262,89,101,89101,8911,10111,8910111,892,1012,891012,126,8,1529.89392,-999,2.196848275,86.47220956,44.98783395,70.62432667,17.52107807,13.87709685
11,112,13,11262,65,7,657,6511,711,65711,652,72,6572,127,8,1864.69624,24.95479466,2.264813315,85.87205862,45.78844662,68.47064112,16.56270322,12.66503471
11,112,13,11262,53,75,5375,5311,7511,537511,532,752,53752,128,8,1702.36416,23.543476,2.050070227,87.87378088,43.74431871,72.59918938,17.1126147,12.11252954
11,112,11,11263,87,57,8757,8711,5711,875711,872,572,87572,129,8,1657.51168,24.93901701,2.159550392,85.25161511,45.72330754,70.60645556,16.20118515,10.96753759
11,112,11,11263,1,43,143,111,4311,14311,12,432,1432,130,8,1750.984,24.2044253,2.015894651,86.22516969,44.67357712,71.42234336,16.43421748,12.28626267
11,112,11,11263,74,59,7459,7411,5911,745911,742,592,74592,131,8,1928.42072,24.59923747,2.025795823,85.86278325,45.43323453,70.34645873,16.67361499,12.47209959
11,112,11,11263,36,12,3612,3611,1211,361211,362,122,36122,132,8,1867.25816,24.0194341,1.913665286,86.85701606,44.66101218,72.00654932,16.59114326,12.21006193
11,112,11,11263,9,14,914,911,1411,91411,92,142,9142,133,8,1677.42656,23.70479333,1.881600796,87.28364073,43.90593752,72.44357935,16.9618522,12.33460472
11,112,11,11263,34,41,3441,3411,4111,344111,342,412,34412,134,8,1735.01416,24.24899795,1.915111598,86.14329138,44.63122002,71.6238871,17.18191951,12.13594891
11,112,11,11263,46,13,4613,4611,1311,461311,462,132,46132,135,8,1715.96784,23.75293627,1.946282423,87.1098901,44.18297186,71.62868288,17.27990539,12.58556505
11,112,11,11263,92,95,9295,9211,9511,929511,922,952,92952,136,8,1690.5316,23.78349043,1.989955867,86.85830613,44.67894451,71.54189369,17.48049794,11.99614828
11,112,12,11264,88,29,8829,8811,2911,882911,882,292,88292,137,8,1628.83376,23.96373322,1.940087747,86.41586734,44.70448822,71.64366792,15.20680058,11.94097927
11,112,12,11264,18,68,1868,1811,6811,186811,182,682,18682,138,8,1882.10168,24.73099419,1.939647884,86.3050514,46.05358077,70.65859098,15.29536177,11.76620596
11,112,12,11264,95,99,9599,9511,9911,959911,952,992,95992,139,8,1593.32472,23.29662197,1.909457547,87.94433039,44.08311733,72.5572878,15.97477667,11.13744249
11,112,12,11264,30,31,3031,3011,3111,303111,302,312,30312,140,8,1482.11776,-999,2.163583745,86.35930198,45.37249708,70.64865898,15.20244603,14.36908518
11,112,12,11264,54,30,5430,5411,3011,543011,542,302,54302,141,8,1535.06096,23.33098721,1.889415788,86.48081224,45.28982791,71.76208876,15.50893123,10.67143684
11,112,12,11264,1,78,178,111,7811,17811,12,782,1782,142,8,1612.82688,23.78086229,1.917627842,88.81757338,44.52008804,72.49135318,16.48368869,13.54692811
11,112,12,11264,28,62,2862,2811,6211,286211,282,622,28622,143,8,1565.88512,23.30087459,1.841670668,88.79532614,43.92226753,72.35390931,16.66546018,13.92648065
11,112,12,11264,71,44,7144,7111,4411,714411,712,442,71442,144,8,1663.4976,24.13782599,1.956755017,88.16751664,44.45092892,71.95588184,15.74387615,13.65437567
12,121,14,1211,48,14,4814,4812,1412,481412,481,141,48141,1,1,1130.90503,23.64684132,2.497541731,86.4580972,43.5054815,68.67972404,16.09456031,14.66489003
12,121,14,1211,19,65,1965,1912,6512,196512,191,651,19651,2,1,1430.90963,27.4122472,2.948778427,82.4343883,49.33765044,62.5620802,12.7986873,14.0412539
12,121,14,1211,78,27,7827,7812,2712,782712,781,271,78271,3,1,1066.795778,26.73590217,2.776019858,82.79924169,47.71219758,63.75175729,11.87883945,14.480068
12,121,14,1211,7,35,735,712,3512,73512,71,351,7351,4,1,1141.596089,25.67524708,2.634867416,84.0313322,45.82681803,65.06403475,11.95443192,16.18764656
12,121,14,1211,24,47,2447,2412,4712,244712,241,471,24471,5,1,1117.117363,25.82338398,2.561207096,84.48506108,45.27363919,63.75519916,12.17598221,15.80915309
12,121,14,1211,1,48,148,112,4812,14812,11,481,1481,6,1,1023.667615,25.08199548,2.77199557,83.61098575,44.73163025,63.80597906,12.81822001,15.18206156
12,121,14,1211,2,23,223,212,2312,22312,21,231,2231,7,1,1327.715237,26.89882381,2.663976712,82.37975594,47.40326071,63.00218645,12.82699099,15.29397768
12,121,14,1211,71,44,7144,7112,4412,714412,711,441,71441,8,1,1171.680296,26.06536599,2.478271192,84.78416542,46.63662214,65.92132031,12.86053404,15.63937687
12,121,14,1212,16,29,1629,1612,2912,162912,161,291,16291,9,1,1302.305874,26.58704131,2.626548993,83.21420347,46.63767656,64.49356258,12.34438137,14.83769622
12,121,14,1212,23,71,2371,2312,7112,237112,231,711,23711,10,1,1198.628074,26.5017072,2.637402006,83.58195085,46.86235066,65.11781679,13.14149496,15.37249688
12,121,14,1212,38,74,3874,3812,7412,387412,381,741,38741,11,1,1219.821296,26.08841365,2.546644893,83.63857764,45.87269367,63.63595676,12.5278379,15.35085318
12,121,14,1212,50,81,5081,5012,8112,508112,501,811,50811,12,1,1091.172444,25.45461436,2.470780265,85.50235887,44.34344743,65.99302941,12.11926867,17.02070841
12,121,14,1212,59,12,5912,5912,1212,591212,591,121,59121,13,1,1448.108667,25.97346054,2.403702303,84.41076961,45.72280358,66.50583939,12.53347856,16.09661055
12,121,14,1212,31,61,3161,3112,6112,316112,311,611,31611,14,1,1350.724296,27.08724456,2.454079007,82.88853301,47.04608661,63.99608759,12.53513113,14.70921701
12,121,14,1212,46,48,4648,4612,4812,464812,461,481,46481,15,1,1216.705726,25.76012025,2.436603895,84.80541603,45.30388705,66.15475429,13.41204171,14.73550206
12,121,14,1212,61,30,6130,6112,3012,613012,611,301,61301,16,1,1235.736407,26.95888503,2.529738213,83.41538254,47.44602994,63.85495164,13.03935058,14.53480593
12,121,14,1213,2,60,260,212,6012,26012,21,601,2601,17,1,1141.053007,26.03146804,2.609883347,83.61897267,46.13925622,63.9763744,13.31230828,14.56710129
12,121,14,1213,76,80,7680,7612,8012,768012,761,801,76801,18,1,1257.949489,25.50094043,2.585008671,84.21097637,45.4669385,64.44363905,12.63820351,15.3474849
12,121,14,1213,68,46,6846,6812,4612,684612,681,461,68461,19,1,1187.96083,25.85379346,2.306954432,84.36386301,46.13654766,65.69486059,13.03267079,14.53486327
12,121,14,1213,40,45,4045,4012,4512,404512,401,451,40451,20,1,1044.175511,25.13947173,2.405729905,85.86620971,43.99083016,66.97088882,12.95823676,15.37550107
12,121,14,1213,35,53,3553,3512,5312,355312,351,531,35531,21,1,1103.228178,25.62536075,2.397343151,84.64785821,45.75343962,64.56065277,11.72393981,14.78933115
12,121,14,1213,18,47,1847,1812,4712,184712,181,471,18471,22,1,1278.019674,26.15194848,2.454171633,84.77497803,45.5457986,65.31995351,12.42890314,13.44357577
12,121,14,1213,77,82,7782,7712,8212,778212,771,821,77821,23,1,1179.220926,25.36420012,2.350701018,84.49907786,45.56121283,65.90514362,10.87962281,15.12352048
12,121,14,1213,87,57,8757,8712,5712,875712,871,571,87571,24,1,1114.78117,25.9135594,2.645118093,83.41336854,46.09432349,63.00317035,12.13639709,14.75039999
12,121,14,1214,89,104,89104,8912,10412,8910412,891,1041,891041,25,1,1143.020482,25.66277528,2.374430953,84.64425641,44.74757604,65.70473597,12.73273445,15.19212451
12,121,14,1214,14,36,1436,1412,3612,143612,141,361,14361,26,1,1127.633496,26.40222752,2.440663747,84.46537442,45.70288876,65.40904663,11.3834068,15.88991319
12,121,14,1214,75,39,7539,7512,3912,753912,751,391,75391,27,1,1148.440148,26.22680466,2.468264088,82.87777222,46.47358457,65.00661588,12.4826024,14.95305829
12,121,14,1214,35,29,3529,3512,2912,352912,351,291,35291,28,1,1173.482015,26.50548619,2.6787537,82.97839878,46.66998274,63.68633059,11.21769786,15.2572302
12,121,14,1214,34,40,3440,3412,4012,344012,341,401,34401,29,1,1262.95717,25.99959479,2.428468842,83.68623087,46.15354178,63.97002401,12.6547035,14.51882184
12,121,14,1214,37,58,3758,3712,5812,375812,371,581,37581,30,1,1267.69203,26.2635358,2.342965007,83.72357772,46.82273007,64.49775875,11.68560211,15.15621966
12,121,14,1214,46,57,4657,4612,5712,465712,461,571,46571,31,1,942.9213482,25.06621968,2.30582613,84.73605137,45.00529016,66.14519832,12.27600654,15.67994197
12,121,14,1214,11,76,1176,1112,7612,117612,111,761,11761,32,1,1178.191681,25.75793899,2.493964533,84.27369908,45.17484205,64.41068753,12.75023587,15.24035056
12,121,14,1215,42,26,4226,4212,2612,422612,421,261,42261,33,1,1003.985044,26.67236522,2.827454621,82.22389639,46.71819739,62.77317223,12.7923108,13.81389429
12,121,14,1215,48,74,4874,4812,7412,487412,481,741,48741,34,1,1198.539615,26.12824514,2.299267968,85.19847721,45.54596977,65.70779679,12.4722421,14.97198109
12,121,14,1215,100,101,100101,10012,10112,10010112,1001,1011,1001011,35,1,1214.956496,25.22575193,2.268327444,86.17831053,44.40629785,69.30466859,12.9561098,15.65795838
12,121,14,1215,65,7,657,6512,712,65712,651,71,6571,36,1,1280.849555,26.75416022,2.410086682,84.25597873,46.43378796,64.69663186,12.39012364,14.79870395
12,121,14,1215,84,61,8461,8412,6112,846112,841,611,84611,37,1,1102.087207,26.05772483,2.658867978,83.10870823,46.32787035,63.08131398,12.77637204,15.01992182
12,121,14,1215,16,42,1642,1612,4212,164212,161,421,16421,38,1,1128.518281,26.13584356,2.295853794,85.32941677,45.7216905,65.91645711,12.17901218,15.00594534
12,121,14,1215,34,62,3462,3412,6212,346212,341,621,34621,39,1,1080.272585,25.75850715,2.381205728,84.07492379,45.63481078,65.64247565,11.37007594,16.41367829
12,121,14,1215,19,30,1930,1912,3012,193012,191,301,19301,40,1,1080.760726,26.46701811,2.455300741,83.47712139,46.19697141,65.25863763,12.45111328,15.04598427
12,121,14,1216,65,88,6588,6512,8812,658812,651,881,65881,41,1,1011.418037,25.65099413,2.250718484,85.27959158,45.64010877,66.30992296,13.12674196,14.74431047
12,121,14,1216,27,63,2763,2712,6312,276312,271,631,27631,42,1,967.0123704,25.04003212,2.089771914,85.84716357,44.7501486,67.74791173,12.1928501,16.1540075
12,121,14,1216,21,45,2145,2112,4512,214512,211,451,21451,43,1,1268.728756,26.02077098,2.226543594,84.99264107,46.19673172,66.88991837,11.77504319,15.70259127
12,121,14,1216,62,40,6240,6212,4012,624012,621,401,62401,44,1,1100.316815,25.94857938,2.246508323,85.16875496,46.70255642,66.09927153,12.04798961,15.21435443
12,121,14,1216,22,75,2275,2212,7512,227512,221,751,22751,45,1,1266.009133,26.37737833,2.250182248,85.70140388,47.31903995,64.69613424,12.31121946,13.74099311
12,121,14,1216,45,69,4569,4512,6912,456912,451,691,45691,46,1,1050.479741,25.72157924,2.263600305,85.41091398,46.14037133,66.36085543,13.54486666,15.0147944
12,121,14,1216,72,76,7276,7212,7612,727612,721,761,72761,47,1,1240.777926,25.8184021,2.250144353,86.00590228,45.66859448,66.97857249,12.15959997,14.77478483
12,121,14,1216,73,56,7356,7312,5612,735612,731,561,73561,48,1,1043.60437,25.5233337,2.157453977,85.82152797,44.91530399,67.14212036,12.04844888,15.03846209
12,121,15,1217,44,32,4432,4412,3212,443212,441,321,44321,49,1,867.2062593,23.86194443,2.151021531,86.36472607,42.38025934,68.64723942,12.71651272,16.64363049
12,121,15,1217,56,44,5644,5612,4412,564412,561,441,56441,50,1,1272.66237,24.99972395,2.265445583,86.0463455,43.89191435,67.53549659,12.60940699,15.50643322
12,121,15,1217,89,92,8992,8912,9212,899212,891,921,89921,51,1,1438.168444,25.74513489,2.518523137,85.14519457,44.88588397,65.7586994,13.04270115,14.79216336
12,121,15,1217,91,103,91103,9112,10312,9110312,911,1031,911031,52,1,1118.620748,23.76308284,2.139394837,87.31010176,42.17019223,68.65696213,12.7093737,16.4856111
12,121,15,1217,87,73,8773,8712,7312,877312,871,731,87731,53,1,1201.331444,23.94166669,2.116182895,86.87581216,42.61852893,67.63503952,12.9079951,16.02058294
12,121,15,1217,44,64,4464,4412,6412,446412,441,641,44641,54,1,1197.49843,24.60615551,2.139359072,86.56301655,42.95767855,67.8451166,12.567381,15.62598291
12,121,15,1217,51,35,5135,5112,3512,513512,511,351,51351,55,1,1221.324148,24.68130408,2.202330348,85.62787633,43.35429038,67.29190595,12.88560289,15.38710109
12,121,15,1217,13,73,1373,1312,7312,137312,131,731,13731,56,1,1364.686963,23.96486964,2.084106654,87.327194,42.71697381,69.37228439,12.94473238,15.44033544
12,121,15,1218,87,13,8713,8712,1312,871312,871,131,87131,57,1,1321.59843,24.42658619,2.214908944,86.42295693,43.56801493,66.93936623,13.06398108,15.51104894
12,121,15,1218,18,3,183,1812,312,18312,181,31,1831,58,1,1398.539111,24.62403516,2.172897742,86.59170764,43.94672012,67.17191515,12.87225432,15.3976979
12,121,15,1218,92,93,9293,9212,9312,929312,921,931,92931,59,1,1503.111504,26.02438435,2.375946682,84.84634107,46.38172979,65.56652483,12.86363106,13.45542896
12,121,15,1218,62,85,6285,6212,8512,628512,621,851,62851,60,1,1316.402948,24.20764732,2.229539836,87.14722612,43.54588803,67.77540031,12.85293174,16.41321773
12,121,15,1218,24,15,2415,2412,1512,241512,241,151,24151,61,1,1144.398074,22.55353327,1.892630759,88.82420276,40.61755397,71.43037719,13.04936963,17.44167325
12,121,15,1218,83,55,8355,8312,5512,835512,831,551,83551,62,1,1317.105296,23.63893433,2.096672929,86.58622783,42.97640746,70.00114614,12.9979111,15.46352871
12,121,15,1218,11,77,1177,1112,7712,117712,111,771,11771,63,1,1303.838955,24.2340856,2.210473747,86.18135988,43.1020644,66.97756908,13.45412881,14.5814979
12,121,15,1218,76,82,7682,7612,8212,768212,761,821,76821,64,1,1143.444933,24.2017847,2.163950237,87.14016671,43.34809661,67.93610593,13.18330438,15.81054901
12,121,15,1219,37,11,3711,3712,1112,371112,371,111,37111,65,1,1286.369585,24.69006709,2.178235298,86.57087316,42.91696607,68.69197671,13.10184498,15.24644744
12,121,15,1219,16,37,1637,1612,3712,163712,161,371,16371,66,1,1251.671333,24.54511452,2.205384349,87.07190077,43.88362621,68.79379875,13.1942505,15.38983166
12,121,15,1219,20,26,2026,2012,2612,202612,201,261,20261,67,1,1108.033437,24.81295884,2.28341774,86.94921372,43.33832902,67.00785059,13.26182772,15.31042468
12,121,15,1219,37,53,3753,3712,5312,375312,371,531,37531,68,1,1123.884,24.17621418,2.325558986,86.28575187,42.86265614,66.98858875,12.69211786,16.2232002
12,121,15,1219,12,4,124,1212,412,12412,121,41,1241,69,1,1390.163111,25.62944027,2.492346416,85.12133346,45.487299,65.04919503,12.21281909,15.1503508
12,121,15,1219,39,19,3919,3912,1912,391912,391,191,39191,70,1,1295.390178,25.29930932,2.423607537,85.6455569,44.76946596,65.43274691,13.16865878,15.37343117
12,121,15,1219,60,57,6057,6012,5712,605712,601,571,60571,71,1,1003.757185,24.57817451,2.282150228,86.74026381,43.55532555,67.0495201,12.94067747,15.95158973
12,121,15,1219,98,101,98101,9812,10112,9810112,981,1011,981011,72,1,1023.277289,23.98479383,2.268165703,86.61600875,42.45453579,67.33240574,12.55617868,16.77745361
12,121,15,12110,78,27,7827,7812,2712,782712,781,271,78271,73,1,933.6880594,23.86881117,2.209720331,87.27619901,43.12153376,69.137353,13.10517176,16.7731727
12,121,15,12110,99,100,99100,9912,10012,9910012,991,1001,991001,74,1,907.2763556,23.67649025,1.974544346,87.49527548,41.80739445,69.40998968,12.74781036,17.3086482
12,121,15,12110,28,62,2862,2812,6212,286212,281,621,28621,75,1,1012.655126,23.18760913,1.972338735,87.75132568,41.50263453,70.27084167,12.66313768,18.30796125
12,121,15,12110,37,70,3770,3712,7012,377012,371,701,37701,76,1,1318.493496,25.45828777,2.201714774,86.46810539,44.43568881,68.62727282,13.0231308,15.31235047
12,121,15,12110,31,75,3175,3112,7512,317512,311,751,31751,77,1,1284.931081,24.03783112,2.03336258,86.91110585,42.6291218,68.17611438,12.83582877,17.39038396
12,121,15,12110,30,7,307,3012,712,30712,301,71,3071,78,1,1166.3012,24.61540724,2.117722621,86.508417,43.06439662,67.3904095,12.77621679,16.10483646
12,121,15,12110,30,67,3067,3012,6712,306712,301,671,30671,79,1,1095.201267,24.61290029,2.065812149,86.96059387,43.29797511,68.11940427,12.75201295,16.11928017
12,121,15,12110,63,36,6336,6312,3612,633612,631,361,63361,80,1,1318.129659,24.58703886,2.016597395,87.0709373,44.75364401,68.64407634,12.66017561,16.14136692
12,121,15,12111,25,67,2567,2512,6712,256712,251,671,25671,81,1,1128.436022,23.91574451,2.085382121,87.09339495,43.71813511,69.02120301,12.92261344,16.15677549
12,121,15,12111,79,86,7986,7912,8612,798612,791,861,79861,82,1,1358.126178,24.63456951,2.162869415,85.75266127,45.93697733,68.26482543,12.32547696,15.24615828
12,121,15,12111,82,21,8221,8212,2112,822112,821,211,82211,83,1,1255.322911,25.12218614,2.093985576,86.60676836,45.07678003,67.3492046,13.14137909,14.20229051
12,121,15,12111,66,67,6667,6612,6712,666712,661,671,66671,84,1,1330.937511,24.5829841,2.035079689,86.76414592,44.60571436,68.92610784,12.15428274,15.45063447
12,121,15,12111,7,51,751,712,5112,75112,71,511,7511,85,1,1290.669793,24.12212023,1.999506043,86.88581642,45.24948186,69.70447728,10.98827432,16.70154039
12,121,15,12111,62,85,6285,6212,8512,628512,621,851,62851,86,1,1331.702919,24.68494419,2.110450447,85.95905172,45.09472978,68.74743859,12.21921698,16.15719762
12,121,15,12111,75,84,7584,7512,8412,758412,751,841,75841,87,1,1156.558793,23.80621316,1.863766943,87.74395991,43.47913377,69.83945745,12.19102707,17.70730395
12,121,15,12111,31,22,3122,3112,2212,312212,311,221,31221,88,1,1101.9254,24.07804045,1.955219658,86.80056854,44.01684453,69.66450778,13.23233843,16.00587218
12,121,15,12112,3,46,346,312,4612,34612,31,461,3461,89,1,1185.71503,24.13319251,2.05758517,86.28388613,44.18761178,67.7525177,13.06592478,16.45657496
12,121,15,12112,55,56,5556,5512,5612,555612,551,561,55561,90,1,1239.315822,25.74343318,2.028642979,86.10931161,45.7486445,68.90575423,12.60634326,14.88633846
12,121,15,12112,21,83,2183,2112,8312,218312,211,831,21831,91,1,1366.97903,25.3580958,2.015880638,85.52417065,45.86139615,69.10200806,13.32359079,13.93880738
12,121,15,12112,39,25,3925,3912,2512,392512,391,251,39251,92,1,1102.406422,24.96896899,2.024392117,85.68084548,45.13679213,69.55469664,12.75046995,15.28111614
12,121,15,12112,96,99,9699,9612,9912,969912,961,991,96991,93,1,1163.6644,25.10457305,2.039869838,85.67195565,45.95625375,68.61392847,13.2644194,13.8144841
12,121,15,12112,72,76,7276,7212,7612,727612,721,761,72761,94,1,1260.524837,24.35272102,1.965382937,85.63290096,45.61617845,70.33820206,12.56170711,15.14404508
12,121,15,12112,84,39,8439,8412,3912,843912,841,391,84391,95,1,1231.318696,25.79894274,2.201523053,84.25883579,46.90510687,67.94979183,12.98485037,15.09687758
12,121,15,12112,27,74,2774,2712,7412,277412,271,741,27741,96,1,1269.505467,25.41727256,1.970756262,85.11737097,46.05719144,69.37993726,13.09542539,13.92061014
12,121,16,12113,18,68,1868,1812,6812,186812,181,681,18681,97,1,1277.730637,25.34601372,2.192207275,86.06178319,45.33502909,68.07614382,12.74419629,14.89941537
12,121,16,12113,50,82,5082,5012,8212,508212,501,821,50821,98,1,924.8013925,23.73072605,2.092357597,87.07537302,43.09673377,70.62621326,12.71149276,16.47189499
12,121,16,12113,83,81,8381,8312,8112,838112,831,811,83811,99,1,1111.923926,24.12538285,2.123729824,87.58558079,43.94709344,69.49051885,13.16198302,15.71508604
12,121,16,12113,89,92,8992,8912,9212,899212,891,921,89921,100,1,1450.899941,25.44606823,2.349793292,85.36740774,47.10313053,67.05449581,12.36651427,14.23897586
12,121,16,12113,33,64,3364,3312,6412,336412,331,641,33641,101,1,1077.865807,25.55378561,2.242457904,84.64003892,45.20760239,66.74860241,13.11432487,14.05310182
12,121,16,12113,46,60,4660,4612,6012,466012,461,601,46601,102,1,1048.259333,24.46890715,2.156489801,86.02242283,43.88707177,68.29133791,13.24614811,15.71921677
12,121,16,12113,43,8,438,4312,812,43812,431,81,4381,103,1,1228.745385,24.77223432,2.204489255,84.91466265,46.40789803,67.66143189,10.17212508,16.40778971
12,121,16,12113,70,11,7011,7012,1112,701112,701,111,70111,104,1,1089.876904,24.43705962,2.136665223,85.87262196,44.60610476,68.35446621,13.56593756,14.60335235
12,121,16,12114,28,34,2834,2812,3412,283412,281,341,28341,105,1,1376.10723,25.14345756,2.192402592,85.87392319,45.20689381,68.60124129,13.32702426,14.44436678
12,121,16,12114,79,41,7941,7912,4112,794112,791,411,79411,106,1,1123.657133,25.38688886,2.071063309,86.01117025,44.81068297,68.8045812,12.41288385,15.76967234
12,121,16,12114,34,41,3441,3412,4112,344112,341,411,34411,107,1,1212.01717,24.40061798,1.977017794,87.30150649,43.86294858,70.01645781,12.74979483,16.44921084
12,121,16,12114,49,77,4977,4912,7712,497712,491,771,49771,108,1,1121.118015,23.28519114,1.953277134,87.88182506,42.99256925,71.32173965,12.82591893,17.54000568
12,121,16,12114,47,68,4768,4712,6812,476812,471,681,47681,109,1,1127.622,25.17946333,2.109455823,85.71622143,45.43785999,69.18595331,13.00977486,14.70312668
12,121,16,12114,70,11,7011,7012,1112,701112,701,111,70111,110,1,1065.468104,24.67290739,2.197087349,85.6317146,44.62096391,69.08068106,13.2918372,15.33276095
12,121,16,12114,33,1,331,3312,112,33112,331,11,3311,111,1,1212.981548,24.82749902,2.341397628,84.9251437,45.53119788,67.11468925,12.07146042,15.36504275
12,121,16,12114,57,73,5773,5712,7312,577312,571,731,57731,112,1,1172.739222,24.93776071,2.298717774,85.75171285,44.99162502,67.24334858,12.97754286,14.9043426
12,121,16,12115,32,78,3278,3212,7812,327812,321,781,32781,113,1,1180.234311,24.23761838,2.113693722,87.06506651,45.2297644,68.70610799,11.70357027,16.74527506
12,121,16,12115,75,4,754,7512,412,75412,751,41,7541,114,1,1409.012993,25.32524605,2.275594886,85.33780223,46.33902387,68.32700589,12.85595963,14.84367854
12,121,16,12115,21,55,2155,2112,5512,215512,211,551,21551,115,1,1279.497156,25.62673788,2.250795608,85.30636541,45.48156046,68.17462229,12.27440198,14.55491005
12,121,16,12115,29,70,2970,2912,7012,297012,291,701,29701,116,1,1007.837259,24.99211348,2.188013504,85.39319381,44.85222106,68.61370732,12.81900422,15.32741285
12,121,16,12115,35,37,3537,3512,3712,353712,351,371,35371,117,1,1065.622074,24.54442877,2.124589153,86.4351462,45.61462034,68.83189949,13.00270495,15.23927954
12,121,16,12115,63,59,6359,6312,5912,635912,631,591,63591,118,1,1338.762,25.29227455,2.217994665,85.60291542,46.76051965,68.97058113,12.69698468,14.9388267
12,121,16,12115,68,87,6887,6812,8712,688712,681,871,68871,119,1,1278.5944,25.61982618,2.179664595,85.30910549,46.5296144,67.87187211,12.60218071,14.18513285
12,121,16,12115,6,20,620,612,2012,62012,61,201,6201,120,1,1172.346081,25.1111499,2.380130821,84.20298132,47.10569009,66.36230199,12.34528301,14.42419563
12,121,16,12116,10,28,1028,1012,2812,102812,101,281,10281,121,1,1279.181044,25.04224649,2.266967099,85.30347868,45.08578026,68.42521565,12.97228172,14.69950387
12,121,16,12116,57,33,5733,5712,3312,573312,571,331,57331,122,1,1039.202474,25.50038304,2.259938375,84.5627622,45.81452118,67.0567947,13.49989224,13.82863716
12,121,16,12116,78,9,789,7812,912,78912,781,91,7891,123,1,1157.890518,24.63276752,2.029571262,86.68150079,44.56433114,69.88215445,12.05717437,15.72403967
12,121,16,12116,14,63,1463,1412,6312,146312,141,631,14631,124,1,1201.261704,25.39493306,2.233727536,85.19142158,45.57343974,67.5926598,13.23731957,14.22133848
12,121,16,12116,31,61,3161,3112,6112,316112,311,611,31611,125,1,1056.460296,23.44077858,2.065177449,87.23861766,45.98159747,69.67046122,12.59200426,15.17262302
12,121,16,12116,80,21,8021,8012,2112,802112,801,211,80211,126,1,1101.378741,24.69171649,2.165974162,85.39465755,46.48184268,68.66419347,11.33543455,16.05486623
12,121,16,12116,61,54,6154,6112,5412,615412,611,541,61541,127,1,1256.159852,24.96966681,2.201350876,84.73541809,46.26103292,69.82022778,13.0491733,14.66540577
12,121,16,12116,75,54,7554,7512,5412,755412,751,541,75541,128,1,1106.326074,25.04459771,2.178944286,84.4479558,47.10542255,68.05295657,12.87996176,15.27859182
12,121,14,12117,50,80,5080,5012,8012,508012,501,801,50801,1,2,1105.168815,24.68496269,2.723287335,84.09891389,44.56331919,64.37843726,12.95703239,16.48484778
12,121,14,12117,104,102,104102,10412,10212,10410212,1041,1021,1041021,2,2,1360.954245,26.04297419,2.710344741,83.58610935,46.2863919,64.54390322,12.72470305,15.20588493
12,121,14,12117,24,3,243,2412,312,24312,241,31,2431,4,2,1180.63497,25.52994692,2.596743394,84.29589821,46.21275438,64.86212676,13.11207101,15.50867648
12,121,14,12117,96,98,9698,9612,9812,969812,961,981,96981,6,2,975.5709038,25.61479663,2.739407606,83.84446359,45.27745998,63.46152911,12.89642161,14.84122516
12,121,14,12117,49,55,4955,4912,5512,495512,491,551,49551,7,2,1236.893333,26.59471988,2.479125293,83.71343399,46.51048986,64.24270328,12.91348813,13.84602627
12,121,14,12117,104,92,10492,10412,9212,1049212,1041,921,104921,8,2,1208.318,26.98357476,2.822070692,82.19210844,48.6146719,62.50510979,12.86387164,15.71678826
12,121,14,12118,70,77,7077,7012,7712,707712,701,771,70771,9,2,1278.126296,27.4211503,2.592585719,83.00083356,47.64627848,63.61065461,12.81709152,14.14247708
12,121,14,12118,2,13,213,212,1312,21312,21,131,2131,10,2,1297.525519,26.10555746,2.592146641,83.51429504,46.459135,64.2303583,12.89504068,15.26489051
12,121,14,12118,74,52,7452,7412,5212,745212,741,521,74521,11,2,1320.818111,25.69952683,2.419991719,84.45630493,45.60100809,65.44215,12.81202662,15.49813919
12,121,14,12118,38,14,3814,3812,1412,381412,381,141,38141,12,2,1293.830593,25.76091946,2.427827601,85.07969021,44.89301085,65.83381828,13.16519063,15.42302597
12,121,14,12118,99,101,99101,9912,10112,9910112,991,1011,991011,13,2,1408.330659,26.7257532,2.407339682,82.83724972,48.06135527,63.45438505,12.88580159,14.7571057
12,121,14,12118,48,52,4852,4812,5212,485212,481,521,48521,14,2,1439.388904,26.66689785,2.501019427,84.00641281,46.79340239,64.11115711,13.2896005,15.20333232
12,121,14,12118,61,25,6125,6112,2512,612512,611,251,61251,15,2,1641.26917,26.98833907,2.758946592,81.79916092,48.37637003,63.23137756,12.7305944,14.33223128
12,121,14,12118,71,73,7173,7112,7312,717312,711,731,71731,16,2,1373.339185,25.27237163,2.549833669,85.49770806,45.72910463,65.47532068,13.12668956,16.61335639
12,121,14,12119,43,78,4378,4312,7812,437812,431,781,43781,17,2,1117.329111,25.58044901,2.247767997,84.28726013,45.85291111,65.50429214,12.20198549,14.630717
12,121,14,12119,104,91,10491,10412,9112,1049112,1041,911,104911,18,2,1192.833748,26.4683682,2.620813273,84.24322557,46.27912915,64.70223202,13.45599542,14.05913678
12,121,14,12119,52,5,525,5212,512,52512,521,51,5251,19,2,1305.140259,26.76282587,2.613248699,83.53765003,46.91222834,63.91078409,12.90624459,13.08045997
12,121,14,12119,17,88,1788,1712,8812,178812,171,881,17881,20,2,1200.156815,26.21162816,2.52344464,85.41636587,46.33740522,65.46632251,13.33076029,13.46374189
12,121,14,12119,47,3,473,4712,312,47312,471,31,4731,21,2,1369.826304,26.07212171,2.490722112,84.60489286,46.5953405,65.02958311,12.72127166,14.05604434
12,121,14,12119,12,22,1222,1212,2212,122212,121,221,12221,22,2,1199.630741,24.19848384,2.375222792,87.06470879,45.54620605,67.17715151,13.67575834,14.21337643
12,121,14,12119,71,64,7164,7112,6412,716412,711,641,71641,23,2,1379.633807,26.32910313,2.404113604,84.21877958,46.01313288,64.97933272,12.43482958,13.69660707
12,121,14,12119,49,10,4910,4912,1012,491012,491,101,49101,24,2,1232.777481,25.55731485,2.529134887,84.61867049,45.18905819,64.05369292,12.91820137,13.33877386
12,121,14,12120,52,5,525,5212,512,52512,521,51,5251,25,2,1333.489978,26.20709004,2.554309084,83.42547298,46.22399041,65.66802317,12.62401379,14.11355527
12,121,14,12120,89,102,89102,8912,10212,8910212,891,1021,891021,26,2,1282.269452,25.92442396,2.441925032,84.48700439,45.5816097,65.90797765,12.93070013,14.92628821
12,121,14,12120,97,98,9798,9712,9812,979812,971,981,97981,27,2,1207.127881,24.05080247,2.119509673,86.06033312,44.04558685,68.55353793,12.66723122,16.49205979
12,121,14,12120,50,18,5018,5012,1812,501812,501,181,50181,28,2,1309.256363,25.6625348,2.354987498,85.25188873,45.46860633,66.0346299,13.44490144,14.51384288
12,121,14,12120,18,24,1824,1812,2412,182412,181,241,18241,29,2,1299.282222,26.294674,2.281660933,83.68898944,46.14423657,65.54252226,12.1946024,14.47708112
12,121,14,12120,10,79,1079,1012,7912,107912,101,791,10791,30,2,1065.980748,25.88566239,2.463461673,84.25553378,45.96112002,63.68096686,12.84452701,14.84286275
12,121,14,12120,82,21,8221,8212,2112,822112,821,211,82211,31,2,1241.93937,25.80882947,2.216119895,85.30440665,45.99622045,65.97758664,12.57214893,14.43307643
12,121,14,12120,45,69,4569,4512,6912,456912,451,691,45691,32,2,1078.23543,25.70475419,2.477864026,85.37940503,45.85334782,65.03401282,13.217992,14.25161921
12,121,14,12121,78,50,7850,7812,5012,785012,781,501,78501,33,2,1105.674993,25.71400431,2.3157935,84.43866443,45.90111136,65.7645456,12.64046072,15.22897958
12,121,14,12121,17,7,177,1712,712,17712,171,71,1771,34,2,1307.92737,26.30393164,2.338565008,84.03723857,46.08054184,65.27203093,12.58439859,14.7998872
12,121,14,12121,99,101,99101,9912,10112,9910112,991,1011,991011,35,2,1239.190911,26.11680369,2.381863844,85.20900309,46.78163623,64.59156189,13.74874263,14.46613688
12,121,14,12121,69,34,6934,6912,3412,693412,691,341,69341,36,2,1247.061718,25.05265539,2.26787018,85.6212728,45.08962793,67.80972452,13.53704573,15.69309501
12,121,14,12121,57,71,5771,5712,7112,577112,571,711,57711,37,2,1216.144741,26.61102802,2.452681785,84.12902675,46.57704309,64.09676281,12.68768415,14.45136421
12,121,14,12121,17,51,1751,1712,5112,175112,171,511,17511,38,2,1229.928815,26.22095659,2.468519973,84.67588442,46.7158626,63.25665385,12.84455544,13.92204835
12,121,14,12121,17,51,1751,1712,5112,175112,171,511,17511,39,2,1338.952348,26.36886519,2.335578378,83.52779691,47.01532332,64.2591191,12.55033134,14.6711048
12,121,14,12121,25,65,2565,2512,6512,256512,251,651,25651,40,2,1047.85863,25.0643213,2.211378968,85.64870778,46.02525781,65.38958943,13.25110236,14.66427005
12,121,14,12122,45,34,4534,4512,3412,453412,451,341,45341,41,2,1422.545956,27.21323703,2.340497606,83.41145434,47.73412944,65.15810582,11.41804869,14.73646266
12,121,14,12122,69,10,6910,6912,1012,691012,691,101,69101,42,2,1184.067593,26.16641376,2.312963589,85.34665051,45.76768959,65.44498616,13.03240685,14.59047583
12,121,14,12122,38,74,3874,3812,7412,387412,381,741,38741,43,2,1442.028593,26.77034809,2.235422029,84.19805315,47.3413114,65.08307829,12.45527926,14.72856611
12,121,14,12122,1,38,138,112,3812,13812,11,381,1381,44,2,1408.207274,25.82202356,2.346626166,85.00209822,46.36179039,65.29310625,12.74887847,14.64239338
12,121,14,12122,4,25,425,412,2512,42512,41,251,4251,45,2,1385.322104,26.36923675,2.283111355,84.73418591,47.53777245,65.98724981,13.14569508,13.85373413
12,121,14,12122,87,71,8771,8712,7112,877112,871,711,87711,46,2,1406.490311,26.614089,2.506788688,84.46569966,47.27175303,63.83556177,12.69526748,13.71528716
12,121,14,12122,51,82,5182,5112,8212,518212,511,821,51821,47,2,1237.738222,26.13092721,2.204129956,86.125349,45.74954793,67.93596263,12.97299135,14.0995264
12,121,14,12122,20,37,2037,2012,3712,203712,201,371,20371,48,2,1152.350593,25.68231572,2.377119983,85.57751225,46.4604647,64.78177888,13.60959399,13.50915332
12,121,15,12123,70,77,7077,7012,7712,707712,701,771,70771,49,2,1347.590148,25.68404506,2.36718499,85.22610504,45.27912077,65.56817325,12.78814422,14.2107541
12,121,15,12123,92,93,9293,9212,9312,929312,921,931,92931,50,2,1552.507319,25.94142137,2.498082361,85.26204954,46.4203995,65.81426582,12.9545352,14.21632934
12,121,15,12123,89,101,89101,8912,10112,8910112,891,1011,891011,51,2,1307.173637,24.86595229,2.316954915,85.3532125,43.70581173,65.13145782,13.15530929,14.88038511
12,121,15,12123,54,67,5467,5412,6712,546712,541,671,54671,52,2,1199.178252,24.15724717,2.227594799,86.1018673,43.77165783,67.37215448,13.02367532,15.63033412
12,121,15,12123,28,79,2879,2812,7912,287912,281,791,28791,53,2,1298.561333,24.33974789,2.200879152,86.26821765,43.60296939,66.68998584,13.01854877,16.41565581
12,121,15,12123,51,6,516,5112,612,51612,511,61,5161,54,2,1310.803911,25.04394212,2.293291826,85.42666898,44.23474833,65.83056743,12.90558207,15.00825689
12,121,15,12123,79,82,7982,7912,8212,798212,791,821,79821,55,2,1188.138963,24.49905274,2.217428212,85.62157913,43.62691116,67.20128478,12.82916607,15.46358074
12,121,15,12123,8,14,814,812,1412,81412,81,141,8141,56,2,1171.788741,23.76877291,2.083436617,87.61802713,42.18642432,68.99002982,13.19415462,15.42169825
12,121,15,12124,60,73,6073,6012,7312,607312,601,731,60731,57,2,1266.490696,23.70805643,2.088269933,87.24607938,42.09070919,68.23141643,12.92051613,15.78416668
12,121,15,12124,100,102,100102,10012,10212,10010212,1001,1021,1001021,58,2,1116.979807,23.6267263,2.082202279,87.66394172,42.25185516,69.60330531,13.38304661,15.25447471
12,121,15,12124,69,28,6928,6912,2812,692812,691,281,69281,59,2,1186.020074,23.80857395,2.145395511,87.54054085,41.85636596,68.86949216,13.25477031,16.59459367
12,121,15,12124,24,3,243,2412,312,24312,241,31,2431,60,2,1132.006785,23.29574253,2.118993862,87.55351529,42.62312014,68.09228558,13.17618323,16.30937563
12,121,15,12124,48,74,4874,4812,7412,487412,481,741,48741,61,2,1125.653748,23.72951777,2.108449355,86.78165084,42.01725722,68.18061965,12.55184888,16.82009259
12,121,15,12124,72,80,7280,7212,8012,728012,721,801,72801,62,2,1228.029711,23.21289549,2.046360148,87.42878777,42.39543758,68.90482546,13.14336689,17.1341659
12,121,15,12124,78,9,789,7812,912,78912,781,91,7891,63,2,1144.677867,23.40317832,2.094082869,87.25495801,41.70068703,69.40691283,12.90653324,17.15921053
12,121,15,12124,88,20,8820,8812,2012,882012,881,201,88201,64,2,1167.335926,24.29167573,2.140365231,86.70558194,43.94956599,67.14838768,13.51200109,14.52046509
12,121,15,12125,79,34,7934,7912,3412,793412,791,341,79341,65,2,1214.013956,24.70572718,2.214756904,86.62031303,43.33584973,67.88782525,12.38226539,15.80230257
12,121,15,12125,38,14,3814,3812,1412,381412,381,141,38141,66,2,1171.87823,23.62841217,2.033746566,87.97230815,42.08651797,70.56169102,13.27474584,16.33429971
12,121,15,12125,69,79,6979,6912,7912,697912,691,791,69791,67,2,1151.695348,23.51074354,2.193887545,86.88443721,42.12021518,69.00862221,13.09212888,16.53301712
12,121,15,12125,52,63,5263,5212,6312,526312,521,631,52631,68,2,1171.760815,24.25068045,2.233158225,86.55421573,43.4461404,68.28998036,13.17038906,15.4696365
12,121,15,12125,13,33,1333,1312,3312,133312,131,331,13331,69,2,1118.003726,24.69141545,2.198460495,86.55708021,43.33183694,67.86212916,13.05596426,16.47755679
12,121,15,12125,87,57,8757,8712,5712,875712,871,571,87571,70,2,1046.2776,24.7903139,2.321419973,86.20207849,42.98749355,67.55442759,13.22129932,15.79805286
12,121,15,12125,9,63,963,912,6312,96312,91,631,9631,71,2,1140.006941,23.17809609,1.988883083,87.90240937,41.87087341,68.99495673,12.5949774,17.86710712
12,121,15,12125,46,13,4613,4612,1312,461312,461,131,46131,72,2,968.4433778,22.84569176,2.1135709,87.23254938,41.83724949,68.63590216,12.63698784,16.78645183
12,121,15,12126,23,13,2313,2312,1312,231312,231,131,23131,73,2,1113.577482,24.64728251,2.155608091,87.7121877,43.24356018,68.3990369,12.79442301,16.88955607
12,121,15,12126,17,6,176,1712,612,17612,171,61,1761,74,2,1129.824089,24.42738303,2.148812567,87.49502159,43.07928594,68.56050708,12.89909919,16.21875103
12,121,15,12126,49,10,4910,4912,1012,491012,491,101,49101,75,2,1143.468741,23.65003956,1.978392405,87.66786209,41.64388497,69.15774883,12.873547,17.94313121
12,121,15,12126,58,77,5877,5812,7712,587712,581,771,58771,76,2,1098.793022,24.10808367,2.107579196,87.52325232,42.31543641,69.76049737,13.29803724,16.14035962
12,121,15,12126,15,3,153,1512,312,15312,151,31,1531,77,2,1284.333385,24.5628165,2.190414124,86.21034155,42.97631533,67.25473296,13.35179296,15.53443883
12,121,15,12126,99,102,99102,9912,10212,9910212,991,1021,991021,78,2,1288.142593,-999,2.154589412,86.34450529,43.24973538,67.99223987,13.97101833,15.67943715
12,121,15,12126,50,24,5024,5012,2412,502412,501,241,50241,79,2,1096.29763,23.71148754,2.01496556,87.45062005,42.52908563,68.11160227,12.22979814,17.39442476
12,121,15,12126,15,68,1568,1512,6812,156812,151,681,15681,80,2,1229.278,24.76811664,2.034682895,86.38712454,43.74319931,68.33105066,13.28612491,16.11176942
12,121,15,12127,41,85,4185,4112,8512,418512,411,851,41851,81,2,1172.245733,24.19775121,2.034013462,86.87836096,43.57638529,69.25716581,12.92855238,16.80961059
12,121,15,12127,97,101,97101,9712,10112,9710112,971,1011,971011,82,2,1339.382637,24.80650342,1.940426653,87.34413255,45.56895213,70.71702773,12.93787872,14.27759722
12,121,15,12127,88,42,8842,8812,4212,884212,881,421,88421,83,2,1094.407378,24.51285696,1.937966457,87.29619631,43.75750465,69.66101974,12.84322992,14.79576984
12,121,15,12127,2,50,250,212,5012,25012,21,501,2501,84,2,1117.475822,24.06245724,1.884174588,87.20839641,43.54761373,69.98482215,12.62562259,16.60895269
12,121,15,12127,44,45,4445,4412,4512,444512,441,451,44451,85,2,1223.260489,24.82734775,2.130000785,86.59982599,44.19117245,68.25621669,12.80946026,16.6942528
12,121,15,12127,15,3,153,1512,312,15312,151,31,1531,86,2,1178.996207,24.33799444,1.867313572,86.85518905,44.25858434,70.23047429,12.42435474,16.40127608
12,121,15,12127,64,48,6448,6412,4812,644812,641,481,64481,87,2,1139.608622,24.16158246,1.858196114,87.62803301,43.06865798,70.01278291,12.13662973,16.99303231
12,121,15,12127,23,71,2371,2312,7112,237112,231,711,23711,88,2,1236.404333,25.26399511,2.253316362,85.75155507,45.92425156,67.7147633,13.02718515,16.1194032
12,121,15,12128,76,80,7680,7612,8012,768012,761,801,76801,89,2,1190.914785,22.92315539,1.807157566,87.76396444,43.47364806,70.37062398,11.72306953,19.30880997
12,121,15,12128,8,14,814,812,1412,81412,81,141,8141,90,2,1079.037711,23.84642308,1.909188587,87.0099611,43.99955839,69.3736934,13.06148024,16.97401454
12,121,15,12128,55,79,5579,5512,7912,557912,551,791,55791,91,2,1156.135644,24.80717307,2.162622261,85.15598728,45.89260149,67.59427779,12.89247345,15.96191463
12,121,15,12128,65,16,6516,6512,1612,651612,651,161,65161,92,2,1100.14517,23.84520212,1.925410855,86.6693829,44.61698218,69.36381326,12.91583055,17.47163794
12,121,15,12128,104,93,10493,10412,9312,1049312,1041,931,104931,93,2,1095.978489,24.07242825,1.935158607,86.70775306,43.96528268,69.29009502,13.04624143,15.88828362
12,121,15,12128,27,52,2752,2712,5212,275212,271,521,27521,94,2,1053.146341,23.79943509,1.879373666,86.71262324,44.49332734,70.43231353,12.92324609,16.52859751
12,121,15,12128,38,27,3827,3812,2712,382712,381,271,38271,95,2,1167.009911,24.42846858,2.000851442,85.53939284,45.92862098,69.565167,13.48159243,15.95190173
12,121,15,12128,100,103,100103,10012,10312,10010312,1001,1031,1001031,96,2,1032.8684,24.36865249,1.947415432,85.65046735,44.94445954,69.82573065,14.46225966,14.58150114
12,121,16,12129,92,95,9295,9212,9512,929512,921,951,92951,97,2,1120.798778,22.72441068,1.848211234,88.31793359,42.38296039,72.31719617,13.02039401,17.23561915
12,121,16,12129,83,69,8369,8312,6912,836912,831,691,83691,98,2,944.2482073,23.02110646,2.113836005,87.5263599,43.55572223,70.29292056,12.79759581,18.01446468
12,121,16,12129,2,23,223,212,2312,22312,21,231,2231,99,2,1162.063452,25.10648953,2.374908117,85.21324963,46.14562317,66.49651215,12.49653578,15.38357566
12,121,16,12129,8,9,89,812,912,8912,81,91,891,100,2,1072.560682,24.7417697,2.225873775,86.45835751,43.81337391,67.91133924,12.41059601,16.44443902
12,121,16,12129,30,31,3031,3012,3112,303112,301,311,30311,101,2,940.166074,24.47716638,2.142907086,86.47353642,44.12419953,68.08080278,12.78622279,16.03731258
12,121,16,12129,1,78,178,112,7812,17812,11,781,1781,102,2,1032.554193,24.13435018,2.198239452,86.11583069,44.15168708,68.44155442,13.03080563,16.78527532
12,121,16,12129,61,19,6119,6112,1912,611912,611,191,61191,103,2,1015.203719,25.34937193,2.23284215,85.22934045,46.4085757,67.75424775,12.85019632,14.42567632
12,121,16,12129,26,70,2670,2612,7012,267012,261,701,26701,104,2,917.2505777,24.90609097,2.129536899,86.03849548,44.15878981,69.07116919,12.95982943,16.56220034
12,121,16,12130,101,102,101102,10112,10212,10110212,1011,1021,1011021,105,2,1215.128281,25.44376208,2.256658664,85.00282039,45.03461011,68.46679474,12.90696192,15.45619012
12,121,16,12130,37,26,3726,3712,2612,372612,371,261,37261,106,2,1107.990681,24.3358208,2.237722593,86.14833085,44.74587479,68.62335479,12.1853471,16.60658183
12,121,16,12130,53,75,5375,5312,7512,537512,531,751,53751,107,2,1040.378326,23.67478782,2.04235432,87.23617738,43.52268955,69.29648506,12.91294033,16.63523025
12,121,16,12130,35,42,3542,3512,4212,354212,351,421,35421,108,2,892.3934667,23.08180992,1.908678289,88.04057462,42.58954822,71.27341386,12.95238945,17.25207294
12,121,16,12130,47,2,472,4712,212,47212,471,21,4721,109,2,1053.012511,25.35966591,2.337024659,84.59629769,45.79894647,65.9496277,12.38756339,16.71071487
12,121,16,12130,36,66,3666,3612,6612,366612,361,661,36661,110,2,1091.810556,23.66976465,2.091825112,86.730714,44.20197079,68.98195418,12.51596961,17.05821179
12,121,16,12130,104,92,10492,10412,9212,1049212,1041,921,104921,111,2,1319.825452,25.24517367,2.375860109,84.39944264,47.04932311,66.63444795,12.20892001,14.50002466
12,121,16,12130,35,53,3553,3512,5312,355312,351,531,35531,112,2,1177.926296,24.59792367,2.308666977,85.94090162,45.09524459,67.06161674,12.64177025,16.26798652
12,121,16,12131,104,93,10493,10412,9312,1049312,1041,931,104931,113,2,1218.173955,24.84069015,2.126084056,86.32941997,44.50425784,68.97004616,12.60939373,15.77071838
12,121,16,12131,72,21,7221,7212,2112,722112,721,211,72211,114,2,1368.697052,24.46079639,2.173302984,85.96384856,45.07615871,69.73839809,12.68153302,15.66321287
12,121,16,12131,53,26,5326,5312,2612,532612,531,261,53261,115,2,1077.147881,24.77331899,2.295414355,85.84767234,45.33694157,67.67080726,11.79863815,16.19867446
12,121,16,12131,88,16,8816,8812,1612,881612,881,161,88161,116,2,1054.119481,25.1662964,2.286018397,85.71589508,45.11641495,67.91806433,12.6856346,16.53297534
12,121,16,12131,30,67,3067,3012,6712,306712,301,671,30671,117,2,935.0829705,24.50321646,2.16017704,86.14250753,45.10543128,68.66618846,12.40745215,16.42746636
12,121,16,12131,47,49,4749,4712,4912,474912,471,491,47491,118,2,1030.459482,24.78131079,2.203381494,85.91085656,45.21350385,68.87346716,11.00282946,16.62293549
12,121,16,12131,75,4,754,7512,412,75412,751,41,7541,119,2,1059.428222,25.02151103,2.292661828,84.90149608,46.8280992,67.19604531,12.01616925,15.72206624
12,121,16,12131,42,58,4258,4212,5812,425812,421,581,42581,120,2,911.897926,24.13265593,1.972247001,87.14528257,43.99365809,70.25427586,12.65238841,16.60390548
12,121,16,12132,96,97,9697,9612,9712,969712,961,971,96971,121,2,994.3891111,25.09274419,2.187932885,85.25569278,45.21087074,68.18417801,12.81099278,15.26444829
12,121,16,12132,42,43,4243,4212,4312,424312,421,431,42431,122,2,914.9512963,24.6643519,2.24471768,85.5100178,44.98196471,67.62614964,13.27509503,14.62801189
12,121,16,12132,76,83,7683,7612,8312,768312,761,831,76831,123,2,1107.033778,24.8503195,2.20494138,85.33439873,45.07264721,68.98853621,12.16299105,15.77959012
12,121,16,12132,46,23,4623,4612,2312,462312,461,231,46231,124,2,1064.572889,23.9454721,2.145593626,86.25393519,44.31760442,69.75688077,13.53995874,15.05703596
12,121,16,12132,27,36,2736,2712,3612,273612,271,361,27361,125,2,1003.780741,25.16740107,2.203459169,85.14590146,45.46712909,67.88358037,12.45060405,14.52962239
12,121,16,12132,32,1,321,3212,112,32112,321,11,3211,126,2,949.6746667,23.77792972,2.061033464,86.2936663,44.90377463,69.23429919,12.46583767,17.17142159
12,121,16,12132,12,84,1284,1212,8412,128412,121,841,12841,127,2,968.1468889,25.03894808,2.0628771,85.63541703,45.77316973,69.09794796,12.17741638,15.35183529
12,121,16,12132,89,91,8991,8912,9112,899112,891,911,89911,128,2,923.7178519,24.07920698,2.019337333,85.70910606,44.73015318,69.93605855,13.95098521,15.35604975
12,121,14,12165,8,9,89,812,912,8912,81,91,891,1,5,1188.51477,26.16380548,2.566862897,83.8161338,45.76661025,64.65757766,12.93471554,14.11776856
12,121,14,12165,82,55,8255,8212,5512,825512,821,551,82551,2,5,1070.788178,26.25745471,2.468046988,84.78419525,46.74312892,65.07093108,12.40460022,13.82380827
12,121,14,12165,17,7,177,1712,712,17712,171,71,1771,3,5,1202.139541,25.50416762,2.504606526,85.29064642,45.3314296,65.09891915,12.50811447,15.1709642
12,121,14,12165,61,39,6139,6112,3912,613912,611,391,61391,4,5,1275.158467,26.39218539,2.514987813,84.94183982,46.67569419,64.53686987,12.51328921,15.81713001
12,121,14,12165,41,86,4186,4112,8612,418612,411,861,41861,5,5,1327.313518,26.14074026,2.518573396,83.90944021,46.58979048,63.75636058,12.88689001,14.12014202
12,121,14,12165,74,59,7459,7412,5912,745912,741,591,74591,6,5,1289.404667,25.72615631,2.362204141,84.72505368,46.26378423,65.67106385,12.11428092,16.12106722
12,121,14,12165,81,69,8169,8112,6912,816912,811,691,81691,7,5,942.2592445,24.86223019,2.406700369,85.12653707,44.67726439,65.3135455,12.72914499,15.68865329
12,121,14,12165,92,96,9296,9212,9612,929612,921,961,92961,8,5,1301.25597,26.62359197,2.893413169,83.07290297,47.65266348,62.8440693,12.08791182,14.98694529
12,121,14,12166,64,8,648,6412,812,64812,641,81,6481,9,5,1042.738326,25.5131964,2.237369793,85.85436044,44.9611879,67.41621902,12.93494883,15.41634215
12,121,14,12166,20,29,2029,2012,2912,202912,201,291,20291,10,5,1046.298222,26.44899068,2.701775244,83.35988345,46.08799807,63.7271325,12.24863698,15.15568075
12,121,14,12166,89,90,8990,8912,9012,899012,891,901,89901,11,5,1120.295407,24.95989045,2.427725786,84.73485259,44.32666188,65.24471178,12.57799844,16.88773668
12,121,14,12166,77,80,7780,7712,8012,778012,771,801,77801,12,5,1267.459296,26.16239618,2.43915082,83.81270065,45.84598131,64.55293416,11.99695611,15.90536679
12,121,14,12166,26,72,2672,2612,7212,267212,261,721,26721,13,5,1345.377074,26.0793548,2.359540417,83.98910192,46.43185854,64.35414411,12.91480553,15.07740609
12,121,14,12166,22,61,2261,2212,6112,226112,221,611,22611,14,5,1546.848548,27.26059975,2.491206444,83.58282995,47.16226725,64.44466786,12.72868038,14.41059182
12,121,14,12166,31,4,314,3112,412,31412,311,41,3141,15,5,1453.458326,26.27422333,2.449602159,83.41502713,48.08831352,64.66458768,12.9918012,14.00117415
12,121,14,12166,33,43,3343,3312,4312,334312,331,431,33431,16,5,1193.738585,26.22699368,2.399039345,84.25828753,46.48260043,65.21667599,13.39437954,14.3893215
12,121,14,12167,70,76,7076,7012,7612,707612,701,761,70761,17,5,1424.176015,26.10141063,2.373927443,83.24147246,46.77151698,64.48951051,13.17347005,13.66572396
12,121,14,12167,81,10,8110,8112,1012,811012,811,101,81101,18,5,1173.203155,26.16263799,2.481230102,85.41648859,45.49316587,63.74472381,13.25673988,13.82579268
12,121,14,12167,58,70,5870,5812,7012,587012,581,701,58701,19,5,1403.600111,26.45516135,2.435540245,84.13241217,46.3749618,65.39978826,12.67295231,13.34969624
12,121,14,12167,88,29,8829,8812,2912,882912,881,291,88291,20,5,1235.694489,25.97488382,2.308327611,85.88767,46.63357951,66.20982643,13.0015158,13.62183006
12,121,14,12167,89,102,89102,8912,10212,8910212,891,1021,891021,21,5,1472.674089,25.38448801,2.422590463,84.74976281,45.61705519,65.40005376,12.92209191,14.30128964
12,121,14,12167,67,65,6765,6712,6512,676512,671,651,67651,22,5,1177.939681,25.99658958,2.520488798,85.17562293,45.7384963,65.05676217,12.60662877,13.36370798
12,121,14,12167,54,19,5419,5412,1912,541912,541,191,54191,23,5,1271.190356,25.82508281,2.433278732,83.81432181,47.13896896,65.00411422,12.5419574,13.50145507
12,121,14,12167,32,64,3264,3212,6412,326412,321,641,32641,24,5,1144.372696,25.90118272,2.356818289,84.43471561,46.62372162,63.99322669,12.88362796,13.28584891
12,121,14,12168,46,13,4613,4612,1312,461312,461,131,46131,25,5,1194.381259,25.46990048,2.418073034,84.63121452,45.43516888,65.81346764,12.66513354,14.35427604
12,121,14,12168,64,43,6443,6412,4312,644312,641,431,64431,26,5,1145.361045,25.8479818,2.502860945,84.09766107,45.79982183,64.52834903,12.63475016,14.36883175
12,121,14,12168,49,45,4945,4912,4512,494512,491,451,49451,27,5,1086.182267,25.03957014,2.347263806,85.93728693,43.94680037,67.00102235,12.68360949,15.78003261
12,121,14,12168,69,79,6979,6912,7912,697912,691,791,69791,28,5,1009.223963,25.60579854,2.50283687,83.62862537,45.97699269,64.17300501,13.11253314,14.10648373
12,121,14,12168,25,65,2565,2512,6512,256512,251,651,25651,29,5,1163.113407,26.56251992,2.538816652,82.83533946,47.03432658,63.03591981,12.14184694,14.41471683
12,121,14,12168,11,72,1172,1112,7212,117212,111,721,11721,30,5,1196.547778,25.85725516,2.161419794,85.06796206,46.03626668,65.30415599,12.67504251,14.73903963
12,121,14,12168,56,33,5633,5612,3312,563312,561,331,56331,31,5,1076.490474,25.88012708,2.217467884,84.45591065,46.3733284,65.4498808,12.58066384,14.39199651
12,121,14,12168,11,72,1172,1112,7212,117212,111,721,11721,32,5,1392.196289,26.11360736,2.340810269,84.54445609,45.3811833,65.41590132,12.61146606,14.46178912
12,121,14,12169,44,8,448,4412,812,44812,441,81,4481,33,5,1392.264674,25.97705786,2.320458105,84.52980447,47.01122794,66.28413615,13.20758615,15.06400218
12,121,14,12169,96,97,9697,9612,9712,969712,961,971,96971,34,5,1209.051778,25.85408739,2.439928877,84.10285317,45.9192386,64.26918578,13.65128488,13.88244484
12,121,14,12169,82,49,8249,8212,4912,824912,821,491,82491,35,5,1194.403304,26.14836623,2.286662327,85.22093728,47.22359867,64.13346845,12.83402363,12.96785755
12,121,14,12169,104,90,10490,10412,9012,1049012,1041,901,104901,36,5,1135.530444,25.67959567,2.385416328,84.27082417,46.23120349,64.18987145,13.42895274,14.20220277
12,121,14,12169,10,28,1028,1012,2812,102812,101,281,10281,37,5,1451.250007,26.1422373,2.32648508,85.79297027,45.58020015,66.51937958,12.58658256,15.61469341
12,121,14,12169,77,83,7783,7712,8312,778312,771,831,77831,38,5,1067.095785,25.95350835,2.202247906,85.19216969,46.322412,65.46997158,12.26064097,13.70706633
12,121,14,12169,50,47,5047,5012,4712,504712,501,471,50471,39,5,1167.253407,25.02176505,2.299224964,85.78570031,45.99720533,65.97831092,13.063786,14.05951694
12,121,14,12169,90,92,9092,9012,9212,909212,901,921,90921,40,5,1494.342592,26.29840729,2.523389565,83.61436523,47.80332159,64.04323879,12.59272918,15.15311668
12,121,14,12170,32,8,328,3212,812,32812,321,81,3281,41,5,1278.066637,26.148321,2.237340887,84.37474307,47.13974633,65.62154308,13.19348176,13.81631546
12,121,14,12170,36,5,365,3612,512,36512,361,51,3651,42,5,1449.02883,25.76985651,2.396214521,85.22175887,46.52162403,65.59425413,13.21684058,14.38994662
12,121,14,12170,54,39,5439,5412,3912,543912,541,391,54391,43,5,1272.871393,26.58293033,2.358871158,84.7413275,47.39563408,64.46703912,13.35886327,13.29296751
12,121,14,12170,90,91,9091,9012,9112,909112,901,911,90911,44,5,1317.535852,26.01610499,2.204066903,84.9590276,46.56355011,65.28700817,12.56146673,14.19936298
12,121,14,12170,56,33,5633,5612,3312,563312,561,331,56331,45,5,1215.899452,25.62870974,2.363275109,85.52704942,47.3328779,65.49420429,13.66665759,12.76568783
12,121,14,12170,32,64,3264,3212,6412,326412,321,641,32641,46,5,1143.289133,26.07563824,2.302723174,85.87679174,46.18925655,65.432204,12.8366502,12.44903201
12,121,14,12170,88,42,8842,8812,4212,884212,881,421,88421,47,5,1170.150918,25.38650991,2.170857561,87.59277371,46.14800536,67.69937397,13.70595602,13.82775245
12,121,14,12170,91,92,9192,9112,9212,919212,911,921,91921,48,5,1165.032815,-999,2.156242664,86.27536809,45.346707,68.44805624,13.91834262,14.04341335
12,121,15,12171,15,68,1568,1512,6812,156812,151,681,15681,49,5,1225.846637,24.18489754,2.109634309,86.45493454,43.54985689,67.63513005,13.52567511,15.49424828
12,121,15,12171,88,29,8829,8812,2912,882912,881,291,88291,50,5,1299.669659,24.74175571,2.200872957,86.75792789,44.4220829,66.86467697,12.52249242,14.79795362
12,121,15,12171,62,86,6286,6212,8612,628612,621,861,62861,51,5,1536.427889,25.70306238,2.618968806,84.15462362,44.97225678,64.81318127,12.99497667,14.64924609
12,121,15,12171,91,93,9193,9112,9312,919312,911,931,91931,52,5,1220.398896,24.52316514,2.137817681,87.17650978,43.17607077,67.70448678,13.22770874,14.53689169
12,121,15,12171,81,28,8128,8112,2812,812812,811,281,81281,53,5,1371.055259,23.8717516,2.026319658,88.11503855,42.3310957,68.49441367,13.17713916,15.87710402
12,121,15,12171,6,88,688,612,8812,68812,61,881,6881,54,5,1309.042185,24.73614747,2.156667795,85.76980931,44.64296162,66.86952131,13.13606085,14.06487236
12,121,15,12171,54,67,5467,5412,6712,546712,541,671,54671,55,5,1196.454593,23.91065551,2.093033686,87.04348634,43.17369923,67.96062414,13.23606942,15.01747383
12,121,15,12171,93,96,9396,9312,9612,939612,931,961,93961,56,5,1121.774311,23.93848565,2.161988861,86.91463241,42.10440429,68.92986767,13.1760061,15.23298714
12,121,15,12172,1,48,148,112,4812,14812,11,481,1481,57,5,1148.843422,23.3405442,2.011102611,88.34150885,41.2395707,69.57656029,12.95859903,16.70798508
12,121,15,12172,56,83,5683,5612,8312,568312,561,831,56831,58,5,1091.512696,23.44267122,2.02320505,87.92109481,42.51848914,69.11776741,12.98848992,15.36629247
12,121,15,12172,92,94,9294,9212,9412,929412,921,941,92941,59,5,1315.911274,25.53777064,2.523263386,85.23527757,45.49437611,65.49790488,13.12895455,13.36552361
12,121,15,12172,51,20,5120,5112,2012,512012,511,201,51201,60,5,1066.32677,23.24895662,1.904532483,89.08733031,42.06522992,69.58448294,12.99890189,16.37491185
12,121,15,12172,6,16,616,612,1612,61612,61,161,6161,61,5,1156.030311,22.97194133,1.959837092,88.66989141,41.5303223,69.66671436,13.30807582,15.79035212
12,121,15,12172,2,87,287,212,8712,28712,21,871,2871,62,5,1058.298993,23.8502168,2.005261633,87.12067957,42.72156116,69.13647505,12.94460594,15.62443987
12,121,15,12172,4,19,419,412,1912,41912,41,191,4191,63,5,1206.593185,24.92776144,2.301880062,86.49937663,44.23110005,66.30011894,13.37984396,13.84070096
12,121,15,12172,33,1,331,3312,112,33112,331,11,3311,64,5,1059.197393,23.80590966,2.207887569,86.86171644,43.26278728,67.18858126,13.13031036,15.28834155
12,121,15,12173,33,32,3332,3312,3212,333212,331,321,33321,65,5,1071.990281,24.23279504,2.282697686,85.69789641,42.91149062,66.41669889,13.2467737,14.3540107
12,121,15,12173,7,51,751,712,5112,75112,71,511,7511,66,5,1249.034341,24.05262848,2.128577487,87.54253539,42.61372639,67.99608123,13.29701865,16.0942808
12,121,15,12173,59,12,5912,5912,1212,591212,591,121,59121,67,5,1422.094963,24.02450251,2.093457482,87.5487307,43.0963078,68.47491789,13.30966315,15.35102831
12,121,15,12173,1,8,18,112,812,1812,11,81,181,68,5,1104.475467,23.58410561,2.058009853,87.34640269,41.22003574,68.76503815,12.79128097,16.74963363
12,121,15,12173,44,1,441,4412,112,44112,441,11,4411,69,5,1014.124452,23.84248719,2.244941064,86.97057893,42.08975244,68.20750241,13.5824415,15.24581804
12,121,15,12173,63,66,6366,6312,6612,636612,631,661,63661,70,5,982.9998074,23.53234122,2.224397567,86.98738017,43.21909296,68.23150804,13.42507396,15.92533933
12,121,15,12173,8,38,838,812,3812,83812,81,381,8381,71,5,1331.474859,24.6084208,2.243275712,86.51888563,44.16991965,67.03368346,13.04375186,14.86799012
12,121,15,12173,55,45,5545,5512,4512,554512,551,451,55451,72,5,1191.465148,24.68832227,2.158268862,87.21812385,44.07695295,67.77780153,13.05067607,14.81612917
12,121,15,12174,92,94,9294,9212,9412,929412,921,941,92941,73,5,1432.802778,25.99557401,2.629891675,85.42083648,47.62088469,67.01743272,13.15837248,12.42293243
12,121,15,12174,50,24,5024,5012,2412,502412,501,241,50241,74,5,1098.54137,23.15659518,1.945027642,88.80287542,41.20466325,70.56511582,13.3465953,17.06831514
12,121,15,12174,43,78,4378,4312,7812,437812,431,781,43781,75,5,1258.087074,24.55618964,2.05863251,87.92575544,44.1154069,68.83878303,12.99246145,15.37577545
12,121,15,12174,3,23,323,312,2312,32312,31,231,3231,76,5,1448.925074,24.31532282,2.088311988,87.75456312,44.60001419,68.27701916,12.7427576,16.3297064
12,121,15,12174,25,67,2567,2512,6712,256712,251,671,25671,77,5,1270.068756,24.80231456,2.145858546,86.87807131,44.37575485,67.50978357,12.90729563,14.83233297
12,121,15,12174,91,94,9194,9112,9412,919412,911,941,91941,78,5,1382.724252,25.95561402,2.194868382,85.63623057,44.75905487,66.74852119,13.20695191,14.00605083
12,121,15,12174,51,6,516,5112,612,51612,511,61,5161,79,5,1471.428148,24.74538332,2.127955449,86.34251313,44.79078134,68.07580351,13.04919902,15.14149649
12,121,15,12174,104,101,104101,10412,10112,10410112,1041,1011,1041011,80,5,1333.941926,25.18742146,2.279132824,86.27740607,45.03527338,66.55969317,12.47706742,15.35440814
12,121,15,12175,83,3,833,8312,312,83312,831,31,8331,81,5,1370.69117,23.91728565,1.998858098,87.57490129,44.50729223,69.76188411,12.74184156,16.06300961
12,121,15,12175,89,100,89100,8912,10012,8910012,891,1001,891001,82,5,1224.637319,23.83126162,1.959449041,87.21254912,43.93084784,69.53592941,13.21825785,14.82705808
12,121,15,12175,25,19,2519,2512,1912,251912,251,191,25191,83,5,1276.083037,24.79069951,2.271225873,85.90679891,46.87173642,67.38689158,13.43962127,13.29052754
12,121,15,12175,78,14,7814,7812,1412,781412,781,141,78141,84,5,1186.011941,24.54044742,1.918022671,87.22239341,44.58224951,70.61816776,12.94220505,15.7710822
12,121,15,12175,68,60,6860,6812,6012,686012,681,601,68601,85,5,1459.110607,25.77001398,2.318541455,85.87938405,46.39372809,67.94643522,13.44299316,13.48439234
12,121,15,12175,55,45,5545,5512,4512,554512,551,451,55451,86,5,1218.746252,25.43896097,2.056605788,85.83010846,45.49868804,68.6297817,14.1781493,13.47870734
12,121,15,12175,37,26,3726,3712,2612,372612,371,261,37261,87,5,1372.649007,24.60353242,2.152200884,85.54402072,46.00323283,69.24940283,13.23837486,14.33023153
12,121,15,12175,10,62,1062,1012,6212,106212,101,621,10621,88,5,1290.712474,24.98938373,2.166257424,85.59118643,45.15029101,68.75190143,13.52928301,14.17568857
12,121,15,12176,84,4,844,8412,412,84412,841,41,8441,89,5,1422.11223,25.03109057,2.131314164,86.28042304,45.68285772,69.01345095,13.04608216,15.68626024
12,121,15,12176,9,74,974,912,7412,97412,91,741,9741,90,5,1193.409615,23.02393425,1.726364134,88.45814273,43.0668846,71.69980229,12.8977226,17.22963423
12,121,15,12176,14,52,1452,1412,5212,145212,141,521,14521,91,5,1107.467852,24.36403293,1.99767346,86.42822777,44.57402106,69.32870005,13.64224291,15.3227235
12,121,15,12176,13,57,1357,1312,5712,135712,131,571,13571,92,5,1048.779785,23.65264241,1.788515251,87.62602459,44.03869178,71.13975929,13.75573077,16.90692669
12,121,15,12176,88,35,8835,8812,3512,883512,881,351,88351,93,5,1066.897407,23.36897359,1.816806798,87.59101886,44.51301148,71.60365248,11.60668585,16.54241221
12,121,15,12176,89,103,89103,8912,10312,8910312,891,1031,891031,94,5,1043.945259,23.14113619,1.808601068,87.6927377,43.36343563,71.45632439,13.8763301,15.20318272
12,121,15,12176,34,85,3485,3412,8512,348512,341,851,34851,95,5,1141.570667,23.98428132,2.072449675,85.75464695,45.53628643,68.58078547,14.13257084,16.31840298
12,121,15,12176,9,27,927,912,2712,92712,91,271,9271,96,5,1048.517889,24.13882977,1.813283492,86.66092938,44.69233009,72.14559139,13.71588678,15.72753178
12,121,16,12177,90,91,9091,9012,9112,909112,901,911,90911,97,5,1148.243044,24.14298535,2.235265604,86.66943168,44.12178389,67.61400498,13.21979577,15.56165745
12,121,16,12177,90,102,90102,9012,10212,9010212,901,1021,901021,98,5,1261.264296,24.19329383,2.180186761,86.3019203,44.27719978,68.72745725,12.35088035,16.26148401
12,121,16,12177,65,7,657,6512,712,65712,651,71,6571,99,5,1227.049793,24.54896461,2.092419508,86.98863923,43.93904019,69.52713127,12.7083177,15.61820927
12,121,16,12177,2,87,287,212,8712,28712,21,871,2871,100,5,962.1609184,24.60589863,2.261132997,86.37040673,44.51143401,67.46063586,12.7184736,16.15405173
12,121,16,12177,2,13,213,212,1312,21312,21,131,2131,101,5,1100.769096,24.29081506,2.046181011,86.56930176,43.61670422,68.37733066,12.78552486,15.68375565
12,121,16,12177,104,103,104103,10412,10312,10410312,1041,1031,1041031,102,5,901.9777482,24.0709736,2.092242786,86.5992581,43.43379134,69.07371532,13.12681362,16.18455215
12,121,16,12177,41,40,4140,4112,4012,414012,411,401,41401,103,5,850.3724296,23.08928733,1.942843119,86.99773852,42.80680839,68.86350133,13.91422074,15.73185164
12,121,16,12177,64,43,6443,6412,4312,644312,641,431,64431,104,5,1155.882756,24.49186192,2.077155469,86.39784471,44.92172645,68.56950634,12.74322516,15.64809676
12,121,16,12178,48,9,489,4812,912,48912,481,91,4891,105,5,981.9644591,23.33507566,1.90662116,87.65895004,42.36171061,69.91005524,12.72678764,17.14054169
12,121,16,12178,44,64,4464,4412,6412,446412,441,641,44641,106,5,1135.002548,25.4453173,2.130047952,85.63832804,45.06031431,69.59472548,12.68434668,14.85675834
12,121,16,12178,60,87,6087,6012,8712,608712,601,871,60871,107,5,1178.603556,24.10141139,2.138436264,86.90559236,43.29307184,68.55557617,12.84632087,16.12093821
12,121,16,12178,31,75,3175,3112,7512,317512,311,751,31751,108,5,1027.682259,23.41486247,1.844814827,87.76891641,43.18274611,71.09602002,12.37494973,16.09880817
12,121,16,12178,23,60,2360,2312,6012,236012,231,601,23601,109,5,1167.528504,24.09602,2.030570313,86.71075837,44.1190015,70.69798697,13.18256083,15.32609258
12,121,16,12178,84,39,8439,8412,3912,843912,841,391,84391,110,5,1030.211037,24.51951658,2.179122033,86.0465173,44.34842446,68.87559989,13.12850027,15.63000257
12,121,16,12178,13,71,1371,1312,7112,137112,131,711,13711,111,5,1098.189244,24.2198017,1.995876419,86.86152373,43.84189256,69.46570055,13.43487159,14.91082296
12,121,16,12178,1,43,143,112,4312,14312,11,431,1431,112,5,1112.709556,24.87198811,2.220873733,86.32187332,45.3400105,68.10987012,12.54184676,15.15818015
12,121,16,12179,71,44,7144,7112,4412,714412,711,441,71441,113,5,1136.865037,24.67156153,2.150525439,86.6943493,44.8755608,69.14409467,13.22893451,15.09048675
12,121,16,12179,89,101,89101,8912,10112,8910112,891,1011,891011,114,5,1023.048593,24.86326235,2.197498522,85.27827879,44.25750741,68.04771727,13.04811837,15.47631419
12,121,16,12179,60,56,6056,6012,5612,605612,601,561,60561,115,5,1017.1462,24.16636971,2.094491852,87.1926115,44.45561332,69.79109147,11.23236173,16.56237401
12,121,16,12179,81,10,8110,8112,1012,811012,811,101,81101,116,5,763.3401186,22.85847046,1.971583589,87.64387612,42.12073546,70.37214838,12.74787493,18.04407726
12,121,16,12179,93,94,9394,9312,9412,939412,931,941,93941,117,5,775.2527851,24.68195175,2.133044608,87.00107235,43.88022048,70.40550855,13.23531249,15.6657379
12,121,16,12179,6,16,616,612,1612,61612,61,161,6161,118,5,828.223837,23.85074145,1.864204727,87.34751563,43.62888141,70.55248178,13.25831203,16.07732373
12,121,16,12179,104,91,10491,10412,9112,1049112,1041,911,104911,119,5,944.3961853,24.09790846,1.960258271,87.39988978,43.26711593,70.39946811,12.71420436,15.14035107
12,121,16,12179,89,90,8990,8912,9012,899012,891,901,89901,120,5,947.0571631,22.96303525,1.935946937,87.08002946,43.17195033,70.17832332,12.26190235,17.0481254
12,121,16,12180,67,17,6717,6712,1712,671712,671,171,67171,121,5,886.7422593,24.01606581,1.957845195,87.30743456,43.39162454,70.33941963,12.73180995,16.45135578
12,121,16,12180,43,38,4338,4312,3812,433812,431,381,43381,122,5,844.3850222,24.09714654,2.07119309,86.30913838,44.41501996,68.91801152,12.76884221,15.79384763
12,121,16,12180,37,53,3753,3712,5312,375312,371,531,37531,123,5,902.902,23.70906894,2.041785248,86.99487394,43.60674465,69.16695604,12.1188941,16.86328032
12,121,16,12180,7,6,76,712,612,7612,71,61,761,124,5,842.0872591,23.73199137,2.048982958,86.58195292,44.20915105,68.25500877,10.99739115,17.18013445
12,121,16,12180,66,12,6612,6612,1212,661212,661,121,66121,125,5,779.2907408,22.30729407,1.69920486,89.15944605,42.53059198,72.20726035,11.56824352,17.90433717
12,121,16,12180,73,76,7376,7312,7612,737612,731,761,73761,126,5,674.9518518,22.84291579,1.833197969,87.61709085,43.72142368,70.72974619,12.74522818,18.17859976
12,121,16,12180,78,80,7880,7812,8012,788012,781,801,78801,127,5,821.9111851,22.87354757,1.867314834,87.40372354,43.6103348,70.80394707,11.60621803,19.68020364
12,121,16,12180,53,11,5311,5312,1112,531112,531,111,53111,128,5,789.9016296,24.1185056,1.982216366,86.16622284,44.93912174,71.04374651,12.91888133,16.61982698
12,121,14,12181,73,56,7356,7312,5612,735612,731,561,73561,1,6,949.4088888,24.90405181,2.409377796,86.23274648,44.2552997,67.04945714,12.49827508,15.60663157
12,121,14,12181,53,58,5358,5312,5812,535812,531,581,53581,2,6,1046.100222,26.12850452,2.521142903,84.4500525,45.87476782,65.41086868,12.71129433,14.49757725
12,121,14,12181,22,4,224,2212,412,22412,221,41,2241,4,6,1076.223252,25.90832743,2.633596661,83.88721401,45.9646296,65.10156201,12.84022349,14.99866526
12,121,14,12181,5,66,566,512,6612,56612,51,661,5661,5,6,1030.546711,25.77758193,2.279602762,85.46794612,45.77781863,65.77277721,11.73614579,14.90632013
12,121,14,12181,66,75,6675,6612,7512,667512,661,751,66751,6,6,1065.885778,25.51762896,2.442583631,84.95583698,45.05660891,64.57332981,11.84344498,15.45941332
12,121,14,12181,74,5,745,7412,512,74512,741,51,7451,7,6,1130.039852,26.41861143,2.416991761,84.60159328,45.31667606,65.41179621,11.72692226,14.73826565
12,121,14,12181,100,101,100101,10012,10112,10010112,1001,1011,1001011,8,6,1073.732185,25.84478373,2.45553118,84.65853636,45.21890691,65.44968465,11.87427781,15.69950156
12,121,14,12182,104,101,104101,10412,10112,10410112,1041,1011,1041011,9,6,954.257437,25.39323634,2.383134952,85.41080391,45.10641707,65.711867,12.7353951,15.26206936
12,121,14,12182,57,56,5756,5712,5612,575612,571,561,57561,10,6,945.0344371,24.79774446,2.378684754,85.42578302,45.17887637,66.9592079,13.05491524,15.97989304
12,121,14,12182,22,54,2254,2212,5412,225412,221,541,22541,11,6,1137.07717,26.4869985,2.360883236,83.85921414,47.31808191,64.07541567,13.46784665,13.67809721
12,121,14,12182,63,36,6336,6312,3612,633612,631,361,63361,12,6,1229.052518,-999,2.392470066,84.50643544,45.90199085,65.1510897,12.81853655,15.02151499
12,121,14,12182,54,19,5419,5412,1912,541912,541,191,54191,13,6,1079.958059,25.51016593,2.568458217,83.15122174,45.50899732,64.06405762,12.19642951,15.15617837
12,121,14,12182,31,4,314,3112,412,31412,311,41,3141,14,6,1229.245422,26.11602718,2.408363332,84.80702902,45.32646102,65.65058935,13.10437546,15.47508849
12,121,14,12182,57,73,5773,5712,7312,577312,571,731,57731,15,6,964.8801704,26.07511262,2.579339149,83.7895277,45.19494486,64.04182739,12.40896579,15.21457298
12,121,14,12182,79,34,7934,7912,3412,793412,791,341,79341,16,6,1026.443482,26.480516,2.565688198,82.90153576,46.34981671,63.66539018,11.80694365,15.62121566
12,121,14,12183,34,86,3486,3412,8612,348612,341,861,34861,17,6,1167.887067,26.79393562,2.482428372,82.80356343,47.89270873,63.06605254,12.62722135,13.28770153
12,121,14,12183,97,98,9798,9712,9812,979812,971,981,97981,18,6,1005.653104,25.08601579,2.266970615,86.01740239,44.70519143,67.84706244,13.07341176,15.26559818
12,121,14,12183,101,103,101103,10112,10312,10110312,1011,1031,1011031,19,6,1025.295237,25.24944865,2.360522912,85.8082944,46.44226215,66.19639369,13.20606116,13.79858532
12,121,14,12183,29,32,2932,2912,3212,293212,291,321,29321,20,6,1195.942822,25.66076239,2.528420332,84.72303613,45.55086362,64.76537438,11.82570018,14.86066387
12,121,14,12183,38,9,389,3812,912,38912,381,91,3891,21,6,1090.570956,24.16492956,2.228908762,86.17783869,43.82494007,65.79888238,11.53614521,15.55392987
12,121,14,12183,40,44,4044,4012,4412,404412,401,441,40441,22,6,960.3834814,25.30079455,2.463264627,85.09426375,44.87780775,64.56314981,12.39180363,14.70892202
12,121,14,12183,85,5,855,8512,512,85512,851,51,8551,23,6,1186.678667,26.12151613,2.466019644,84.05730553,46.94067772,63.70101426,11.93575842,13.07888726
12,121,14,12183,35,29,3529,3512,2912,352912,351,291,35291,24,6,1093.813274,25.86785673,2.697810566,83.66154531,45.28934471,63.82708145,12.45654451,14.69025872
12,121,14,12184,45,10,4510,4512,1012,451012,451,101,45101,25,6,974.5564889,25.04958495,2.550907568,84.78664599,44.41677866,65.25012565,13.48095582,14.80553542
12,121,14,12184,65,51,6551,6512,5112,655112,651,511,65511,26,6,1111.038459,25.50644003,2.324858721,84.48897176,45.61596901,65.8565545,12.37593763,15.23372977
12,121,14,12184,67,7,677,6712,712,67712,671,71,6771,27,6,1138.178459,25.81522102,2.663264108,83.28024917,45.64611803,63.74849568,12.51837241,15.4700659
12,121,14,12184,11,80,1180,1112,8012,118012,111,801,11801,28,6,1201.80683,24.82108588,2.469620292,84.56375624,44.89491827,64.35713416,12.88568229,15.46346186
12,121,14,12184,36,12,3612,3612,1212,361212,361,121,36121,29,6,1024.362637,25.17588421,2.282217327,85.34329658,45.30283868,65.44203613,12.54194268,15.42245587
12,121,14,12184,93,94,9394,9312,9412,939412,931,941,93941,30,6,1119.607578,25.68116155,2.332045511,85.73368651,44.670555,68.35225599,12.47990319,15.09533787
12,121,14,12184,52,36,5236,5212,3612,523612,521,361,52361,31,6,1053.160511,25.50555371,2.241631133,85.50498863,45.51551022,65.49018749,12.00884222,15.46349014
12,121,14,12184,72,77,7277,7212,7712,727712,721,771,72771,32,6,1191.528237,25.06297364,2.140602713,86.02345888,44.62585698,66.7429543,12.76346903,15.14148186
12,121,14,12185,16,20,1620,1612,2012,162012,161,201,16201,33,6,1059.769852,25.99906075,2.142422092,85.61601237,46.26287871,66.39359313,12.88250367,14.02834623
12,121,14,12185,41,85,4185,4112,8512,418512,411,851,41851,34,6,1164.350778,25.69823797,2.300110921,85.65135211,44.62433612,65.12020428,13.02335358,14.88788406
12,121,14,12185,53,58,5358,5312,5812,535812,531,581,53581,35,6,1250.150504,25.89837236,2.353302256,84.75200061,46.46583344,65.49064485,13.03578356,14.09496386
12,121,14,12185,90,93,9093,9012,9312,909312,901,931,90931,36,6,1485.370963,26.62834802,2.375454394,85.65826379,45.85612804,65.22739538,13.03007088,14.28973415
12,121,14,12185,40,43,4043,4012,4312,404312,401,431,40431,37,6,1148.14883,25.75125113,2.233364105,85.00127978,46.40697248,64.64196028,13.18662083,14.29723056
12,121,14,12185,55,10,5510,5512,1012,551012,551,101,55101,38,6,1323.583578,26.30861874,2.357029383,85.02058494,45.61696176,64.41844968,13.25430375,13.81354701
12,121,14,12185,86,85,8685,8612,8512,868512,861,851,86851,39,6,1210.384667,-999,2.22589507,86.01899341,44.88074393,67.42219425,13.7378011,15.35464951
12,121,14,12185,62,40,6240,6212,4012,624012,621,401,62401,40,6,1243.236259,25.38164006,2.126182947,85.98644325,45.93751111,65.58129653,12.84872515,15.17988554
12,121,14,12186,58,77,5877,5812,7712,587712,581,771,58771,41,6,1255.655215,26.58440059,2.486473014,85.34435429,46.84628639,65.5320717,12.36710104,14.04742021
12,121,14,12186,15,46,1546,1512,4612,154612,151,461,15461,42,6,1248.762793,24.99895575,2.293117503,86.36426386,44.3134722,66.18615959,13.23790602,14.98881736
12,121,14,12186,99,102,99102,9912,10212,9910212,991,1021,991021,43,6,1217.843215,26.32144399,2.340317734,84.3839936,47.44855851,65.05697679,12.7003771,14.68742804
12,121,14,12186,19,7,197,1912,712,19712,191,71,1971,44,6,1385.917659,-999,2.394465282,84.95780674,47.4566789,65.7068312,13.40289004,14.01137611
12,121,14,12186,39,17,3917,3912,1712,391712,391,171,39171,45,6,1017.48123,25.03778993,2.2267026,86.09324803,47.62591312,65.62926241,13.29204769,12.56948342
12,121,14,12186,41,86,4186,4112,8612,418612,411,861,41861,46,6,1279.779763,25.57238556,2.175375259,85.79944714,46.5531914,65.75830347,13.27926423,13.15448473
12,121,14,12186,62,41,6241,6212,4112,624112,621,411,62411,47,6,1345.897081,25.82145886,2.311115299,85.72779955,47.39900468,66.0790682,13.32761373,13.64448254
12,121,14,12186,59,31,5931,5912,3112,593112,591,311,59311,48,6,1311.382074,26.58574516,2.394089219,84.66924006,48.04148783,63.91507211,13.53440959,13.26992633
12,121,15,12187,42,26,4226,4212,2612,422612,421,261,42261,49,6,1228.877793,24.79488262,2.346039556,85.63919739,44.14300396,65.82476384,13.09084545,15.34970977
12,121,15,12187,15,47,1547,1512,4712,154712,151,471,15471,50,6,1306.114889,24.12518938,2.073958584,87.99073182,42.47430403,68.61181584,13.21780468,15.585455
12,121,15,12187,76,21,7621,7612,2112,762112,761,211,76211,51,6,1398.296926,24.5196425,2.204891717,86.58134379,44.03993922,67.20262853,13.2246947,14.81929492
12,121,15,12187,39,17,3917,3912,1712,391712,391,171,39171,52,6,1290.255289,24.78174086,2.284285314,84.90445201,45.09468247,66.85465634,13.52872228,14.10698486
12,121,15,12187,21,81,2181,2112,8112,218112,211,811,21811,53,6,1372.940044,23.92950092,1.999661075,87.14457751,43.52120659,68.86585202,13.10790259,14.92506125
12,121,15,12187,68,23,6823,6812,2312,682312,681,231,68231,54,6,1527.626519,25.73331898,2.456524806,84.22755954,46.36905374,65.22466798,13.02115888,13.97658456
12,121,15,12187,49,81,4981,4912,8112,498112,491,811,49811,55,6,1180.047007,23.72372168,2.09627644,87.30092988,42.69463349,67.27670315,13.25718722,15.73219316
12,121,15,12187,27,5,275,2712,512,27512,271,51,2751,56,6,1263.520889,24.70634496,2.27536259,86.33793351,43.86828467,67.34464571,13.14935075,15.15971576
12,121,15,12188,96,98,9698,9612,9812,969812,961,981,96981,57,6,1058.3682,23.23202723,2.106470324,87.74123501,42.04637323,67.70976453,13.2141376,16.4357495
12,121,15,12188,18,68,1868,1812,6812,186812,181,681,18681,58,6,1315.799556,25.15457327,2.049828204,86.25601381,44.31929349,69.04957889,13.21352021,14.31061799
12,121,15,12188,4,54,454,412,5412,45412,41,541,4541,59,6,1390.276111,24.90567157,2.312257518,85.4531537,44.64428569,65.11999989,13.23210426,14.31599822
12,121,15,12188,12,22,1222,1212,2212,122212,121,221,12221,60,6,1323.636645,23.99480767,2.031389611,87.09328788,43.28970094,68.61936015,13.40263347,14.69803819
12,121,15,12188,91,103,91103,9112,10312,9110312,911,1031,911031,61,6,1041.314852,24.29962082,2.164766741,86.53424302,42.69762758,68.01245662,13.1787749,14.73283895
12,121,15,12188,56,32,5632,5612,3212,563212,561,321,56321,62,6,1082.603333,23.11219212,1.901915094,88.29704433,42.00083782,69.30314589,12.93011481,16.28433282
12,121,15,12188,63,66,6366,6312,6612,636612,631,661,63661,63,6,1083.636193,23.06879168,1.992596688,87.45006483,41.73163016,69.03761525,13.12044627,16.1693393
12,121,15,12188,20,37,2037,2012,3712,203712,201,371,20371,64,6,1089.941259,23.11051603,2.01409681,87.83092206,41.6772119,68.56443714,12.82458067,16.59557293
12,121,15,12189,83,55,8355,8312,5512,835512,831,551,83551,65,6,1175.490889,23.46169542,2.070990368,87.50135085,42.08010659,68.3053772,13.20445457,14.90135508
12,121,15,12189,25,30,2530,2512,3012,253012,251,301,25301,66,6,1094.926682,24.25757917,2.247195739,86.89996419,42.58891366,67.39784194,13.478556,14.44391043
12,121,15,12189,98,102,98102,9812,10212,9810212,981,1021,981021,67,6,1343.855274,24.29925278,2.144162309,86.8288861,44.11041092,68.23631527,13.51291516,14.67001464
12,121,15,12189,89,100,89100,8912,10012,8910012,891,1001,891001,68,6,1254.529007,24.08975769,2.154555473,86.96844981,42.68029148,68.30076249,13.41450879,14.77383125
12,121,15,12189,3,46,346,312,4612,34612,31,461,3461,69,6,1311.832696,23.78354951,2.184511628,86.98135001,42.69392716,68.22855916,13.29968727,15.62372672
12,121,15,12189,90,92,9092,9012,9212,909212,901,921,90921,70,6,1412.003615,25.78238601,2.283135397,85.28766625,45.32563638,65.35152268,13.18880387,14.36635307
12,121,15,12189,50,18,5018,5012,1812,501812,501,181,50181,71,6,1231.28517,24.40109273,2.214581995,87.14900222,43.9581056,67.78965584,12.83981332,15.86308957
12,121,15,12189,84,5,845,8412,512,84512,841,51,8451,72,6,1488.388133,25.64546173,2.468371086,85.20556536,46.68937396,65.37158478,13.18485032,12.98907498
12,121,15,12190,27,63,2763,2712,6312,276312,271,631,27631,73,6,1205.527644,24.78736274,2.05522495,87.74917635,43.83375606,69.24037679,13.21086974,14.76176358
12,121,15,12190,60,57,6057,6012,5712,605712,601,571,60571,74,6,1176.366889,25.00510662,2.106786613,87.1498926,43.43451815,69.10391135,12.99638669,15.47139971
12,121,15,12190,89,103,89103,8912,10312,8910312,891,1031,891031,75,6,1144.219911,24.29736495,2.009789078,87.51012186,42.60071481,70.00501628,13.09208714,15.13169394
12,121,15,12190,15,2,152,1512,212,15212,151,21,1521,76,6,1163.992237,24.22895104,2.056454988,86.98082194,43.02214174,69.42674189,13.40228689,15.90110167
12,121,15,12190,54,30,5430,5412,3012,543012,541,301,54301,77,6,1318.529244,25.446609,2.269013457,85.91684883,45.39587973,66.07314934,13.33358925,13.44903279
12,121,15,12190,17,65,1765,1712,6512,176512,171,651,17651,78,6,1387.620015,25.46290674,2.246049282,86.01653655,45.17216959,66.8287619,13.08316451,14.48970757
12,121,15,12190,29,70,2970,2912,7012,297012,291,701,29701,79,6,1434.471704,26.19142642,2.169591639,85.87878884,45.05173569,67.78914056,13.33597883,13.52381858
12,121,15,12190,68,3,683,6812,312,68312,681,31,6831,80,6,1627.341563,25.29410485,2.230724475,85.28060159,46.47265502,66.37189625,13.42688225,14.14795845
12,121,15,12191,48,73,4873,4812,7312,487312,481,731,48731,81,6,1295.74057,23.56003239,2.011355773,87.51306448,42.7593219,70.0345173,12.72471259,16.52267165
12,121,15,12191,12,84,1284,1212,8412,128412,121,841,12841,82,6,1300.590037,24.54756587,2.002898216,86.98809883,44.45451924,69.53416822,13.11044624,14.85207908
12,121,15,12191,16,35,1635,1612,3512,163512,161,351,16351,83,6,1460.01303,24.91852499,2.034046293,86.94129353,44.94317373,68.66293474,12.70677238,15.47975402
12,121,15,12191,95,97,9597,9512,9712,959712,951,971,95971,84,6,1454.4892,25.36766397,2.109822655,86.37136457,46.42782319,68.88557768,13.5767822,13.39592863
12,121,15,12191,99,100,99100,9912,10012,9910012,991,1001,991001,85,6,1278.759963,24.18276873,2.078910492,86.93346152,44.17563035,69.31366186,13.92854182,15.35963856
12,121,15,12191,58,11,5811,5812,1112,581112,581,111,58111,86,6,1440.327467,24.74494906,1.989512081,86.85145019,44.66639241,70.3944486,13.95266416,15.11471345
12,121,15,12191,82,49,8249,8212,4912,824912,821,491,82491,87,6,1297.717696,24.51115285,2.001434511,87.31438648,44.13664437,69.59260415,12.73196838,16.20231627
12,121,15,12191,89,91,8991,8912,9112,899112,891,911,89911,88,6,1366.060622,24.75236398,1.912168298,87.06822535,44.06297954,70.20840477,13.87268509,15.10129506
12,121,15,12192,71,33,7133,7112,3312,713312,711,331,71331,89,6,1310.561482,25.46753173,2.046200378,86.18329503,45.62494844,68.94535177,13.43402378,15.38965726
12,121,15,12192,21,83,2183,2112,8312,218312,211,831,21831,90,6,1172.2496,24.16300898,1.946498293,86.61620786,44.8900344,69.94282571,13.80411874,16.61674685
12,121,15,12192,25,17,2517,2512,1712,251712,251,171,25171,91,6,996.7727038,23.12208392,1.861890857,87.73697612,44.24881396,71.19032992,12.39119188,17.94366863
12,121,15,12192,80,81,8081,8012,8112,808112,801,811,80811,92,6,975.7416741,22.78830548,1.729944485,88.28163631,43.3605096,71.46740463,11.89979031,19.29993683
12,121,15,12192,22,61,2261,2212,6112,226112,221,611,22611,93,6,1489.406259,25.46318662,2.170200044,85.17237346,46.75497973,68.62167509,13.72655463,14.02404048
12,121,15,12192,42,29,4229,4212,2912,422912,421,291,42291,94,6,1043.504652,23.67807562,1.882009462,86.41267185,44.71571283,71.01000157,13.51519802,16.13348136
12,121,15,12192,91,93,9193,9112,9312,919312,911,931,91931,95,6,1275.807111,25.25832921,2.145618493,85.06346368,45.62059059,68.04441956,13.56341907,15.17200139
12,121,15,12192,50,47,5047,5012,4712,504712,501,471,50471,96,6,1279.58763,24.66456028,1.956876497,85.69323118,45.67450504,70.06042823,12.51906831,15.50027393
12,121,16,12193,69,28,6928,6912,2812,692812,691,281,69281,97,6,1219.699067,23.8179421,2.096439908,87.41310311,43.81262114,69.46868731,12.77390792,16.5765
12,121,16,12193,9,14,914,912,1412,91412,91,141,9141,98,6,1213.061141,23.69000876,2.034010442,87.43617541,42.99603168,70.90229212,12.99390999,16.76573886
12,121,16,12193,18,47,1847,1812,4712,184712,181,471,18471,99,6,1258.241074,25.09237877,2.130684341,86.58816104,45.06139943,68.43057566,13.33162547,14.89893226
12,121,16,12193,19,30,1930,1912,3012,193012,191,301,19301,100,6,1229.529089,24.87980626,2.295867249,86.37416021,46.19046635,67.38192716,12.73749074,14.72265552
12,121,16,12193,58,72,5872,5812,7212,587212,581,721,58721,101,6,1410.993096,24.61283978,2.047329239,86.70575261,45.95301513,69.44183442,13.33167014,14.48530673
12,121,16,12193,38,52,3852,3812,5212,385212,381,521,38521,102,6,1170.882652,24.92788298,2.186660927,85.32295959,45.69067281,68.40915838,13.18193692,15.16166248
12,121,16,12193,36,66,3666,3612,6612,366612,361,661,36661,103,6,1237.386711,24.74107853,2.151067544,85.57684071,44.86648158,68.08824479,13.23824343,15.53605509
12,121,16,12194,20,53,2053,2012,5312,205312,201,531,20531,105,6,1200.368815,24.52006331,2.196638981,86.02312143,45.26145974,68.04005419,13.32156943,14.76243299
12,121,16,12194,23,60,2360,2312,6012,236012,231,601,23601,106,6,1211.852985,25.0155471,2.153593232,86.2194705,45.78662633,69.11713712,12.94046684,14.19465745
12,121,16,12194,16,20,1620,1612,2012,162012,161,201,16201,107,6,1231.512726,23.98099082,2.036133011,87.62905466,44.52758879,68.93868212,13.31708311,15.29710069
12,121,16,12194,79,86,7986,7912,8612,798612,791,861,79861,108,6,1177.203496,25.28350127,2.150126228,85.4812231,46.47847338,67.77395322,13.18276331,15.05720478
12,121,16,12194,95,97,9597,9512,9712,959712,951,971,95971,109,6,1283.376978,24.96239922,2.043563899,86.76155307,46.07270747,70.58517132,13.51305812,13.6735966
12,121,16,12194,80,81,8081,8012,8112,808112,801,811,80811,110,6,923.0387557,23.72884649,2.075161981,86.80877473,43.48896925,69.23616904,13.15649446,16.91453206
12,121,16,12194,30,51,3051,3012,5112,305112,301,511,30511,111,6,1098.453489,24.31755945,2.109448361,86.69289087,44.4715445,68.77325728,12.95006393,15.97710843
12,121,16,12194,24,2,242,2412,212,24212,241,21,2421,112,6,1043.915644,24.62718974,2.297481157,85.8438217,45.72799111,66.92561218,12.94662513,14.71956273
12,121,16,12195,18,15,1815,1812,1512,181512,181,151,18151,113,6,1103.330341,23.65167051,2.004739856,88.09042723,42.72676632,70.22273165,13.14442588,16.21143479
12,121,16,12195,34,40,3440,3412,4012,344012,341,401,34401,114,6,960.5123704,25.22516342,2.363626022,85.71502096,45.62715796,67.36231754,13.12296935,14.49284303
12,121,16,12195,23,87,2387,2312,8712,238712,231,871,23871,115,6,1147.716859,24.74150586,2.229127664,85.95987449,45.80498316,67.91568105,12.13100142,15.81673455
12,121,16,12195,86,40,8640,8612,4012,864012,861,401,86401,116,6,1038.840222,25.45058077,2.281556228,85.288312,45.52112084,67.57662395,13.2128289,14.84159604
12,121,16,12195,89,104,89104,8912,10412,8910412,891,1041,891041,117,6,1021.40337,24.12146623,2.106797848,86.45528406,43.84493105,69.08467263,13.60047245,15.2504366
12,121,16,12195,70,72,7072,7012,7212,707212,701,721,70721,118,6,993.5474074,24.87002108,2.002077722,86.75217296,45.15880442,71.0713108,12.93496621,14.91825963
12,121,16,12195,5,59,559,512,5912,55912,51,591,5591,119,6,1088.076904,25.30574371,2.233471696,85.59977537,46.70960709,67.50182778,11.46409705,14.71663002
12,121,16,12195,95,99,9599,9512,9912,959912,951,991,95991,120,6,930.5617927,23.41495328,2.00805116,87.27371867,43.57850132,70.54023311,13.74178136,15.72596447
12,121,16,12196,32,8,328,3212,812,32812,321,81,3281,121,6,965.6794519,24.65088003,2.160550119,86.04401412,45.24024609,67.68831538,12.5394452,15.69080807
12,121,16,12196,5,59,559,512,5912,55912,51,591,5591,122,6,1018.644504,24.81595278,2.142602374,86.16202382,45.30723377,68.16315869,11.58667006,16.1601904
12,121,16,12196,38,52,3852,3812,5212,385212,381,521,38521,123,6,1028.364296,23.98690617,2.138753209,86.85885283,44.47436698,69.64464257,12.13931095,16.78911836
12,121,16,12196,6,42,642,612,4212,64212,61,421,6421,124,6,919.7622222,24.06634198,2.054065376,86.31822117,44.21367449,69.37857941,12.06635297,16.14534875
12,121,16,12196,49,69,4969,4912,6912,496912,491,691,49691,125,6,856.2584443,22.33996038,1.907942361,87.9374315,43.11296754,71.40011466,13.51105156,16.55174545
12,121,16,12196,67,6,676,6712,612,67612,671,61,6761,126,6,943.8957037,24.50199872,2.067118798,85.81472515,45.71999611,69.17382231,12.75932054,15.65253141
12,121,16,12196,10,41,1041,1012,4112,104112,101,411,10411,127,6,969.6078518,23.24556816,1.961229088,87.25172387,44.5461463,71.81447491,13.36623702,15.80637742
12,121,16,12196,74,36,7436,7412,3612,743612,741,361,74361,128,6,1054.327111,24.20382864,2.06472057,85.72431221,45.9272181,69.46149004,12.94340337,15.76095262
12,122,14,12233,47,3,473,4712,312,47312,472,32,4732,1,3,1398.951437,26.38241524,2.556691964,83.79476734,46.04917834,63.886532,12.81315672,14.60419312
12,122,14,12233,63,66,6366,6312,6612,636612,632,662,63662,2,3,1148.659333,26.02370447,2.558157198,84.52830998,45.37055854,65.24375372,12.59310746,14.97323228
12,122,14,12233,35,42,3542,3512,4212,354212,352,422,35422,3,3,1163.68977,25.25704131,2.46776107,85.58705123,44.94472401,66.55203588,13.04016944,14.73742437
12,122,14,12233,76,80,7680,7612,8012,768012,762,802,76802,4,3,1187.613778,25.52821901,2.544702022,84.25734952,45.36781519,65.54555331,12.91746566,14.88809684
12,122,14,12233,89,91,8991,8912,9112,899112,892,912,89912,5,3,1197.774785,25.81147559,2.430288387,84.58326547,45.67900632,64.66202013,12.99880956,14.20505793
12,122,14,12233,47,49,4749,4712,4912,474912,472,492,47492,6,3,1248.983304,25.17247305,2.470627089,85.26669325,44.97393728,66.11073826,12.76687966,15.20618612
12,122,14,12233,23,13,2313,2312,1312,231312,232,132,23132,7,3,1237.561778,26.26533087,2.536446066,83.33167619,47.29905312,64.99878455,13.1669401,14.58208291
12,122,14,12233,21,83,2183,2112,8312,218312,212,832,21832,8,3,1389.412963,26.00680947,2.446351144,84.66418573,45.61938205,65.73160185,12.56978536,15.11391389
12,122,14,12234,57,73,5773,5712,7312,577312,572,732,57732,9,3,1168.668356,25.91710849,2.502893494,83.85293605,45.57875177,65.93489069,12.52522826,15.63020653
12,122,14,12234,67,7,677,6712,712,67712,672,72,6772,10,3,1232.704385,25.6833934,2.444229738,84.69438272,45.03905202,65.94894073,12.81724186,14.94268002
12,122,14,12234,68,23,6823,6812,2312,682312,682,232,68232,11,3,1377.865607,26.65635209,2.601330157,82.46683454,46.90768384,64.72595099,12.97672425,14.22835853
12,122,14,12234,29,70,2970,2912,7012,297012,292,702,29702,12,3,1139.312622,26.4630111,2.356531125,84.82309279,45.35807998,66.79957613,13.27640399,14.28602612
12,122,14,12234,73,56,7356,7312,5612,735612,732,562,73562,13,3,1226.946363,25.35228277,2.321924847,84.65232747,44.90297621,66.61995732,13.13540827,15.74235033
12,122,14,12234,49,69,4969,4912,6912,496912,492,692,49692,14,3,1226.70303,26.12434525,2.473310764,84.72715018,45.49934303,64.89793298,12.96940049,14.49466583
12,122,14,12234,81,10,8110,8112,1012,811012,812,102,81102,15,3,1205.733837,25.85811242,2.435245212,83.9836874,46.19576523,63.79359879,12.76198527,14.33630051
12,122,14,12234,74,59,7459,7412,5912,745912,742,592,74592,16,3,1364.512926,24.826928,2.377121249,86.42751916,47.41762141,66.37912008,13.47281106,15.63794402
12,122,14,12235,16,35,1635,1612,3512,163512,162,352,16352,17,3,1230.881185,26.15023364,2.475599199,83.62017601,45.65754572,63.63055824,12.66190378,13.93336725
12,122,14,12235,79,41,7941,7912,4112,794112,792,412,79412,18,3,1120.641778,24.3899292,2.216413681,86.25003912,45.4704498,65.87929393,13.5839201,13.57350655
12,122,14,12235,19,7,197,1912,712,19712,192,72,1972,19,3,1246.731956,24.97369909,2.591164024,85.57638013,47.76836761,67.12104381,13.23558677,14.40409073
12,122,14,12235,10,79,1079,1012,7912,107912,102,792,10792,20,3,1227.21963,26.03267855,2.511224388,84.74925057,46.28923557,64.70477023,12.48316024,14.17616511
12,122,14,12235,40,45,4045,4012,4512,404512,402,452,40452,21,3,1106.622474,24.95536057,2.282739079,86.80889307,46.26277744,65.30175661,13.14919301,13.51881421
12,122,14,12235,88,20,8820,8812,2012,882012,882,202,88202,22,3,1402.79043,24.05701983,2.436194641,85.26942589,46.63600542,66.4327766,12.54418385,14.05019613
12,122,14,12235,49,10,4910,4912,1012,491012,492,102,49102,23,3,1358.682556,26.06976496,2.407932381,84.70296719,46.42714251,63.83918405,12.72981478,13.01754435
12,122,14,12235,27,5,275,2712,512,27512,272,52,2752,24,3,1311.795237,25.85365805,2.396963042,84.73123629,47.18620257,65.47582192,12.63584294,13.31758945
12,122,14,12236,63,66,6366,6312,6612,636612,632,662,63662,25,3,1358.149926,26.69675642,2.491346401,83.9791184,46.88102253,64.35870709,12.62217486,13.75606772
12,122,14,12236,1,48,148,112,4812,14812,12,482,1482,26,3,1273.912652,25.26083943,2.454690116,84.84731504,45.97285325,64.98498891,13.27572063,14.12713491
12,122,14,12236,65,7,657,6512,712,65712,652,72,6572,27,3,1521.967733,25.57705007,2.507675565,85.13455085,46.25212904,65.72268529,13.02872749,14.54428357
12,122,14,12236,44,8,448,4412,812,44812,442,82,4482,28,3,1329.351393,26.57164539,2.451574508,84.33879624,46.98089195,65.07616084,13.27804397,14.62787241
12,122,14,12236,60,73,6073,6012,7312,607312,602,732,60732,29,3,1376.134274,25.06616637,2.38935912,85.538914,46.385617,65.44578524,12.59400038,14.94860831
12,122,14,12236,15,3,153,1512,312,15312,152,32,1532,30,3,1336.959978,26.15319265,2.374412648,85.14155066,45.85830282,65.84192441,12.8329965,15.36008966
12,122,14,12236,58,70,5870,5812,7012,587012,582,702,58702,31,3,1712.768148,28.16769405,2.875671419,81.29210505,48.72997868,62.46713866,11.37781149,12.87032146
12,122,14,12236,66,75,6675,6612,7512,667512,662,752,66752,32,3,1269.921156,24.79673847,2.21962678,85.94864056,45.10489196,66.14384943,12.62989978,15.00326268
12,122,14,12237,64,8,648,6412,812,64812,642,82,6482,33,3,1330.557578,25.01710488,2.225631315,85.89887912,45.60343292,66.92163935,13.73373376,14.19679824
12,122,14,12237,89,103,89103,8912,10312,8910312,892,1032,891032,34,3,1393.772141,25.73855211,2.258777281,86.40175417,45.31939237,67.61698233,13.39540097,14.12798912
12,122,14,12237,72,77,7277,7212,7712,727712,722,772,72772,35,3,1459.250815,25.70170092,2.452918139,85.60226758,45.85863808,66.24316472,13.79967812,13.61998842
12,122,14,12237,104,92,10492,10412,9212,1049212,1042,922,104922,36,3,1577.49037,26.02373413,2.674335104,83.75182345,47.8847833,64.52101765,13.44960444,14.75242365
12,122,14,12237,22,54,2254,2212,5412,225412,222,542,22542,37,3,1475.431267,25.55002978,2.512704465,84.91841368,46.41954225,64.49298273,13.50699022,14.17486679
12,122,14,12237,29,32,2932,2912,3212,293212,292,322,29322,38,3,1397.812637,26.15563361,2.46192654,84.71800751,46.51385298,65.22662853,13.10636027,14.41405023
12,122,14,12237,97,98,9798,9712,9812,979812,972,982,97982,39,3,1277.030133,24.5833276,2.185392509,86.70638054,44.84674481,66.10794351,13.39745228,15.99821051
12,122,14,12237,104,101,104101,10412,10112,10410112,1042,1012,1041012,40,3,1388.870585,26.37270682,2.271539885,85.50682799,46.71337498,65.90950452,13.35778773,13.93402843
12,122,14,12238,35,29,3529,3512,2912,352912,352,292,35292,41,3,1380.501363,25.79706705,2.317207701,84.62341678,46.57780119,65.45229791,12.77604088,15.56104811
12,122,14,12238,57,71,5771,5712,7112,577112,572,712,57712,42,3,1204.591126,25.4089532,2.259949421,85.87933299,46.12677486,65.85533687,13.63868325,14.50748439
12,122,14,12238,80,21,8021,8012,2112,802112,802,212,80212,43,3,1501.465052,25.76738633,2.256064966,84.86560853,46.50768772,65.84669797,13.62063064,14.48076538
12,122,14,12238,86,40,8640,8612,4012,864012,862,402,86402,44,3,1346.338578,26.19299152,2.245458966,84.55454778,47.40893871,65.63644429,13.3229335,14.15112851
12,122,14,12238,61,25,6125,6112,2512,612512,612,252,61252,45,3,1416.485541,25.2136514,2.27142354,85.84433889,46.32718509,65.85513213,13.15575268,13.87168974
12,122,14,12238,12,22,1222,1212,2212,122212,122,222,12222,46,3,1361.993467,25.50728047,2.185823239,86.4418268,45.82063066,68.00551889,14.07196234,13.7512954
12,122,14,12238,25,30,2530,2512,3012,253012,252,302,25302,47,3,1220.196667,25.85214217,2.315897348,86.24514808,45.444731,66.20707021,13.40026805,13.39698203
12,122,14,12238,98,102,98102,9812,10212,9810212,982,1022,981022,48,3,1277.075481,26.26404487,2.23691002,85.93578647,46.69800467,65.78290603,13.41346906,13.47981585
12,122,15,12239,90,91,9091,9012,9112,909112,902,912,90912,49,3,1519.463822,24.5147855,2.138741134,86.14672348,44.518671,67.85576479,13.14894742,15.58198183
12,122,15,12239,25,17,2517,2512,1712,251712,252,172,25172,50,3,1293.266719,24.40640978,2.217769593,86.67771144,43.99798938,67.26215994,13.21327522,14.0733202
12,122,15,12239,64,43,6443,6412,4312,644312,642,432,64432,51,3,1509.194089,24.60526703,2.183734875,86.09927366,44.29035792,67.4217003,13.26233253,15.30462119
12,122,15,12239,99,100,99100,9912,10012,9910012,992,1002,991002,52,3,1307.934089,23.03842164,2.053803671,87.21053652,42.76664064,69.42401698,13.32260112,16.27174381
12,122,15,12239,48,52,4852,4812,5212,485212,482,522,48522,53,3,1445.525392,24.43686619,2.160414045,85.84815978,44.42822159,66.94943909,12.93118886,15.24319675
12,122,15,12239,55,79,5579,5512,7912,557912,552,792,55792,54,3,1366.898074,24.82630002,2.194475153,85.76391505,44.6820084,67.47723015,13.21607845,14.04592761
12,122,15,12239,36,5,365,3612,512,36512,362,52,3652,55,3,1291.221896,24.06700252,2.105764617,86.60051614,43.61802959,68.0900631,13.23422634,15.11185839
12,122,15,12239,71,73,7173,7112,7312,717312,712,732,71732,56,3,1442.760207,24.57723511,2.092181068,86.62867603,42.88316942,68.74944158,13.26455742,15.07826597
12,122,15,12240,78,80,7880,7812,8012,788012,782,802,78802,57,3,1216.703185,22.85746865,2.10815877,87.444771,41.57746105,68.01124317,12.96515582,17.07593045
12,122,15,12240,7,6,76,712,612,7612,72,62,762,58,3,1318.83937,23.88568847,2.047960128,87.60104225,42.67644652,67.55022741,13.05608107,15.3289928
12,122,15,12240,50,47,5047,5012,4712,504712,502,472,50472,59,3,1245.062133,23.29142748,2.062234805,87.59577429,42.29737447,69.07257373,13.24399783,15.74469233
12,122,15,12240,16,42,1642,1612,4212,164212,162,422,16422,60,3,1246.439119,23.96419435,2.073000217,87.91562987,42.34118077,70.15452414,13.85834196,14.6071945
12,122,15,12240,56,33,5633,5612,3312,563312,562,332,56332,61,3,1096.335496,23.42866939,2.112033722,86.26293532,42.81247801,68.45280083,13.66299189,14.31510507
12,122,15,12240,87,71,8771,8712,7112,877112,872,712,87712,62,3,1279.559111,24.16946314,2.12487804,86.24585497,43.1253428,68.0566127,13.24806408,14.81810061
12,122,15,12240,84,39,8439,8412,3912,843912,842,392,84392,63,3,1284.12923,24.139045,2.150222151,85.77193065,43.70126571,67.09646155,13.47250918,15.28240203
12,122,15,12240,38,27,3827,3812,2712,382712,382,272,38272,64,3,1327.178667,24.36385194,2.177874485,87.236738,43.87840022,66.87112734,13.63346688,14.32332614
12,122,15,12241,97,98,9798,9712,9812,979812,972,982,97982,65,3,1301.659926,22.78822727,1.992134153,88.33114531,41.69015157,69.90686774,13.67557024,15.64590091
12,122,15,12241,43,78,4378,4312,7812,437812,432,782,43782,66,3,1336.625719,23.86976134,2.11137438,87.69236052,43.02129721,69.16975705,13.58299069,14.95996818
12,122,15,12241,54,19,5419,5412,1912,541912,542,192,54192,67,3,1593.260407,25.15042307,2.36555496,85.47233091,44.91718815,66.49731719,13.3354716,13.39490699
12,122,15,12241,39,17,3917,3912,1712,391712,392,172,39172,68,3,1292.698667,24.05773691,2.178407439,87.28161224,43.00015077,67.79075859,13.32592282,14.70121057
12,122,15,12241,101,103,101103,10112,10312,10110312,1012,1032,1011032,69,3,1453.510074,24.98922434,2.360986071,85.88028616,44.25690179,66.67253648,13.37302868,14.89120373
12,122,15,12241,3,23,323,312,2312,32312,32,232,3232,70,3,1641.141926,25.08517461,2.494086523,86.10895562,44.77770758,65.28743132,13.6897725,14.9312462
12,122,15,12241,41,86,4186,4112,8612,418612,412,862,41862,71,3,1557.23863,24.86320362,2.18772753,86.51290734,44.63781619,66.58573597,13.28661664,14.45895539
12,122,15,12241,44,45,4445,4412,4512,444512,442,452,44452,72,3,1344.027333,24.36691017,2.223068915,87.01580342,42.8093237,67.60692117,13.54906096,15.15584186
12,122,15,12242,55,56,5556,5512,5612,555612,552,562,55562,73,3,1456.620104,25.36882434,2.181994471,86.76049821,44.98763902,67.82541166,13.32283317,14.15504231
12,122,15,12242,82,49,8249,8212,4912,824912,822,492,82492,74,3,1433.367082,25.0738758,2.22638364,86.64381471,44.13776322,67.83080438,13.3120338,14.61605925
12,122,15,12242,91,94,9194,9112,9412,919412,912,942,91942,75,3,1474.849215,25.1894808,2.312311903,86.36545489,44.7848505,66.97844872,13.54952889,14.29127006
12,122,15,12242,27,52,2752,2712,5212,275212,272,522,27522,76,3,1361.341141,25.45951717,2.224779092,86.35039608,44.8077021,68.33777367,13.42844509,13.96367136
12,122,15,12242,10,41,1041,1012,4112,104112,102,412,10412,77,3,1618.176941,25.0199417,2.134700608,86.12013086,44.2428298,67.58697704,13.42026244,14.54602191
12,122,15,12242,1,8,18,112,812,1812,12,82,182,78,3,1989.036356,25.09515887,2.151844621,86.9209125,44.84371512,66.71626526,13.07026482,14.69673333
12,122,15,12242,67,17,6717,6712,1712,671712,672,172,67172,79,3,1536.592622,25.01574049,2.218870908,85.4405526,45.20148594,67.01243653,13.02189345,14.92694694
12,122,15,12242,104,91,10491,10412,9112,1049112,1042,912,104912,80,3,1566.86157,25.03439066,2.262416429,85.78060742,46.05446248,66.18244918,13.18804792,13.74491718
12,122,15,12243,104,91,10491,10412,9112,1049112,1042,912,104912,81,3,1553.805911,24.75118415,2.1522105,86.0517875,45.31350737,68.41732361,13.09956801,14.92743792
12,122,15,12243,104,103,104103,10412,10312,10410312,1042,1032,1041032,82,3,1453.170311,24.35531185,1.969512722,86.92716523,44.19067237,69.68591257,13.0543477,14.82091663
12,122,15,12243,57,73,5773,5712,7312,577312,572,732,57732,83,3,1408.838993,24.6735522,1.993087464,87.50395074,44.86097926,69.34252069,13.71285974,14.88782279
12,122,15,12243,79,86,7986,7912,8612,798612,792,862,79862,84,3,1490.423407,25.49472642,2.213444739,85.77836586,46.22890446,67.46264113,13.53288097,13.7207259
12,122,15,12243,76,21,7621,7612,2112,762112,762,212,76212,85,3,1523.531844,24.56649726,2.009646318,87.26185294,44.44644557,69.80589724,12.96187655,15.1692356
12,122,15,12243,10,62,1062,1012,6212,106212,102,622,10622,86,3,1463.421259,25.27342084,2.166857648,85.60841767,44.94686144,68.41760721,13.97647937,13.78816101
12,122,15,12243,39,25,3925,3912,2512,392512,392,252,39252,87,3,1291.472156,25.12582786,2.113953785,86.63822835,45.00019251,68.61349375,13.61878318,15.18322039
12,122,15,12243,49,77,4977,4912,7712,497712,492,772,49772,88,3,1408.280526,24.51295345,2.065812314,86.83600567,44.22386213,68.67728917,12.81742893,16.31936189
12,122,15,12244,51,6,516,5112,612,51612,512,62,5162,89,3,1509.391489,25.31533682,2.069969586,85.7785183,46.18827552,67.94765913,12.55173755,15.54462203
12,122,15,12244,96,97,9697,9612,9712,969712,962,972,96972,90,3,1328.950978,24.33954866,2.047975721,86.49171982,45.66484211,68.50120442,13.12141685,16.40949315
12,122,15,12244,18,68,1868,1812,6812,186812,182,682,18682,91,3,1477.388081,25.67372611,2.086245357,85.29870685,46.28884787,69.00870801,13.62535554,14.459031
12,122,15,12244,34,85,3485,3412,8512,348512,342,852,34852,92,3,1323.530118,24.53920725,2.045180088,85.68706755,44.94932915,68.60098245,13.80254152,16.31840952
12,122,15,12244,100,101,100101,10012,10112,10010112,1002,1012,1001012,93,3,1292.631193,24.99025772,1.960799968,86.19634771,45.0013701,69.41447185,13.71087457,14.76132997
12,122,15,12244,91,93,9193,9112,9312,919312,912,932,91932,94,3,1254.507052,24.3543984,1.956504222,86.73762569,44.48737965,70.48020311,13.76189062,14.45695188
12,122,15,12244,23,71,2371,2312,7112,237112,232,712,23712,95,3,1377.091963,25.33821487,2.242825181,84.8043859,47.55442564,68.11227619,14.29912667,14.41280899
12,122,15,12244,53,26,5326,5312,2612,532612,532,262,53262,96,3,1263.432711,24.25902079,1.971913909,85.78977335,45.08264957,70.20113698,14.57572812,15.03794989
12,122,16,12245,92,95,9295,9212,9512,929512,922,952,92952,97,3,1214.978378,23.09973659,1.954834608,87.84417569,42.70548441,71.78325307,13.81120852,16.03916616
12,122,16,12245,60,57,6057,6012,5712,605712,602,572,60572,98,3,1139.129563,24.04603419,2.117903815,87.4369127,43.9578533,69.98386398,13.19628539,15.76498821
12,122,16,12245,61,54,6154,6112,5412,615412,612,542,61542,99,3,1375.344444,25.14313328,2.314781477,85.51579254,45.88133722,67.87447744,13.12834473,14.19428019
12,122,16,12245,82,49,8249,8212,4912,824912,822,492,82492,100,3,1295.172711,24.55178019,2.255570311,86.49522478,44.6779473,68.36225998,13.02960044,15.57186216
12,122,16,12245,89,102,89102,8912,10212,8910212,892,1022,891022,101,3,1424.832793,24.40946154,2.118026102,85.45693158,44.75468892,69.05445062,13.32626383,14.57402703
12,122,16,12245,74,52,7452,7412,5212,745212,742,522,74522,102,3,1346.16483,24.09806439,2.082063086,86.06545202,43.97693023,69.34043269,13.66698468,14.7606204
12,122,16,12245,80,81,8081,8012,8112,808112,802,812,80812,103,3,1045.44163,23.26745681,2.132057844,86.60433191,42.9879829,68.18456782,13.89718601,16.40106431
12,122,16,12245,12,84,1284,1212,8412,128412,122,842,12842,104,3,1246.420955,24.95851648,2.1924717,86.00275525,44.72800376,69.16120858,14.31459048,14.35008566
12,122,16,12246,35,37,3537,3512,3712,353712,352,372,35372,105,3,1191.724511,24.32080921,2.192280444,86.43719822,44.93517801,68.25614607,13.91237745,15.19559477
12,122,16,12246,34,40,3440,3412,4012,344012,342,402,34402,106,3,1167.707652,25.0571952,2.176365046,86.2120889,44.87664128,68.90076896,13.23746318,15.07104548
12,122,16,12246,41,86,4186,4112,8612,418612,412,862,41862,107,3,1260.203741,25.01986787,2.207948269,86.00416585,45.25098976,68.77799708,13.02274901,14.40050214
12,122,16,12246,73,56,7356,7312,5612,735612,732,562,73562,108,3,1055.039882,23.97029217,2.061759853,87.27600486,43.69604665,71.13418982,13.55977342,15.40702078
12,122,16,12246,6,20,620,612,2012,62012,62,202,6202,109,3,1200.715244,23.93257007,2.033090989,86.62902463,43.83862705,69.42842441,13.23940388,16.32113614
12,122,16,12246,48,74,4874,4812,7412,487412,482,742,48742,110,3,1182.401074,24.20279266,2.036397148,86.53893191,44.10216822,68.50215767,12.89993764,15.55378855
12,122,16,12246,18,3,183,1812,312,18312,182,32,1832,111,3,1373.421674,23.99840788,2.114043375,86.23532191,45.11201976,67.76017938,12.64593905,15.9269689
12,122,16,12246,89,101,89101,8912,10112,8910112,892,1012,891012,112,3,1280.551407,24.74919056,2.184847513,85.92296416,45.06868303,68.29503421,13.31255771,14.98870226
12,122,16,12247,79,82,7982,7912,8212,798212,792,822,79822,113,3,1248.197259,24.70661955,2.218105545,86.01038526,45.51348957,67.87536939,13.22239415,15.33153269
12,122,16,12247,19,65,1965,1912,6512,196512,192,652,19652,114,3,1305.700163,25.49525229,2.360188919,84.63934002,47.24868526,68.118265,12.60039555,14.35458141
12,122,16,12247,2,23,223,212,2312,22312,22,232,2232,115,3,1333.085778,25.46395806,2.423365289,84.68959129,46.26477108,67.21257985,13.18403,14.63777277
12,122,16,12247,34,40,3440,3412,4012,344012,342,402,34402,116,3,1038.542326,24.88450381,2.180634561,86.00419362,44.39538593,68.82502708,13.33677175,15.17727248
12,122,16,12247,27,63,2763,2712,6312,276312,272,632,27632,117,3,1049.523985,24.69677338,2.120425745,86.51446972,44.65025763,69.57011431,13.1507539,15.18006808
12,122,16,12247,32,8,328,3212,812,32812,322,82,3282,118,3,997.8502962,24.12679269,2.031600607,86.51807616,44.77443368,69.56223124,13.009353,15.8242379
12,122,16,12247,17,7,177,1712,712,17712,172,72,1772,119,3,1083.054015,24.01716619,1.993225426,87.06064049,43.76253045,69.85868713,11.59712586,16.32896056
12,122,16,12247,61,19,6119,6112,1912,611912,612,192,61192,120,3,1027.922385,25.10552633,2.068567349,86.38874569,46.01303881,69.95952746,12.88209649,13.93655971
12,122,16,12248,15,47,1547,1512,4712,154712,152,472,15472,121,3,1066.664845,22.59267856,1.972087969,87.91519159,42.99760475,72.64151363,13.22577362,16.01843684
12,122,16,12248,97,101,97101,9712,10112,9710112,972,1012,971012,122,3,1123.855867,25.18449016,2.186228532,85.8610575,45.50946766,69.43738161,13.76053245,13.60754405
12,122,16,12248,30,67,3067,3012,6712,306712,302,672,30672,123,3,1042.458963,24.31204012,2.1506464,85.75520889,44.34976724,68.70556314,13.60336974,15.02576281
12,122,16,12248,43,38,4338,4312,3812,433812,432,382,43382,124,3,1043.390963,24.37873797,2.122368004,85.80173016,44.95801816,68.6706599,12.85447194,15.10948852
12,122,16,12248,85,5,855,8512,512,85512,852,52,8552,125,3,1213.056296,25.48786892,2.205870881,85.29992976,46.83977604,68.24773896,13.34710065,14.03463294
12,122,16,12248,23,60,2360,2312,6012,236012,232,602,23602,126,3,1007.62837,24.09229974,2.233108321,85.5948696,45.66562757,69.14803068,13.73826417,15.24018044
12,122,16,12248,100,101,100101,10012,10112,10010112,1002,1012,1001012,127,3,980.7788888,23.9551631,2.084582018,86.71533587,45.45794884,70.22275005,13.09416703,15.6232795
12,122,16,12248,98,101,98101,9812,10112,9810112,982,1012,981012,128,3,940.309926,23.99594448,2.014561222,86.64365834,44.73401542,69.48552388,13.04208183,16.32226138
12,122,14,12249,50,24,5024,5012,2412,502412,502,242,50242,1,4,1137.239185,24.12892471,2.278208313,87.26002114,43.65694977,69.19803661,13.38139254,15.32351913
12,122,14,12249,55,45,5545,5512,4512,554512,552,452,55452,2,4,1149.708074,26.40799597,2.479411253,84.58314398,46.65968118,64.85147185,13.02200284,13.38513621
12,122,14,12249,20,37,2037,2012,3712,203712,202,372,20372,3,4,1199.997556,25.8271668,2.591136628,84.48295094,45.8042059,65.54707812,13.24619797,13.99879515
12,122,14,12249,82,21,8221,8212,2112,822112,822,212,82212,4,4,1252.187748,24.98995872,2.229472002,86.29187594,45.91293014,66.09168104,13.30072026,14.91163205
12,122,14,12249,46,23,4623,4612,2312,462312,462,232,46232,5,4,1361.306178,26.10148176,2.368171885,84.37740417,46.46979712,65.2888122,12.54299563,13.95126175
12,122,14,12249,36,12,3612,3612,1212,361212,362,122,36122,6,4,1217.35637,25.62940467,2.41528278,85.2197451,46.12892207,66.2175748,12.6426228,14.85017013
12,122,14,12249,3,46,346,312,4612,34612,32,462,3462,7,4,1241.104,25.80057156,2.35014477,84.58410012,46.00471651,65.14177956,12.3439008,14.89831811
12,122,14,12249,5,66,566,512,6612,56612,52,662,5662,8,4,1163.186,25.95556768,2.368045613,84.52065601,46.06397106,65.73537987,12.69067678,13.98289377
12,122,14,12250,89,91,8991,8912,9112,899112,892,912,89912,9,4,1252.077259,25.57721109,2.413119129,84.25575539,44.90473822,66.99384135,13.19050734,14.40204331
12,122,14,12250,13,57,1357,1312,5712,135712,132,572,13572,10,4,1184.931541,25.66781145,2.379018919,84.91587915,45.51325841,66.92478906,13.19172124,14.3654172
12,122,14,12250,6,88,688,612,8812,68812,62,882,6882,11,4,1367.945118,25.71747339,2.223826062,84.17598229,46.541772,66.56928077,12.79571374,14.32934338
12,122,14,12250,15,68,1568,1512,6812,156812,152,682,15682,12,4,1448.268815,26.21441609,2.153386603,85.82317175,45.57757438,67.94853537,13.53316665,14.86512515
12,122,14,12250,95,97,9597,9512,9712,959712,952,972,95972,13,4,1593.913674,26.7524786,2.299718967,82.86499744,48.32898829,64.57857993,12.7890545,13.92291348
12,122,14,12250,8,14,814,812,1412,81412,82,142,8142,14,4,1382.683867,25.52830916,2.200034531,85.70758995,45.43232284,67.47594514,13.35354259,14.92987418
12,122,14,12250,26,72,2672,2612,7212,267212,262,722,26722,15,4,1412.383793,25.37775427,2.399193872,84.56663034,45.9526549,65.23542339,13.10437744,14.8876794
12,122,14,12250,69,79,6979,6912,7912,697912,692,792,69792,16,4,1318.614815,25.49482491,2.361576255,84.52979003,45.54934661,65.67470349,13.53997403,14.53593075
12,122,14,12251,38,52,3852,3812,5212,385212,382,522,38522,17,4,1415.000022,25.18936384,2.209549416,83.88263058,45.60998123,65.51731648,13.10662973,13.97268661
12,122,14,12251,50,81,5081,5012,8112,508112,502,812,50812,18,4,1310.95277,24.54555777,2.349424551,85.99917415,44.73686009,66.45404587,13.53136518,14.18256921
12,122,14,12251,96,98,9698,9612,9812,969812,962,982,96982,19,4,1170.856096,25.6295758,2.302099435,85.92558355,46.4319574,66.64752136,13.50745136,13.57324698
12,122,14,12251,24,2,242,2412,212,24212,242,22,2422,20,4,1452.669867,25.93354066,2.473608896,84.45276663,46.40123606,65.56500238,13.21215311,13.93462437
12,122,14,12251,2,87,287,212,8712,28712,22,872,2872,21,4,1536.481593,25.9014522,2.457218424,84.54777356,46.69332189,63.69138366,12.6817278,13.57245604
12,122,14,12251,28,34,2834,2812,3412,283412,282,342,28342,22,4,1464.346667,25.68928737,2.343644219,85.07220366,46.51282806,66.8912258,12.07251556,13.29988049
12,122,14,12251,48,74,4874,4812,7412,487412,482,742,48742,23,4,1349.745807,24.9840986,2.527425341,85.14859048,45.0028164,65.31568417,12.70383241,14.6323295
12,122,14,12251,18,15,1815,1812,1512,181512,182,152,18152,24,4,1271.493407,24.90815383,2.182964649,86.81610116,44.58123783,67.01104887,12.97111422,14.16089716
12,122,14,12252,70,77,7077,7012,7712,707712,702,772,70772,25,4,1420.61243,26.8958389,2.542397524,84.20142496,47.19545292,65.16612734,13.05804256,12.90627847
12,122,14,12252,79,86,7986,7912,8612,798612,792,862,79862,26,4,1192.267556,25.95962352,2.399538283,83.91277492,47.29036658,65.22305782,13.39158582,13.40518564
12,122,14,12252,92,94,9294,9212,9412,929412,922,942,92942,27,4,1464.362207,25.95991113,2.553707233,83.85548491,48.14335206,65.99367927,13.15453613,14.43344268
12,122,14,12252,91,103,91103,9112,10312,9110312,912,1032,911032,28,4,1208.564355,25.78893192,2.373461611,84.44523619,46.2892834,65.56074147,13.82468877,13.89842295
12,122,14,12252,17,51,1751,1712,5112,175112,172,512,17512,29,4,1477.006808,25.98743504,2.503043094,84.69941535,46.03026363,64.75998993,13.5238724,15.22948271
12,122,14,12252,36,66,3666,3612,6612,366612,362,662,36662,30,4,1421.458807,25.0355533,2.276139265,85.32346727,45.11955504,65.4553673,13.01625609,14.76537688
12,122,14,12252,20,53,2053,2012,5312,205312,202,532,20532,31,4,1443.862015,25.41383976,2.314957379,84.38539729,45.684155,65.18026118,13.22215827,14.31537765
12,122,14,12252,15,3,153,1512,312,15312,152,32,1532,32,4,1391.346422,23.85198314,2.174375907,87.16040149,45.83143227,67.62455488,12.68908666,15.45181864
12,122,14,12253,91,92,9192,9112,9212,919212,912,922,91922,33,4,1434.788081,26.37289796,2.434935128,84.71955811,48.87948888,66.02961367,12.69114598,14.29089181
12,122,14,12253,26,70,2670,2612,7012,267012,262,702,26702,34,4,1405.933985,26.11671551,2.400219291,85.81467186,46.34316131,65.21348536,13.49179937,14.13126988
12,122,14,12253,67,65,6765,6712,6512,676512,672,652,67652,35,4,1341.753259,26.14680333,2.350515108,85.80682375,47.07078248,65.93689034,13.47704461,13.7276566
12,122,14,12253,41,40,4140,4112,4012,414012,412,402,41402,36,4,1252.804133,25.59757582,2.269820514,86.35179719,45.52095529,66.24226225,14.3588785,13.83130213
12,122,14,12253,86,85,8685,8612,8512,868512,862,852,86852,37,4,1534.491978,26.31438235,2.522779059,84.10900706,47.74496749,63.79212239,13.19295799,14.21420512
12,122,14,12253,24,15,2415,2412,1512,241512,242,152,24152,38,4,1365.220252,25.62028859,2.266667465,86.36513235,45.54325855,66.61559863,13.39166819,14.13313317
12,122,14,12253,17,65,1765,1712,6512,176512,172,652,17652,39,4,1444.185259,26.16354199,2.312931609,84.50111132,47.05104632,65.32048081,13.06358157,13.74546497
12,122,14,12253,46,48,4648,4612,4812,464812,462,482,46482,40,4,1243.885985,26.22466575,2.13794405,85.92288028,46.36755742,66.78358027,13.62851516,13.62646738
12,122,14,12254,89,92,8992,8912,9212,899212,892,922,89922,41,4,1553.791941,26.86861251,2.377176915,83.24213028,47.85307216,63.86885444,13.14815169,13.86469587
12,122,14,12254,89,90,8990,8912,9012,899012,892,902,89902,42,4,1411.603926,25.63906248,2.203205581,85.650916,45.33870434,65.92296516,13.07558841,14.94191146
12,122,14,12254,99,101,99101,9912,10112,9910112,992,1012,991012,43,4,1373.109881,25.9363265,2.384402208,84.65434871,47.78207005,64.86732828,13.51897839,14.16723557
12,122,14,12254,51,82,5182,5112,8212,518212,512,822,51822,44,4,1315.051719,25.81019477,2.169031622,85.94509913,46.38434373,65.58771291,13.09018409,14.61700562
12,122,14,12254,33,64,3364,3312,6412,336412,332,642,33642,45,4,1380.39157,26.06670041,2.346821489,85.25344618,46.57553045,66.02707575,13.82694785,12.50418464
12,122,14,12254,27,74,2774,2712,7412,277412,272,742,27742,46,4,1362.436044,25.54797191,2.329801641,86.15516833,46.92594433,67.42105557,13.80358205,12.97208783
12,122,14,12254,45,69,4569,4512,6912,456912,452,692,45692,47,4,1222.103007,25.22610899,2.431486117,86.37489454,45.44131309,65.92416974,14.07361864,12.93283797
12,122,14,12254,48,14,4814,4812,1412,481412,482,142,48142,48,4,1236.922593,25.08461824,2.163243315,87.21717827,45.58458897,67.08763323,13.8797134,13.37171426
12,122,15,12255,69,28,6928,6912,2812,692812,692,282,69282,49,4,1546.94597,22.81651342,2.211312038,86.3831267,42.75625866,68.39770466,13.71753602,16.24999974
12,122,15,12255,69,28,6928,6912,2812,692812,692,282,69282,50,4,1392.080444,23.66121728,2.163074806,87.28366255,42.95962805,68.70832377,13.68227526,14.82611872
12,122,15,12255,47,2,472,4712,212,47212,472,22,4722,51,4,1393.692222,25.32428087,2.346961678,85.0661567,45.16359204,66.35784751,13.30686126,14.02371293
12,122,15,12255,31,75,3175,3112,7512,317512,312,752,31752,52,4,1367.960237,23.35911954,2.007649895,87.61373183,42.30647376,69.72592723,13.39892372,15.60955282
12,122,15,12255,59,31,5931,5912,3112,593112,592,312,59312,54,4,1508.108593,24.78005851,2.181634523,86.01700396,44.04540233,68.9220441,13.3478411,13.54160786
12,122,15,12255,76,83,7683,7612,8312,768312,762,832,76832,55,4,1463.298704,23.34973834,2.016172282,87.31098375,43.01941684,68.76399281,13.35965312,15.29782298
12,122,15,12255,57,56,5756,5712,5612,575612,572,562,57562,56,4,1230.01917,23.28849179,1.984334372,88.1033655,42.62819716,70.15241963,13.77561624,14.51191978
12,122,15,12256,33,1,331,3312,112,33112,332,12,3312,57,4,1249.731622,23.90204662,2.127768077,86.31992473,43.82368889,67.95915472,13.41264701,15.13922331
12,122,15,12256,87,13,8713,8712,1312,871312,872,132,87132,58,4,1232.059519,23.12468712,2.070866021,87.7483771,42.0499049,68.60714953,13.44220875,15.29547414
12,122,15,12256,55,10,5510,5512,1012,551012,552,102,55102,59,4,1228.404133,23.65374816,2.060510292,87.28910301,42.56770623,69.0994831,13.40946388,14.55905277
12,122,15,12256,95,99,9599,9512,9912,959912,952,992,95992,60,4,1259.195178,23.0654079,1.984610411,88.02844036,41.95289229,69.90059595,13.51199377,15.37212326
12,122,15,12256,31,22,3122,3112,2212,312212,312,222,31222,61,4,1322.502519,22.89503565,1.95317404,87.76007497,41.81092372,70.01423831,13.64498501,15.22189743
12,122,15,12256,75,54,7554,7512,5412,755412,752,542,75542,62,4,1389.744578,24.07442334,2.04551135,86.95584765,43.27128034,68.49596297,13.40422753,15.08133812
12,122,15,12256,45,34,4534,4512,3412,453412,452,342,45342,63,4,1512.729356,24.93361256,2.270282301,86.08333043,44.26389734,67.71364207,13.37729217,14.27054286
12,122,15,12256,37,11,3711,3712,1112,371112,372,112,37112,64,4,1554.638815,23.8928637,2.118881077,86.98425484,43.09909554,69.31953176,13.88319293,14.25565842
12,122,15,12257,35,53,3553,3512,5312,355312,352,532,35532,65,4,1445.278207,24.66341674,2.096237032,87.12033548,43.83078083,67.92415097,13.32230498,14.59728856
12,122,15,12257,13,73,1373,1312,7312,137312,132,732,13732,66,4,1491.172755,24.25441871,2.172311071,87.59683556,42.90195647,68.48815134,13.70392501,14.62912027
12,122,15,12257,82,55,8255,8212,5512,825512,822,552,82552,67,4,1443.594185,24.55075274,2.241191803,86.66347277,44.16056332,66.81759104,13.6793657,13.59987249
12,122,15,12257,69,34,6934,6912,3412,693412,692,342,69342,68,4,1476.281704,24.02936546,2.125456317,87.32282392,43.04248194,68.43203064,13.36360572,14.93459246
12,122,15,12257,77,83,7783,7712,8312,778312,772,832,77832,69,4,1498.23317,25.12651325,2.316763715,86.16537694,43.93570768,68.15020908,13.64573785,14.013037
12,122,15,12257,33,32,3332,3312,3212,333212,332,322,33322,70,4,1381.108918,24.45681123,2.289744734,86.39080232,44.06170086,66.2160504,13.68672665,14.44502403
12,122,15,12257,2,13,213,212,1312,21312,22,132,2132,71,4,1485.109222,25.321256,2.330309978,85.65656225,45.01673222,66.32349191,13.82382981,13.5794225
12,122,15,12257,21,83,2183,2112,8312,218312,212,832,21832,72,4,1625.52603,24.7374037,2.127775269,87.04071637,44.46675637,67.63811146,13.60618251,13.69935238
12,122,15,12258,22,61,2261,2212,6112,226112,222,612,22612,73,4,1639.00723,25.7142565,2.345203589,86.03631983,45.87413141,67.17140616,13.34587874,13.19282956
12,122,15,12258,16,37,1637,1612,3712,163712,162,372,16372,74,4,1497.631185,24.66624325,2.146262221,86.8774585,45.25739769,68.97217546,13.68545507,13.3990479
12,122,15,12258,89,102,89102,8912,10212,8910212,892,1022,891022,75,4,1748.105963,25.07613769,2.365656619,86.42543569,44.76433262,67.07453053,13.43838426,14.33401053
12,122,15,12258,31,4,314,3112,412,31412,312,42,3142,76,4,1583.516593,26.02413396,2.254794499,86.03377893,46.14189721,67.27459352,13.49118145,13.28032293
12,122,15,12258,1,78,178,112,7812,17812,12,782,1782,77,4,1423.22763,24.60079442,2.142781023,86.84179293,44.74464643,67.92153174,13.37035244,14.40972977
12,122,15,12258,38,52,3852,3812,5212,385212,382,522,38522,78,4,1511.843304,24.69356819,2.088447473,86.50442225,45.03083712,67.85963651,13.53005635,13.96176034
12,122,15,12258,46,60,4660,4612,6012,466012,462,602,46602,79,4,1454.3808,24.71250601,2.160690531,86.35346281,43.44059289,69.16196028,14.03648966,14.24576848
12,122,15,12258,89,103,89103,8912,10312,8910312,892,1032,891032,80,4,1536.281452,25.04123585,2.110085943,86.25961006,44.7875592,67.3645067,13.57962188,13.77237045
12,122,15,12259,83,81,8381,8312,8112,838112,832,812,83812,81,4,1454.554289,22.88266165,1.884075863,88.29438325,43.54357143,70.11830373,12.67536862,17.06988704
12,122,15,12259,15,46,1546,1512,4612,154612,152,462,15462,82,4,1405.015452,23.02062442,1.867750959,88.05321396,42.53815727,71.71780371,13.60168587,15.04204376
12,122,15,12259,81,10,8110,8112,1012,811012,812,102,81102,83,4,1518.065496,24.61149418,1.939469274,87.09662171,44.10579317,69.48996039,12.55962696,15.14171973
12,122,15,12259,33,1,331,3312,112,33112,332,12,3312,84,4,1474.07457,24.88214662,2.035646424,86.62791562,45.52129308,68.39304009,13.66201467,14.45074269
12,122,15,12259,45,69,4569,4512,6912,456912,452,692,45692,85,4,1382.526141,25.21295058,2.113779124,86.57200251,45.30091279,68.57177902,13.5833228,14.19602208
12,122,15,12259,43,78,4378,4312,7812,437812,432,782,43782,86,4,1539.379244,24.91525861,2.035146947,86.44714239,44.78222325,69.45906853,13.46001792,14.33288303
12,122,15,12259,48,9,489,4812,912,48912,482,92,4892,87,4,1401.518548,24.50053168,2.065521724,86.4411287,44.61062841,69.90347327,13.30591317,14.77696713
12,122,15,12259,25,67,2567,2512,6712,256712,252,672,25672,88,4,1335.985748,24.92178574,2.123709865,85.82577444,44.65163313,69.07284133,14.07757717,14.50555016
12,122,15,12260,90,92,9092,9012,9212,909212,902,922,90922,89,4,2088.168037,25.06301624,2.476668977,86.25951604,48.90728808,67.78795122,13.12271483,14.97787496
12,122,15,12260,83,3,833,8312,312,83312,832,32,8332,90,4,1589.427793,24.88559749,1.993466847,86.51327487,45.93313738,68.80195435,13.42069117,15.24322473
12,122,15,12260,11,72,1172,1112,7212,117212,112,722,11722,91,4,1554.71137,25.03019488,2.111127158,85.43628136,45.5094827,69.34819586,13.87901326,14.67121653
12,122,15,12260,90,91,9091,9012,9112,909112,902,912,90912,92,4,1493.004267,25.2216297,2.06753087,85.49855753,45.75578668,68.92752832,13.24719654,14.69382183
12,122,15,12260,37,53,3753,3712,5312,375312,372,532,37532,93,4,1296.323852,23.99820548,1.992007209,86.47742177,45.38575267,69.63969624,13.6492781,15.37725259
12,122,15,12260,31,75,3175,3112,7512,317512,312,752,31752,94,4,1285.289741,23.14335782,1.762433254,87.67302905,43.26786862,71.31117353,13.64386905,15.87704338
12,122,15,12260,84,39,8439,8412,3912,843912,842,392,84392,95,4,1261.271333,25.10653953,2.007036257,85.50021184,45.60156182,68.8466414,13.97627691,14.89335844
12,122,15,12260,11,76,1176,1112,7612,117612,112,762,11762,96,4,1326.167778,23.51020915,1.848649478,86.3854858,44.20394369,71.72519063,13.67873176,16.10400496
12,122,16,12261,27,63,2763,2712,6312,276312,272,632,27632,97,4,1249.252711,24.52969777,2.103034394,87.12961751,43.90788934,70.23267039,13.2204538,14.49709118
12,122,16,12261,32,78,3278,3212,7812,327812,322,782,32782,98,4,1166.765163,24.25759669,2.138383249,87.40995186,44.34324681,70.32969689,13.24875663,15.74961672
12,122,16,12261,22,4,224,2212,412,22412,222,42,2242,99,4,1313.139407,24.10909879,2.253280234,86.20286666,45.26119809,68.08919273,13.48307978,14.70993131
12,122,16,12261,88,42,8842,8812,4212,884212,882,422,88422,100,4,1040.067259,23.36051639,2.036356497,87.74804007,42.69731437,71.89240395,13.31134937,16.11514996
12,122,16,12261,17,7,177,1712,712,17712,172,72,1772,102,4,1167.214904,23.3546799,2.029448245,87.02786569,42.9616969,69.59816781,13.78844254,15.51212643
12,122,16,12261,24,3,243,2412,312,24312,242,32,2432,103,4,1092.41003,23.61193675,2.149117059,86.29046503,44.33527737,68.04905312,13.41058822,15.76448467
12,122,16,12261,81,28,8128,8112,2812,812812,812,282,81282,104,4,1175.00103,23.6397934,1.907106241,86.76285092,43.15747657,70.72072496,12.65262767,17.45357995
12,122,16,12262,43,8,438,4312,812,43812,432,82,4382,105,4,1308.234815,24.46392409,2.117579616,85.9075184,44.92007286,68.1276616,12.721405,15.4406549
12,122,16,12262,57,33,5733,5712,3312,573312,572,332,57332,106,4,959.1096741,24.58179833,2.079893493,86.1264891,43.70830337,69.98212699,13.44863743,14.68835658
12,122,16,12262,87,57,8757,8712,5712,875712,872,572,87572,107,4,1096.804852,24.21263216,2.015868584,87.21263123,43.90882042,69.43108414,12.94619672,16.09349705
12,122,16,12262,53,58,5358,5312,5812,535812,532,582,53582,108,4,1033.491496,24.49260023,2.070624754,86.98194701,44.02579292,70.01194096,13.06667571,15.89511558
12,122,16,12262,60,56,6056,6012,5612,605612,602,562,60562,110,4,969.4802963,23.28535109,1.962164831,87.28636033,43.46916587,71.1317826,13.20157697,16.64339739
12,122,16,12262,11,80,1180,1112,8012,118012,112,802,11802,111,4,1088.410496,23.0481996,2.052566051,86.93226878,43.25076536,69.12161022,12.81479164,17.5974623
12,122,16,12262,59,12,5912,5912,1212,591212,592,122,59122,112,4,1359.122,24.11490485,2.080708079,86.94357569,44.93148053,69.87018722,13.13338347,14.64760427
12,122,16,12263,17,6,176,1712,612,17612,172,62,1762,113,4,1131.076415,23.72013084,2.050084893,87.07914013,44.0420712,69.47187082,13.003164,15.30841567
12,122,16,12263,2,60,260,212,6012,26012,22,602,2602,114,4,1286.473067,24.82928063,2.24112834,85.16569558,44.76550689,68.44630049,13.3325678,15.24063547
12,122,16,12263,41,85,4185,4112,8512,418512,412,852,41852,115,4,1143.553318,24.68860511,2.249819923,85.77775339,44.91142124,68.28496686,13.24263366,14.98817045
12,122,16,12263,69,10,6910,6912,1012,691012,692,102,69102,116,4,1083.154637,23.5136363,2.146829728,85.83430705,43.50189083,68.65971495,13.35962156,16.51118098
12,122,16,12263,68,60,6860,6812,6012,686012,682,602,68602,117,4,1133.310867,25.16015432,2.314865901,85.39349443,45.76099334,68.91801856,13.96244498,13.73885203
12,122,16,12263,75,4,754,7512,412,75412,752,42,7542,118,4,1194.371185,24.75273961,2.21541941,85.413178,46.29231793,68.21260545,12.82841668,15.11949478
12,122,16,12263,19,30,1930,1912,3012,193012,192,302,19302,119,4,1111.717282,24.91821537,2.166475207,86.20679222,45.86210661,69.08781536,12.85512337,14.68321014
12,122,16,12263,37,58,3758,3712,5812,375812,372,582,37582,120,4,1341.510304,24.56241487,2.065373042,86.77534688,45.53736802,69.69512621,13.06395627,15.18502061
12,122,16,12264,46,13,4613,4612,1312,461312,462,132,46132,121,4,1207.035044,24.70056225,2.2077541,85.86380696,45.25928583,68.8376872,12.80574608,15.30797085
12,122,16,12264,70,11,7011,7012,1112,701112,702,112,70112,122,4,1136.484741,24.45000059,2.266224621,85.44426345,45.08180146,68.0281881,13.61956745,15.18601951
12,122,16,12264,40,44,4044,4012,4412,404412,402,442,40442,123,4,1055.414815,24.50392772,2.163602337,86.14686499,44.39452934,69.94405695,13.75681119,15.1542052
12,122,16,12264,99,100,99100,9912,10012,9910012,992,1002,991002,124,4,994.349926,23.37814545,2.015855315,86.83240466,43.67040347,70.0019502,13.67296558,15.6223126
12,122,16,12264,95,97,9597,9512,9712,959712,952,972,95972,125,4,1261.891852,25.33372791,2.159355912,85.80123577,46.13561748,69.88958708,13.9089104,13.14340101
12,122,16,12264,56,83,5683,5612,8312,568312,562,832,56832,126,4,1028.845481,24.44008647,2.167762512,85.41634225,45.52095324,69.05837109,13.38343867,15.16781709
12,122,16,12264,25,65,2565,2512,6512,256512,252,652,25652,127,4,1060.390296,24.59353107,2.117004434,86.30497226,46.60154532,69.07905508,12.78042012,15.82723624
12,122,16,12264,70,72,7072,7012,7212,707212,702,722,70722,128,4,1226.079556,24.51379831,2.036314798,85.58396308,46.08500101,70.00135809,12.70482278,15.14023554
12,122,14,12297,33,43,3343,3312,4312,334312,332,432,33432,1,7,1226.568207,25.84677363,2.498953171,85.22078659,46.34876672,65.33333804,13.04942058,13.42712173
12,122,14,12297,50,80,5080,5012,8012,508012,502,802,50802,2,7,1197.119615,25.39958927,2.697317752,83.96475589,44.88121572,65.18126253,13.2459648,16.1932586
12,122,14,12297,21,55,2155,2112,5512,215512,212,552,21552,3,7,1442.438667,26.28672458,2.520541225,84.48163276,46.93219222,65.94187493,13.67181749,13.57737305
12,122,14,12297,5,59,559,512,5912,55912,52,592,5592,4,7,1274.225044,26.65598715,2.586119371,84.08464869,47.4012365,64.3676982,12.9721365,15.10038114
12,122,14,12297,76,80,7680,7612,8012,768012,762,802,76802,5,7,1303.614222,25.11456251,2.493687672,84.20898407,45.37453914,65.12361805,12.74505323,15.110107
12,122,14,12297,72,76,7276,7212,7612,727612,722,762,72762,6,7,1357.842852,24.66928305,2.445642953,85.07780264,44.7653995,66.42277049,13.04037752,15.43551371
12,122,14,12297,89,100,89100,8912,10012,8910012,892,1002,891002,7,7,1353.931667,24.90221691,2.441259052,85.22197312,44.62899014,66.54263446,12.62736392,15.25830208
12,122,14,12297,99,102,99102,9912,10212,9910212,992,1022,991022,8,7,1320.17563,26.3759965,2.503651382,83.55092395,46.66564768,63.86651247,13.31489504,14.93837382
12,122,14,12298,15,2,152,1512,212,15212,152,22,1522,9,7,1418.156519,26.14344821,2.562466181,83.99549228,45.87437691,64.13518058,12.60525375,14.99396987
12,122,14,12298,104,93,10493,10412,9312,1049312,1042,932,104932,10,7,1371.808089,26.11817768,2.359021769,85.37600947,45.34845856,67.41033884,12.74059763,16.03628366
12,122,14,12298,104,92,10492,10412,9212,1049212,1042,922,104922,11,7,1422.041593,27.03041998,2.793217856,81.7465303,48.13733584,62.71711541,12.97042931,14.39793787
12,122,14,12298,65,88,6588,6512,8812,658812,652,882,65882,12,7,1453.221556,26.74770853,2.427683415,83.83880457,46.87145555,64.71946351,12.9266358,14.57565039
12,122,14,12298,93,96,9396,9312,9612,939612,932,962,93962,13,7,1472.787274,26.20665318,2.277607228,84.75454286,46.74698801,64.85223058,13.69878591,14.6953566
12,122,14,12298,49,55,4955,4912,5512,495512,492,552,49552,14,7,1499.975778,25.59569712,2.310385318,83.80118559,46.1573064,66.63196773,13.42528247,14.79779884
12,122,14,12298,11,77,1177,1112,7712,117712,112,772,11772,15,7,1492.485489,25.48835553,2.287652109,84.72372287,46.1739234,65.76331168,13.66514675,14.8477488
12,122,14,12298,78,14,7814,7812,1412,781412,782,142,78142,16,7,1274.848948,25.40444561,2.133052323,85.87934371,45.98749193,67.43938423,13.58744092,14.77306702
12,122,14,12299,13,71,1371,1312,7112,137112,132,712,13712,17,7,1427.301741,25.84483907,2.303586728,85.03736434,46.16740755,65.90414255,13.39010306,14.70967555
12,122,14,12299,83,55,8355,8312,5512,835512,832,552,83552,18,7,1379.989215,25.03062787,2.192303608,85.71458513,46.70436433,66.57390215,13.18955533,13.85384821
12,122,14,12299,99,102,99102,9912,10212,9910212,992,1022,991022,19,7,1473.145807,25.63552485,2.570035029,84.09920069,46.30728269,64.76409578,13.25783027,14.53817135
12,122,14,12299,23,87,2387,2312,8712,238712,232,872,23872,20,7,1517.891052,25.92040785,2.508397634,84.06643048,46.50336396,64.97099398,13.01434005,13.94537438
12,122,14,12299,52,63,5263,5212,6312,526312,522,632,52632,21,7,1482.734444,24.85781203,2.351254579,84.72399668,46.08161224,65.52106379,12.79650353,13.64453115
12,122,14,12299,73,76,7376,7312,7612,737612,732,762,73762,22,7,1239.844104,25.18030628,2.30573719,85.16988994,45.27010966,66.3716672,12.93612661,13.85902517
12,122,14,12299,1,43,143,112,4312,14312,12,432,1432,23,7,1330.669178,25.61551029,2.295384151,84.73322818,46.22781126,65.03517188,11.88744629,14.23137033
12,122,14,12299,56,32,5632,5612,3212,563212,562,322,56322,24,7,1308.784578,25.92514792,2.300461928,84.38242749,46.4242256,65.9442291,12.49373569,13.88296608
12,122,14,122100,59,12,5912,5912,1212,591212,592,122,59122,25,7,1601.535689,25.34901313,2.474264937,84.39499265,47.23995038,64.9265311,13.06165944,15.34409122
12,122,14,122100,100,103,100103,10012,10312,10010312,1002,1032,1001032,26,7,1275.808089,25.27297755,2.276220833,84.630444,45.45906387,67.45979938,13.10551291,15.05063764
12,122,14,122100,31,4,314,3112,412,31412,312,42,3142,27,7,1466.250459,25.45200649,2.311573394,85.21132595,46.21385385,66.13473252,13.06341939,15.12024064
12,122,14,122100,9,14,914,912,1412,91412,92,142,9142,28,7,1334.294422,24.63169447,2.116549436,85.95300407,44.3852523,67.83533559,13.15493413,16.057643
12,122,14,122100,78,9,789,7812,912,78912,782,92,7892,29,7,1190.17243,24.92025748,2.195378672,85.24390784,45.19059314,66.54680586,12.79051303,15.81868785
12,122,14,122100,91,93,9193,9112,9312,919312,912,932,91932,30,7,1381.47883,26.03921278,2.074188925,85.68496317,45.80397738,67.29903465,13.0764078,15.01069756
12,122,14,122100,72,80,7280,7212,8012,728012,722,802,72802,31,7,1477.110348,25.18929429,2.224637448,85.58713635,45.61490246,67.1417405,12.77520735,15.50385571
12,122,14,122100,32,64,3264,3212,6412,326412,322,642,32642,32,7,1291.070274,25.083662,2.12349759,86.08641238,45.23518809,67.12957313,13.28386805,14.7114519
12,122,14,122101,99,101,99101,9912,10112,9910112,992,1012,991012,33,7,1430.527896,25.8489771,2.186361847,85.3755825,46.7681333,66.44688914,13.52409997,14.94547392
12,122,14,122101,89,104,89104,8912,10412,8910412,892,1042,891042,34,7,1358.541237,24.9763866,2.246192162,86.42388938,45.00222973,67.6189337,13.65561128,14.82666892
12,122,14,122101,92,94,9294,9212,9412,929412,922,942,92942,35,7,1414.605111,26.66830885,2.469352321,84.14428824,48.01900213,65.2398822,13.06378888,13.22789446
12,122,14,122101,39,19,3919,3912,1912,391912,392,192,39192,36,7,1323.138533,25.678711,2.213921573,85.80459953,47.48331884,66.35420496,14.43175181,13.8606109
12,122,14,122101,2,13,213,212,1312,21312,22,132,2132,37,7,1384.280726,26.67714984,2.537308495,83.79721067,46.99642708,63.72067424,13.13509327,14.87864959
12,122,14,122101,83,69,8369,8312,6912,836912,832,692,83692,38,7,1234.732593,25.66329549,2.096463368,85.81101632,45.9878824,67.09155905,12.81237368,15.0876703
12,122,14,122101,56,33,5633,5612,3312,563312,562,332,56332,39,7,1262.103289,25.79519496,2.118077422,83.83874671,46.93689856,65.58998595,13.5497328,14.25456996
12,122,14,122101,54,39,5439,5412,3912,543912,542,392,54392,40,7,1200.997259,-999,2.095531539,86.01498604,45.29235676,66.98600875,13.33632492,14.60778903
12,122,14,122102,10,28,1028,1012,2812,102812,102,282,10282,41,7,1446.682467,26.28595987,2.301416108,85.03349012,46.24434066,66.20089693,12.53427657,15.00132244
12,122,14,122102,6,16,616,612,1612,61612,62,162,6162,42,7,1320.042281,25.03376141,2.030756627,86.23614159,45.43402778,67.45552456,13.60735524,14.92278172
12,122,14,122102,49,45,4945,4912,4512,494512,492,452,49452,43,7,1437.489644,25.83917482,2.113888777,85.94646808,46.07496207,67.50876574,13.37471662,14.73829117
12,122,14,122102,67,6,676,6712,612,67612,672,62,6762,44,7,1446.016844,26.44749283,2.332829958,84.62466536,47.17298938,65.11163013,13.38894514,13.89773506
12,122,14,122102,80,81,8081,8012,8112,808112,802,812,80812,45,7,1301.608556,24.92279112,2.320154709,85.50282067,45.65404486,65.14949421,13.11330208,14.52232121
12,122,14,122102,53,75,5375,5312,7512,537512,532,752,53752,46,7,1335.774815,25.90110247,2.241357672,85.6174848,46.97218867,65.7829287,13.5987516,13.72055231
12,122,14,122102,74,36,7436,7412,3612,743612,742,362,74362,47,7,1380.539407,25.11160233,2.311628735,86.80753691,46.09441962,66.14833583,13.55717488,14.22245088
12,122,14,122102,92,96,9296,9212,9612,929612,922,962,92962,48,7,1527.237333,26.49379939,2.493276971,84.12953914,47.885725,64.25694636,13.41208745,14.06339025
12,122,15,122103,74,5,745,7412,512,74512,742,52,7452,49,7,1566.833333,25.17992446,2.159586374,86.26094258,44.59208253,68.37724538,13.50252646,14.66043178
12,122,15,122103,45,10,4510,4512,1012,451012,452,102,45102,50,7,1530.861963,24.85601121,2.29336907,85.43212205,44.18585239,66.45474755,13.21118797,15.62491203
12,122,15,122103,2,50,250,212,5012,25012,22,502,2502,51,7,1480.056444,24.31963693,2.242542662,85.68336674,43.91077269,67.15461726,13.41962933,14.93651807
12,122,15,122103,29,70,2970,2912,7012,297012,292,702,29702,52,7,1432.936074,25.18163765,2.304657612,85.25003337,45.27713191,66.55709143,13.70206566,14.58878626
12,122,15,122103,46,57,4657,4612,5712,465712,462,572,46572,53,7,1381.129711,23.73784548,2.071787456,86.77119845,43.38094531,67.96271934,13.49530954,14.69787141
12,122,15,122103,88,16,8816,8812,1612,881612,882,162,88162,54,7,1557.971459,24.88265908,2.28910683,85.54865598,45.34737948,66.5557176,13.6381309,13.81414866
12,122,15,122103,71,44,7144,7112,4412,714412,712,442,71442,55,7,1575.785244,24.88312161,2.175988887,85.52769205,44.38440524,67.407303,14.00074482,15.05893436
12,122,15,122103,37,26,3726,3712,2612,372612,372,262,37262,56,7,1562.695348,24.74460406,2.192320685,85.91477655,44.69910987,67.52778483,13.19703938,14.67971595
12,122,15,122104,101,102,101102,10112,10212,10110212,1012,1022,1011022,57,7,1611.349518,24.30140637,2.056393233,86.63862632,43.47086607,67.98802551,13.54233021,15.26733487
12,122,15,122104,37,53,3753,3712,5312,375312,372,532,37532,58,7,1441.922067,24.3711343,2.223482334,86.14949996,43.57584654,68.1430978,13.35955188,14.25907828
12,122,15,122104,96,97,9697,9612,9712,969712,962,972,96972,59,7,1297.881481,24.76757702,2.227369325,85.72198396,44.97614684,66.83810735,13.40165838,14.6777972
12,122,15,122104,7,35,735,712,3512,73512,72,352,7352,60,7,1427.139763,23.88630069,2.036422797,87.19813279,43.70061787,68.7603443,13.16950755,15.20837243
12,122,15,122104,93,94,9394,9312,9412,939412,932,942,93942,61,7,1500.1024,25.05005345,2.198380744,86.07775206,45.09189982,66.3137357,13.49154304,13.9962974
12,122,15,122104,68,46,6846,6812,4612,684612,682,462,68462,62,7,1396.168281,24.74837884,2.135784066,86.29247666,43.85185745,67.8138857,13.3684388,13.89955209
12,122,15,122104,78,50,7850,7812,5012,785012,782,502,78502,63,7,1316.57337,23.89047782,2.078673541,87.22519907,43.41589879,67.53820131,13.35789622,15.45831502
12,122,15,122104,60,87,6087,6012,8712,608712,602,872,60872,64,7,1523.283778,24.21591703,2.314830677,85.66420869,43.41041501,66.40107124,13.44257882,14.3911097
12,122,15,122105,38,74,3874,3812,7412,387412,382,742,38742,65,7,1509.138259,25.10405191,2.238904351,85.84301238,44.27359677,66.42862011,13.43340965,14.06558323
12,122,15,122105,4,19,419,412,1912,41912,42,192,4192,66,7,1635.176089,26.28839504,2.731434607,84.62862946,45.97404189,64.6672626,13.55750862,12.98153703
12,122,15,122105,25,65,2565,2512,6512,256512,252,652,25652,67,7,1516.550741,24.94817724,2.470063036,85.72696439,44.99745179,65.8056036,13.2477592,13.85218779
12,122,15,122105,83,55,8355,8312,5512,835512,832,552,83552,68,7,1473.498222,24.7387368,2.163848463,86.74456237,44.24223795,67.5959724,13.12261117,13.67024949
12,122,15,122105,92,93,9293,9212,9312,929312,922,932,92932,69,7,1951.693541,25.70458934,2.615427933,85.14411017,47.34832457,65.8780446,13.36395714,13.15882803
12,122,15,122105,1,38,138,112,3812,13812,12,382,1382,70,7,1441.974185,-999,2.198941701,86.27593289,44.43161133,66.90570332,13.15143743,14.90243607
12,122,15,122105,9,63,963,912,6312,96312,92,632,9632,71,7,1607.934237,25.0208758,2.347877738,85.7543979,44.81806225,66.20849386,13.38024791,14.08271527
12,122,15,122105,104,90,10490,10412,9012,1049012,1042,902,104902,72,7,1696.333445,24.86089323,2.31115552,85.63068959,45.36961429,65.85111449,13.39435801,14.09603321
12,122,15,122106,71,64,7164,7112,6412,716412,712,642,71642,73,7,1567.370489,25.85719431,2.248664415,85.49780703,46.09576186,66.703811,13.04264821,13.88676481
12,122,15,122106,24,47,2447,2412,4712,244712,242,472,24472,74,7,1425.880548,26.0046786,2.223872234,86.52555876,44.94866212,67.76562827,13.7786603,13.82075183
12,122,15,122106,11,72,1172,1112,7212,117212,112,722,11722,75,7,1514.887185,25.78433815,2.243169035,86.05066285,45.01850333,67.37045598,13.4554822,13.24486544
12,122,15,122106,75,39,7539,7512,3912,753912,752,392,75392,76,7,1567.390222,25.7228081,2.13536186,86.08111727,45.1559156,68.02846871,13.50926451,13.98673698
12,122,15,122106,44,64,4464,4412,6412,446412,442,642,44642,77,7,1535.225733,26.22104716,2.25944334,85.18330127,45.84362744,66.09951829,13.46374841,13.55438074
12,122,15,122106,52,5,525,5212,512,52512,522,52,5252,78,7,1547.469667,25.47505245,2.260637198,85.25744116,45.61945811,66.82187245,13.95708201,13.63994438
12,122,15,122106,58,72,5872,5812,7212,587212,582,722,58722,79,7,1123.952052,25.85206819,2.321921858,84.83218034,46.69371687,65.82810885,13.54233869,14.51202757
12,122,15,122106,54,67,5467,5412,6712,546712,542,672,54672,80,7,1557.63477,24.96293063,2.271375321,84.80546483,46.26166193,67.10396391,13.16445406,14.16380596
12,122,15,122107,39,17,3917,3912,1712,391712,392,172,39172,81,7,1588.974859,25.06618236,2.165129013,85.65262282,45.31449261,67.92258613,13.48887265,14.40075526
12,122,15,122107,42,26,4226,4212,2612,422612,422,262,42262,82,7,1477.963763,24.67282264,2.173115079,86.17754733,45.32035366,68.33557601,13.82411524,14.10698709
12,122,15,122107,75,84,7584,7512,8412,758412,752,842,75842,83,7,1635.772622,25.47195472,2.262230561,85.4186469,46.33772886,66.37109429,13.2465881,14.63908844
12,122,15,122107,65,16,6516,6512,1612,651612,652,162,65162,84,7,1648.95357,25.95491174,2.112086187,85.84774404,46.00531815,69.103509,13.91576016,13.56584643
12,122,15,122107,104,93,10493,10412,9312,1049312,1042,932,104932,85,7,1553.400074,25.56785236,2.274718528,85.84557529,46.57375075,67.89745857,13.98468359,14.26591332
12,122,15,122107,4,25,425,412,2512,42512,42,252,4252,86,7,1564.929756,26.30815061,2.308924115,84.93963493,47.23158397,67.57093607,13.57833287,13.95869108
12,122,15,122107,20,29,2029,2012,2912,202912,202,292,20292,87,7,1579.325096,25.27277811,2.228092721,85.72388851,46.8574792,68.82378294,14.10586059,14.33167731
12,122,15,122107,40,43,4043,4012,4312,404312,402,432,40432,88,7,1514.202681,25.18991375,2.071629723,85.91032728,45.83928369,69.08896094,13.70324365,14.90531408
12,122,15,122108,46,13,4613,4612,1312,461312,462,132,46132,89,7,1491.303563,25.14407278,2.107259907,85.58785457,45.55909801,69.37506522,14.28588002,14.78005546
12,122,15,122108,92,93,9293,9212,9312,929312,922,932,92932,90,7,1780.961356,26.11686837,2.258467042,84.76858073,49.20558906,68.18620605,13.28545433,13.4734798
12,122,15,122108,72,76,7276,7212,7612,727612,722,762,72762,91,7,1499.644407,24.91659078,2.112789751,85.29834955,46.04768126,69.11881183,13.49353259,15.73559891
12,122,15,122108,42,58,4258,4212,5812,425812,422,582,42582,92,7,1359.610748,25.31668745,2.127048935,85.71024384,45.90446486,68.68539881,14.67453048,14.60437674
12,122,15,122108,19,30,1930,1912,3012,193012,192,302,19302,93,7,1514.01763,25.72449162,2.1577887,85.2343405,47.4362443,68.4583217,14.3244806,12.9754139
12,122,15,122108,23,71,2371,2312,7112,237112,232,712,23712,94,7,1591.769296,26.15265535,2.368429294,83.67847829,47.80127778,67.09540257,14.00124674,13.68094783
12,122,15,122108,36,66,3666,3612,6612,366612,362,662,36662,95,7,1540.902222,25.66840553,2.180862747,84.1742528,46.84309932,69.32643832,14.35083143,13.65839033
12,122,15,122108,38,74,3874,3812,7412,387412,382,742,38742,96,7,1532.5666,25.31777666,2.089669058,84.74833964,46.23140472,68.32393147,13.36050242,14.36887234
12,122,16,122109,88,29,8829,8812,2912,882912,882,292,88292,97,7,1494.039274,25.13389177,2.158518664,86.10111413,45.94026305,67.65158322,13.07358874,14.55974825
12,122,16,122109,17,51,1751,1712,5112,175112,172,512,17512,98,7,1497.973067,25.33541212,2.21355944,86.33615232,45.78208435,67.76535585,13.1119808,15.02497331
12,122,16,122109,30,31,3031,3012,3112,303112,302,312,30312,99,7,1431.080563,24.84948494,2.051779876,86.62216337,45.43683133,69.50602015,12.87506725,15.06389923
12,122,16,122109,84,4,844,8412,412,84412,842,42,8442,100,7,1511.062652,25.31743579,2.227360347,85.25004491,47.09214063,68.6815016,13.05569995,14.80352223
12,122,16,122109,90,92,9092,9012,9212,909212,902,922,90922,101,7,1845.336296,24.06725042,2.320892265,85.57526534,46.99863279,69.54255488,12.97322795,15.32718748
12,122,16,122109,6,16,616,612,1612,61612,62,162,6162,102,7,1340.601933,25.12876592,2.121175849,85.52693568,46.16828492,69.08974894,14.14348725,13.8459994
12,122,16,122109,62,41,6241,6212,4112,624112,622,412,62412,103,7,1544.428311,25.08458744,2.132490146,85.40513911,45.70529668,68.59731009,12.96952228,14.57589571
12,122,16,122109,71,33,7133,7112,3312,713312,712,332,71332,104,7,1424.600793,25.29642498,2.258693,84.90686832,46.2280009,68.04379823,13.97300112,14.3371784
12,122,16,122110,91,103,91103,9112,10312,9110312,912,1032,911032,105,7,1416.200963,25.58602016,2.170459272,85.47154773,46.35506942,68.63221158,13.31407222,14.09203946
12,122,16,122110,9,27,927,912,2712,92712,92,272,9272,106,7,1363.933645,25.39209171,2.196642931,85.66229847,46.00902025,68.14728793,13.19781605,14.60798165
12,122,16,122110,66,12,6612,6612,1212,661212,662,122,66122,107,7,1416.860341,24.85073727,2.253733646,85.73223537,44.55826925,67.95583829,13.96280447,15.06079205
12,122,16,122110,84,61,8461,8412,6112,846112,842,612,84612,108,7,1437.995911,25.23251796,2.164546786,85.51186756,46.01790113,69.12146036,13.46323539,14.75387671
12,122,16,122110,32,1,321,3212,112,32112,322,12,3212,109,7,1470.177304,24.90810256,2.0687496,86.38574659,45.32049808,69.56822406,13.13232521,14.8962419
12,122,16,122110,78,27,7827,7812,2712,782712,782,272,78272,110,7,1313.406622,25.27768211,2.207043126,85.60156232,46.48887436,68.81993722,13.19668856,15.01380336
12,122,16,122110,69,79,6979,6912,7912,697912,692,792,69792,111,7,1408.809778,24.08949545,2.146858402,86.27310215,44.99086598,69.54641895,13.5966871,14.99085098
12,122,16,122110,27,36,2736,2712,3612,273612,272,362,27362,112,7,1274.859778,24.99623783,2.219884893,86.2032669,45.38300407,69.07462708,13.39634531,14.53286079
12,122,16,122111,34,62,3462,3412,6212,346212,342,622,34622,113,7,1501.174207,25.06367021,2.361568608,85.3769656,46.65158888,67.29865473,13.08978193,14.54163456
12,122,16,122111,3,46,346,312,4612,34612,32,462,3462,114,7,1372.740533,24.45139699,2.177079354,86.4914239,44.68196589,69.62494341,13.03198466,15.54806192
12,122,16,122111,66,67,6667,6612,6712,666712,662,672,66672,115,7,1564.881881,25.09628283,2.19345697,85.9082382,45.86527691,68.6215198,12.88824986,15.0138446
12,122,16,122111,52,5,525,5212,512,52512,522,52,5252,116,7,1241.551844,25.00905932,2.112282803,86.56590889,44.92802431,69.8328293,13.40640296,14.64517161
12,122,16,122111,18,68,1868,1812,6812,186812,182,682,18682,117,7,1486.020444,25.63552377,2.228769181,85.8398401,45.98638777,68.43932211,13.03051768,15.10569906
12,122,16,122111,10,28,1028,1012,2812,102812,102,282,10282,118,7,1353.274363,24.71123828,2.202388766,85.5760011,45.9172254,68.17723582,12.26466253,15.90395656
12,122,16,122111,18,47,1847,1812,4712,184712,182,472,18472,119,7,1313.126126,25.22275311,2.037391941,86.68718469,45.42518769,69.97169834,12.92178486,14.19977162
12,122,16,122111,87,57,8757,8712,5712,875712,872,572,87572,120,7,1266.951119,24.8578332,2.193321845,85.68650516,45.81040694,67.87112213,12.90920764,15.76608797
12,122,16,122112,44,1,441,4412,112,44112,442,12,4412,121,7,1029.345111,24.97790833,2.192934601,86.03157321,45.84998485,68.45500786,12.65093015,15.31963804
12,122,16,122112,96,98,9698,9612,9812,969812,962,982,96982,122,7,1027.856,24.5168159,2.278709459,85.20785334,45.12994023,67.30732543,13.74893102,15.57191232
12,122,16,122112,54,67,5467,5412,6712,546712,542,672,54672,123,7,1401.922963,24.80016513,2.258588213,86.49902745,46.61659181,67.89589295,12.50174991,15.86699087
12,122,16,122112,93,94,9394,9312,9412,939412,932,942,93942,124,7,1112.412889,25.40566553,2.201631026,85.53497555,45.84138463,67.93525996,12.66448957,14.98964676
12,122,16,122112,62,40,6240,6212,4012,624012,622,402,62402,125,7,1170.805259,24.62405342,2.143823939,86.20030338,44.77993505,68.15192936,13.03891387,15.1968417
12,122,16,122112,63,36,6336,6312,3612,633612,632,362,63362,127,7,1232.179111,25.26812555,2.118659986,85.47050439,46.31464911,69.45483025,12.46320279,14.67728553
12,122,16,122112,50,24,5024,5012,2412,502412,502,242,50242,128,7,913.7112593,23.10436175,1.966294216,86.50425613,44.71922449,69.28514792,13.33128757,16.85668435
12,122,14,122113,35,53,3553,3512,5312,355312,352,532,35532,1,8,1445.644037,-999,2.397103238,84.60907497,46.46862334,66.33991886,12.78238098,14.26525184
12,122,14,122113,20,26,2026,2012,2612,202612,202,262,20262,2,8,1439.324178,25.07963137,2.40566745,85.63883415,47.10717386,66.98811084,13.2859637,15.84492027
12,122,14,122113,54,30,5430,5412,3012,543012,542,302,54302,3,8,1403.331859,26.22432042,2.578388375,84.19628592,47.44571041,65.51105067,13.32165022,14.5126875
12,122,14,122113,28,79,2879,2812,7912,287912,282,792,28792,4,8,1441.130304,26.23849905,2.662403855,83.57403358,47.60224053,64.67811381,13.31790439,15.70448713
12,122,14,122113,75,4,754,7512,412,75412,752,42,7542,5,8,1523.123489,26.59104735,2.487938857,83.67884007,47.21853101,65.24178581,13.32619038,14.72307285
12,122,14,122113,44,32,4432,4412,3212,443212,442,322,44322,6,8,1135.996644,26.31101661,2.442795598,84.68132802,46.5791168,66.34656211,12.87234097,14.66994171
12,122,14,122113,96,99,9699,9612,9912,969912,962,992,96992,7,8,1307.710637,25.8830535,2.450295908,83.94139065,46.64939357,64.19135281,12.75418512,14.66587426
12,122,14,122113,37,26,3726,3712,2612,372612,372,262,37262,8,8,1320.629244,25.67574083,2.461697408,84.2991322,46.44117312,64.86761961,12.53050672,15.15786726
12,122,14,122114,38,14,3814,3812,1412,381412,382,142,38142,9,8,1356.802844,25.76825862,2.469857428,84.4436781,45.12975437,66.04938797,12.94429668,15.42226807
12,122,14,122114,16,29,1629,1612,2912,162912,162,292,16292,10,8,1472.897896,26.60591482,2.553339399,83.88089263,47.80491356,64.73212351,12.26166607,15.76407948
12,122,14,122114,15,68,1568,1512,6812,156812,152,682,15682,11,8,1394.943533,26.54342614,2.474582404,84.89873419,46.43972179,65.93947602,13.05020675,14.93552406
12,122,14,122114,35,29,3529,3512,2912,352912,352,292,35292,12,8,1315.08243,26.38825188,2.575769443,83.57244279,45.87408848,64.82240915,12.60882088,15.55841469
12,122,14,122114,37,70,3770,3712,7012,377012,372,702,37702,13,8,1511.992222,25.58090413,2.513235129,82.85226823,46.82264053,63.71868744,13.55688312,14.52667756
12,122,14,122114,62,85,6285,6212,8512,628512,622,852,62852,14,8,1478.762326,25.8154871,2.451662045,83.29433412,46.02151745,63.91876173,12.40379126,15.39120136
12,122,14,122114,14,36,1436,1412,3612,143612,142,362,14362,15,8,1250.902452,25.07225231,2.300615313,85.375884,45.27551337,65.44233201,13.20605656,15.07545524
12,122,14,122114,89,101,89101,8912,10112,8910112,892,1012,891012,16,8,1325.929178,25.73391468,2.369929356,85.17287092,45.90030864,63.84090227,12.50812699,15.21310869
12,122,14,122115,61,39,6139,6112,3912,613912,612,392,61392,17,8,1434.621659,26.45193578,2.37913555,84.41385357,46.71154895,65.18686762,13.21983381,13.67495987
12,122,14,122115,72,21,7221,7212,2112,722112,722,212,72212,18,8,1517.125948,25.1781372,2.412037215,85.38707803,45.90822937,67.36078438,13.55826616,13.95725179
12,122,14,122115,79,34,7934,7912,3412,793412,792,342,79342,19,8,1575.04323,26.30405703,2.558767359,83.98920513,47.42164435,66.10605961,12.23942997,13.81605217
12,122,14,122115,90,102,90102,9012,10212,9010212,902,1022,901022,20,8,1317.918489,24.81227089,2.442589411,83.86754328,47.16349171,66.75536335,13.52731033,14.43929834
12,122,14,122115,49,81,4981,4912,8112,498112,492,812,49812,21,8,1179.75763,24.18842674,2.175947001,85.81521048,44.42298358,66.850348,12.78609356,14.14932342
12,122,14,122115,13,33,1333,1312,3312,133312,132,332,13332,22,8,1179.811378,25.13148212,2.324794687,85.04252368,45.82919302,66.1184736,12.95722291,13.76185531
12,122,14,122115,64,48,6448,6412,4812,644812,642,482,64482,23,8,1198.574393,25.71845939,2.273072178,85.48676506,45.95766148,66.37881275,12.66380234,14.68699275
12,122,14,122115,22,75,2275,2212,7512,227512,222,752,22752,24,8,1379.81517,26.22142398,2.46568129,83.23923294,46.4630049,64.65479901,12.16279873,13.91461959
12,122,14,122116,50,47,5047,5012,4712,504712,502,472,50472,25,8,1271.077333,25.74659093,2.356899536,84.83911583,45.55846292,66.61318772,12.790136,14.70826192
12,122,14,122116,50,18,5018,5012,1812,501812,502,182,50182,26,8,1222.013778,24.67253444,2.308542069,85.33886331,44.1934777,68.13534706,12.87996029,15.49424965
12,122,14,122116,65,7,657,6512,712,65712,652,72,6572,27,8,1305.288119,25.53945957,2.250573199,85.20504057,46.54728099,66.48318357,12.00831869,14.83633128
12,122,14,122116,77,80,7780,7712,8012,778012,772,802,77802,28,8,1235.183348,25.32478131,2.360024916,84.33412094,45.52526839,66.53853375,12.48741097,15.54325695
12,122,14,122116,17,88,1788,1712,8812,178812,172,882,17882,29,8,1294.794444,25.20784702,2.238857605,85.25431983,45.02831725,68.25403325,12.63958667,14.78807687
12,122,14,122116,21,81,2181,2112,8112,218112,212,812,21812,30,8,1375.637578,24.51672701,2.108925751,87.00331026,44.55938445,68.25297823,13.52095055,15.67565539
12,122,14,122116,89,90,8990,8912,9012,899012,892,902,89902,31,8,1370.557881,25.2124735,2.182869119,85.510877,45.16206964,66.93187398,12.76823973,16.76723502
12,122,14,122116,88,42,8842,8812,4212,884212,882,422,88422,32,8,1280.611252,25.0842206,2.057201825,86.50125715,44.79903234,69.31044322,13.78197401,14.84915405
12,122,14,122117,65,51,6551,6512,5112,655112,652,512,65512,33,8,1418.501667,25.46119098,2.145782602,85.70968331,46.30926083,67.25479386,13.43618828,14.52366369
12,122,14,122117,31,61,3161,3112,6112,316112,312,612,31612,34,8,1493.818148,25.50707824,2.138496824,86.40807238,45.21949048,68.41121226,13.70802244,14.6562449
12,122,14,122117,8,9,89,812,912,8912,82,92,892,35,8,1442.44983,26.01445064,2.284463888,85.50137476,46.66829916,66.56675561,13.32389075,14.67271455
12,122,14,122117,16,20,1620,1612,2012,162012,162,202,16202,36,8,1481.862133,26.1083254,2.105434393,85.91323936,45.89619806,67.78430265,13.90184747,14.39264371
12,122,14,122117,2,23,223,212,2312,22312,22,232,2232,37,8,1277.577245,26.17412495,2.279936031,85.47117789,46.4469964,66.34200649,13.23759581,14.63257472
12,122,14,122117,30,51,3051,3012,5112,305112,302,512,30512,38,8,1310.90363,25.97620702,2.245591099,84.62815918,45.96395558,65.71747241,13.07778896,15.60729574
12,122,14,122117,23,60,2360,2312,6012,236012,232,602,23602,39,8,1493.233304,26.30591982,2.396006806,84.63349244,47.0857027,65.88623904,13.74074422,14.70058129
12,122,14,122117,71,44,7144,7112,4412,714412,712,442,71442,40,8,1440.465933,26.16632017,2.131490604,86.10366667,45.77956684,67.96456473,13.39199469,14.32949112
12,122,14,122118,38,9,389,3812,912,38912,382,92,3892,41,8,1327.776489,25.22755915,2.101242572,86.36462435,45.00194088,67.8450422,12.96541108,15.85188981
12,122,14,122118,25,67,2567,2512,6712,256712,252,672,25672,42,8,1229.829318,25.70310906,2.282278582,84.6623131,45.524785,66.3618968,13.09057453,15.16119901
12,122,14,122118,54,19,5419,5412,1912,541912,542,192,54192,43,8,1493.462,26.34831856,2.269944548,84.61290059,47.42555969,65.46154383,13.08841631,14.00278097
12,122,14,122118,89,104,89104,8912,10412,8910412,892,1042,891042,44,8,1446.602207,25.48662566,2.217952285,86.16862752,45.69346986,66.73833922,13.33985017,15.44390747
12,122,14,122118,76,82,7682,7612,8212,768212,762,822,76822,45,8,1329.578593,25.40638167,2.20411517,85.36740352,47.00341216,65.81437067,13.30037657,14.29770608
12,122,14,122118,24,3,243,2412,312,24312,242,32,2432,46,8,1402.449674,24.7781331,2.120528326,86.30210672,46.1834028,67.37111753,13.75721485,14.96674148
12,122,14,122118,87,73,8773,8712,7312,877312,872,732,87732,47,8,1352.768318,24.78988862,2.210895872,86.95147123,47.24581473,67.34768313,13.62010304,13.23623135
12,122,14,122118,20,37,2037,2012,3712,203712,202,372,20372,48,8,1427.91437,-999,2.075679077,86.82798119,44.79465552,69.05791121,14.39686793,15.35649762
12,122,15,122119,44,64,4464,4412,6412,446412,442,642,44642,49,8,1479.735496,24.85982834,2.145005353,85.87683535,44.87669962,69.03749157,13.37951913,16.20293887
12,122,15,122119,18,24,1824,1812,2412,182412,182,242,18242,50,8,1500.432519,23.88071103,2.134720162,86.26424296,44.05082977,67.99838046,13.16444758,16.09419549
12,122,15,122119,61,30,6130,6112,3012,613012,612,302,61302,51,8,1567.112237,24.61271464,2.146019681,85.60975537,44.42124813,66.92237178,13.3781969,15.48419497
12,122,15,122119,78,9,789,7812,912,78912,782,92,7892,52,8,1503.508963,23.28920711,2.052752211,87.60670511,43.1224519,70.09375763,13.35282487,16.48088323
12,122,15,122119,51,20,5120,5112,2012,512012,512,202,51202,53,8,1530.805481,24.22618358,2.201760886,85.65958543,44.02235278,67.21040247,13.68209787,15.1522787
12,122,15,122119,55,45,5545,5512,4512,554512,552,452,55452,54,8,1406.186422,25.12154636,2.17335007,85.62133724,44.20887605,69.66349905,13.43854946,14.15422989
12,122,15,122119,63,59,6359,6312,5912,635912,632,592,63592,55,8,1558.938393,24.83181934,2.049475998,86.30178532,44.73766987,67.55131877,13.03880449,15.11431291
12,122,15,122119,32,8,328,3212,812,32812,322,82,3282,56,8,1506.929067,24.38960307,2.093554307,86.65151283,44.36974409,69.82361389,13.34557438,14.92560099
12,122,15,122120,90,93,9093,9012,9312,909312,902,932,90932,57,8,1543.077259,23.80999132,2.14116624,86.74812623,44.10344674,68.52943694,13.16733329,15.28241727
12,122,15,122120,60,57,6057,6012,5712,605712,602,572,60572,58,8,1473.904267,24.94042985,2.344440454,84.47344819,44.69018747,65.38804324,13.49773546,13.80572626
12,122,15,122120,14,52,1452,1412,5212,145212,142,522,14522,59,8,1386.085059,24.05684875,2.057978075,87.03790557,43.99261132,66.92778185,13.39429821,14.7854219
12,122,15,122120,53,11,5311,5312,1112,531112,532,112,53112,60,8,1529.763311,24.56017457,2.15314365,86.50094664,43.77040746,69.00946757,13.69958331,14.59681457
12,122,15,122120,8,38,838,812,3812,83812,82,382,8382,61,8,1511.562059,24.95183366,2.208626993,85.54348588,44.82278217,66.76331072,13.27182807,14.25724351
12,122,15,122120,47,68,4768,4712,6812,476812,472,682,47682,62,8,1566.189556,24.73454421,2.090466599,86.38449472,44.10497395,68.32651057,13.69123384,14.42582375
12,122,15,122120,58,77,5877,5812,7712,587712,582,772,58772,63,8,1461.649333,24.66264421,2.228263763,85.65828855,44.32771641,67.41242745,14.14855002,14.14221563
12,122,15,122120,28,62,2862,2812,6212,286212,282,622,28622,64,8,1322.08683,23.41955614,2.037783035,87.42407843,42.51652501,69.54699946,13.82442135,15.58677601
12,122,15,122121,12,22,1222,1212,2212,122212,122,222,12222,65,8,1385.476378,24.00126678,2.053574416,86.2445348,43.75285588,68.3734109,13.72476806,14.47692327
12,122,15,122121,58,11,5811,5812,1112,581112,582,112,58112,66,8,1522.745578,24.92380336,2.197130651,86.38372329,44.08530824,67.51567802,13.57741493,14.13684244
12,122,15,122121,12,84,1284,1212,8412,128412,122,842,12842,67,8,1270.230556,24.02170136,2.163626879,87.58414314,42.86535526,69.18172843,13.47668594,14.79792063
12,122,15,122121,49,10,4910,4912,1012,491012,492,102,49102,68,8,1324.164593,23.58018064,2.081559465,87.30902356,41.9486999,68.14753493,13.24448766,15.68705392
12,122,15,122121,42,26,4226,4212,2612,422612,422,262,42262,69,8,1140.991755,24.73645339,2.329574843,86.15397986,43.44761512,66.2767637,13.42546914,14.78937862
12,122,15,122121,8,9,89,812,912,8912,82,92,892,70,8,1512.595096,24.69391614,2.282759582,86.82734466,44.85938447,66.19138982,13.14289618,14.58414026
12,122,15,122121,70,77,7077,7012,7712,707712,702,772,70772,71,8,1481.952333,25.22111519,2.379995837,85.63962762,45.73445504,66.58070207,13.03912573,14.02853208
12,122,15,122121,42,43,4243,4212,4312,424312,422,432,42432,72,8,1433.699793,24.50689776,2.262463879,86.84311118,44.09282705,67.34289427,13.8466669,14.64603488
12,122,15,122122,104,102,104102,10412,10212,10410212,1042,1022,1041022,73,8,1546.638089,24.89067248,2.290976652,86.55335141,45.86146115,67.49574448,13.63665947,14.65882166
12,122,15,122122,18,47,1847,1812,4712,184712,182,472,18472,74,8,1404.550541,25.81921373,2.302501367,85.85187542,44.9340435,67.26932205,13.30851101,13.44466865
12,122,15,122122,5,59,559,512,5912,55912,52,592,5592,75,8,1580.02803,25.98050787,2.3385764,85.25067838,46.60779543,66.56347851,13.09295258,13.71988116
12,122,15,122122,14,63,1463,1412,6312,146312,142,632,14632,76,8,1544.34463,25.86998668,2.15430706,86.19477978,45.49255873,68.26224709,13.26761158,14.0988993
12,122,15,122122,88,35,8835,8812,3512,883512,882,352,88352,77,8,1559.123407,-999,2.29893033,85.19721941,45.42525886,66.07103257,13.78684962,14.6543982
12,122,15,122122,58,77,5877,5812,7712,587712,582,772,58772,78,8,1598.678407,25.12768431,2.157345853,86.22507533,45.17862128,68.03036101,13.57806491,14.73586714
12,122,15,122122,77,82,7782,7712,8212,778212,772,822,77822,79,8,1575.070074,26.05164468,2.361085965,83.86035589,47.60095339,66.00175227,13.16484874,12.74457895
12,122,15,122122,104,101,104101,10412,10112,10410112,1042,1012,1041012,80,8,1491.478237,25.58322986,2.245711949,85.31822737,45.49018317,66.88343156,13.9406529,14.90257436
12,122,15,122123,4,54,454,412,5412,45412,42,542,4542,81,8,1629.469259,24.89216583,2.259267961,85.70991946,47.21764999,67.51563829,13.5135711,14.25944738
12,122,15,122123,100,102,100102,10012,10212,10010212,1002,1022,1001022,82,8,1504.208311,24.60667014,2.161181004,86.01029975,45.63614383,69.78659255,13.69442804,14.23812021
12,122,15,122123,30,7,307,3012,712,30712,302,72,3072,83,8,1504.126896,25.63559111,2.145618851,85.01657087,46.81757593,67.23550695,13.07319912,14.11673108
12,122,15,122123,89,100,89100,8912,10012,8910012,892,1002,891002,84,8,1451.239822,24.74201335,2.100668404,86.50307693,45.04428857,68.0830785,14.27576434,15.22419546
12,122,15,122123,2,87,287,212,8712,28712,22,872,2872,85,8,1471.355267,26.02761006,2.246789545,85.34724331,46.74581457,66.68665548,13.61257415,14.95897984
12,122,15,122123,34,41,3441,3412,4112,344112,342,412,34412,86,8,1644.434111,25.5244951,2.195345698,85.09175855,46.73902641,68.58914036,13.63336101,14.140287
12,122,15,122123,64,43,6443,6412,4312,644312,642,432,64432,87,8,1533.715333,25.79305481,2.228730814,84.85977797,47.75203621,68.29027087,12.48309229,13.87599756
12,122,15,122123,32,64,3264,3212,6412,326412,322,642,32642,88,8,1600.684948,25.65341144,2.116805117,85.68151722,45.75666049,69.21829341,13.72635619,14.14818533
12,122,15,122124,68,87,6887,6812,8712,688712,682,872,68872,89,8,1597.024311,26.55402452,2.236680941,84.79764048,47.74230808,67.67446966,13.79757941,13.50143634
12,122,15,122124,62,86,6286,6212,8612,628612,622,862,62862,90,8,1710.343185,25.57003255,2.162683307,84.85747193,47.26491751,68.5130837,13.50609724,14.86868873
12,122,15,122124,21,45,2145,2112,4512,214512,212,452,21452,91,8,1654.274356,26.15687534,2.209668296,85.14171025,47.84907045,68.71526506,14.09804179,13.61023466
12,122,15,122124,51,6,516,5112,612,51612,512,62,5162,92,8,1525.495793,25.20944546,2.102059497,85.39248558,46.97687516,68.13114496,12.89978057,15.6901322
12,122,15,122124,52,36,5236,5212,3612,523612,522,362,52362,93,8,1449.430593,25.33785414,2.087604961,84.85216488,46.58002652,69.39915816,13.87869639,14.66609271
12,122,15,122124,89,92,8992,8912,9212,899212,892,922,89922,94,8,1882.024696,25.9811064,2.497523174,83.36879733,48.1130504,67.22031303,13.82345505,13.65135875
12,122,15,122124,7,51,751,712,5112,75112,72,512,7512,95,8,1574.829259,25.70836995,2.178579633,84.15328652,46.63518994,68.33321877,14.23519089,14.17604979
12,122,15,122124,9,74,974,912,7412,97412,92,742,9742,96,8,1647.861348,25.07278008,2.046151554,84.97330365,45.95500993,69.90584901,13.76085463,15.39571214
12,122,16,122125,82,21,8221,8212,2112,822112,822,212,82212,97,8,1510.728681,25.67175948,2.156266746,85.90365999,46.5172868,68.61661961,13.36497813,14.60666916
12,122,16,122125,41,85,4185,4112,8512,418512,412,852,41852,98,8,1407.259556,24.07794281,2.194267168,86.16974987,44.46835543,69.52634301,12.91232045,16.37896763
12,122,16,122125,62,85,6285,6212,8512,628512,622,852,62852,99,8,1523.310889,25.05230864,2.412077988,85.68238724,47.34234373,66.63125004,12.45502476,14.59296123
12,122,16,122125,7,51,751,712,5112,75112,72,512,7512,100,8,1392.589689,24.54230854,2.196725603,86.00228734,45.17361808,68.38752414,12.95747283,15.82863085
12,122,16,122125,78,27,7827,7812,2712,782712,782,272,78272,101,8,1223.761852,24.91542808,2.112082265,86.00060822,46.03996136,68.62631135,12.25386438,15.56569927
12,122,16,122125,50,18,5018,5012,1812,501812,502,182,50182,102,8,1349.665904,24.2401751,2.144466544,85.55118976,44.74689828,68.6168843,13.37975948,14.6342604
12,122,16,122125,8,14,814,812,1412,81412,82,142,8142,103,8,1413.468074,25.05914728,2.108392397,85.6976431,45.57333354,68.64363125,13.83756467,14.31214116
12,122,16,122125,70,11,7011,7012,1112,701112,702,112,70112,104,8,1431.50703,24.8406831,2.225227769,85.77544559,45.14204972,69.06394449,14.14743517,14.58738034
12,122,16,122126,88,29,8829,8812,2912,882912,882,292,88292,105,8,1426.236837,25.17614802,2.188179103,85.72334214,46.18840179,68.93278495,13.9706664,14.78511204
12,122,16,122126,50,82,5082,5012,8212,508212,502,822,50822,106,8,1164.358,24.72334818,2.228085616,85.94466596,44.64603849,68.21364245,12.97339919,15.83497474
12,122,16,122126,31,61,3161,3112,6112,316112,312,612,31612,107,8,1421.674578,25.23373031,2.230571606,86.01211177,44.85810059,68.61419966,13.40409533,14.94809004
12,122,16,122126,48,73,4873,4812,7312,487312,482,732,48732,108,8,1227.466341,24.55818896,2.084873562,86.3946092,44.65256925,69.74777554,13.82681276,15.0991399
12,122,16,122126,25,19,2519,2512,1912,251912,252,192,25192,109,8,1352.510311,24.54411715,2.195117889,85.06275395,46.35262327,69.37954183,13.22043459,15.28704212
12,122,16,122126,84,5,845,8412,512,84512,842,52,8452,110,8,1408.557407,26.2001683,2.407471584,84.50247069,48.0681095,66.98480949,12.92359771,13.92457205
12,122,16,122126,30,67,3067,3012,6712,306712,302,672,30672,111,8,1279.324259,24.54955384,2.16283602,85.67922401,45.3890159,68.02474197,13.35218976,15.49801078
12,122,16,122126,68,3,683,6812,312,68312,682,32,6832,112,8,1462.270889,24.74497429,2.197094823,85.97782447,46.32702891,68.89451955,12.99489314,15.11049452
12,122,16,122127,12,4,124,1212,412,12412,122,42,1242,113,8,1368.775,25.35523547,2.425803946,84.65325484,46.63199028,67.43939836,13.37089641,14.0748733
12,122,16,122127,16,20,1620,1612,2012,162012,162,202,16202,114,8,1372.1214,23.82831919,2.093081795,87.21516696,43.9203866,69.9727547,13.18270255,16.65686877
12,122,16,122127,1,48,148,112,4812,14812,12,482,1482,115,8,1125.137452,24.6265672,2.27023315,85.78661342,45.00259932,68.15100017,13.00990195,15.99341114
12,122,16,122127,70,76,7076,7012,7612,707612,702,762,70762,116,8,1310.017422,24.26736227,2.035117824,87.07284324,44.39945185,70.72274599,13.11744286,16.20162922
12,122,16,122127,81,69,8169,8112,6912,816912,812,692,81692,117,8,1078.795704,23.60810289,2.028786302,87.28379973,43.65827391,70.96774826,13.17236144,16.62571501
12,122,16,122127,22,61,2261,2212,6112,226112,222,612,22612,118,8,1515.936459,25.00518251,2.246973382,84.93170024,46.15385898,68.77096076,12.51885415,15.08852942
12,122,16,122127,79,34,7934,7912,3412,793412,792,342,79342,119,8,1345.475,25.07551971,2.124491122,85.55488918,46.64530048,69.4059572,11.49451865,15.13493365
12,122,16,122127,53,58,5358,5312,5812,535812,532,582,53582,120,8,1341.849807,24.67370182,2.192127404,86.05964446,45.75071555,69.57514442,13.51388284,15.63885845
12,122,16,122128,42,29,4229,4212,2912,422912,422,292,42292,121,8,1113.596889,25.13764808,2.157837886,86.09735177,45.33991551,69.02658307,13.35359785,14.87325799
12,122,16,122128,56,44,5644,5612,4412,564412,562,442,56442,122,8,1204.43,25.00586051,2.159274479,85.49060532,45.55930188,68.80208489,14.15797487,14.88238127
12,122,16,122128,63,36,6336,6312,3612,633612,632,362,63362,123,8,1363.644667,25.80012641,2.208975833,85.21377449,46.64576377,68.03463653,12.48696109,14.15671939
12,122,16,122128,51,35,5135,5112,3512,513512,512,352,51352,124,8,1205.877333,24.24264364,2.198639578,85.7454885,45.68472851,67.61182421,13.21257697,15.74790506
12,122,16,122128,62,40,6240,6212,4012,624012,622,402,62402,125,8,1130.340148,24.96027497,2.185255909,85.69098135,45.34526566,68.98205307,13.43112985,14.95836941
12,122,16,122128,34,86,3486,3412,8612,348612,342,862,34862,126,8,1200.033778,25.67743506,2.294343915,83.99415329,47.20292488,67.85296133,12.73821432,14.94794586
12,122,16,122128,38,14,3814,3812,1412,381412,382,142,38142,127,8,1113.388074,23.83635054,1.904152376,86.55375535,44.95671428,72.00406205,13.61598646,16.08672946
12,122,16,122128,6,42,642,612,4212,64212,62,422,6422,128,8,994.4419259,24.4531694,2.18274902,85.50350249,45.27239807,68.72195496,13.71127793,15.63228714
21,211,17,2111,75,4,754,7521,421,75421,751,41,7541,1,1,963.82496,21.02927869,1.782090672,88.7347519,40.73585943,71.60230325,14.28096885,17.80051458
21,211,17,2111,9,27,927,921,2721,92721,91,271,9271,2,1,914.02328,20.91284202,1.785164892,89.53893481,39.59831602,73.10964804,14.82584441,17.52072272
21,211,17,2111,100,103,100103,10021,10321,10010321,1001,1031,1001031,3,1,963.56312,20.77304918,1.63006536,90.25239778,40.02415984,73.53856358,14.23110538,17.26098231
21,211,17,2111,55,56,5556,5521,5621,555621,551,561,55561,4,1,987.67656,20.83231165,1.734479004,89.39628602,40.34162641,73.47366023,14.80266419,17.02366136
21,211,17,2111,63,66,6366,6321,6621,636621,631,661,63661,5,1,950.36384,21.10602573,1.691869735,89.05069063,40.50855614,72.43122144,13.89032814,17.84471175
21,211,17,2111,46,60,4660,4621,6021,466021,461,601,46601,6,1,844.19184,20.284411,1.768461315,89.63277958,39.95068018,72.82659647,14.86858138,17.64758011
21,211,17,2111,88,16,8816,8821,1621,881621,881,161,88161,7,1,1078.67712,20.02288819,1.573442574,90.11390368,39.19582331,72.84265301,13.95453843,18.33411581
21,211,17,2111,17,88,1788,1721,8821,178821,171,881,17881,8,1,1033.0464,19.94088349,1.537488098,90.70471618,38.76932623,74.60234304,14.24285777,17.65002418
21,211,19,2112,20,37,2037,2021,3721,203721,201,371,20371,9,1,843.33824,22.28627181,2.239403234,90.77902406,41.34651493,66.10341952,22.01857565,13.47276828
21,211,19,2112,34,86,3486,3421,8621,348621,341,861,34861,10,1,1013.88544,22.76061516,2.071818477,89.41551386,41.68480411,67.59967209,21.86975036,13.56096002
21,211,19,2112,64,8,648,6421,821,64821,641,81,6481,11,1,1007.028,22.84593362,1.960937329,91.65907363,40.58731123,64.5418082,21.20014463,11.41106594
21,211,19,2112,43,78,4378,4321,7821,437821,431,781,43781,12,1,964.43184,23.04278167,1.984532264,89.58126501,39.88029687,65.94142044,20.97490128,13.20147978
21,211,19,2112,70,11,7011,7021,1121,701121,701,111,70111,13,1,962.96848,23.38752008,1.987018546,91.06092418,41.62339815,63.68426044,21.36569211,11.70817075
21,211,19,2112,73,56,7356,7321,5621,735621,731,561,73561,14,1,1019.84384,22.37619965,1.556299192,92.04736463,39.06012202,65.18834276,21.42445927,16.26753189
21,211,19,2112,93,94,9394,9321,9421,939421,931,941,93941,15,1,1059.11184,23.18655021,1.79758622,91.04478849,40.56388692,64.67479551,21.7351392,14.17655277
21,211,19,2112,20,26,2026,2021,2621,202621,201,261,20261,16,1,926.07232,22.89571799,1.91913884,88.86668725,39.38886096,67.57506025,21.74610568,14.63465766
21,211,19,2113,55,45,5545,5521,4521,554521,551,451,55451,17,1,986.24256,24.0199096,2.089618577,90.56788496,41.68063352,64.25808733,21.83941117,8.582241508
21,211,19,2113,21,81,2181,2121,8121,218121,211,811,21811,18,1,970.66976,22.60249469,1.755160266,91.44971364,39.38912536,65.77711557,21.31793054,16.47062017
21,211,19,2113,35,37,3537,3521,3721,353721,351,371,35371,19,1,894.97936,23.26985058,2.050591894,89.30755391,40.78878138,62.19883574,21.90054535,15.87360049
21,211,19,2113,18,47,1847,1821,4721,184721,181,471,18471,20,1,1025.2648,23.53828324,2.191947133,89.24620721,41.11382574,66.19858784,21.00270613,12.63152598
21,211,19,2113,17,6,176,1721,621,17621,171,61,1761,21,1,1055.70592,24.17939305,2.093787775,90.40683375,41.35011226,65.16150694,22.11131684,13.89482622
21,211,19,2113,91,103,91103,9121,10321,9110321,911,1031,911031,22,1,990.9064,23.78751935,1.89376567,89.7218753,39.80143532,64.48120699,22.32271436,9.168849585
21,211,19,2113,90,92,9092,9021,9221,909221,901,921,90921,23,1,1223.48072,-999,2.427784047,85.34267456,44.01459858,64.93471172,20.8852347,14.89193545
21,211,19,2113,24,15,2415,2421,1521,241521,241,151,24151,24,1,1022.39248,22.81110481,1.706020655,90.9669138,41.52324904,63.04002386,20.75023246,17.02757261
21,211,19,2114,2,23,223,221,2321,22321,21,231,2231,25,1,1002.20992,24.45488292,2.151961916,89.53854694,42.33562905,64.96795902,22.31908949,13.3456541
21,211,19,2114,57,73,5773,5721,7321,577321,571,731,57731,26,1,1042.66688,23.52596961,1.907685532,90.78779803,39.98352977,64.80945384,21.64360216,12.33060553
21,211,19,2114,71,73,7173,7121,7321,717321,711,731,71731,27,1,1076.67088,23.2941842,1.818674569,91.14884648,39.66027699,65.66905216,21.72037214,14.36725752
21,211,19,2114,69,10,6910,6921,1021,691021,691,101,69101,28,1,979.20896,24.16796919,1.903172771,89.89133948,40.77666988,61.96203122,21.16376037,16.75755283
21,211,19,2114,3,46,346,321,4621,34621,31,461,3461,29,1,988.77328,22.70179925,1.827579761,91.25024088,39.98930553,64.1509183,21.72702916,16.41441286
21,211,19,2114,20,29,2029,2021,2921,202921,201,291,20291,30,1,984.95024,23.09236741,1.879972978,89.92711222,39.4689838,64.8218685,21.46614262,15.74378405
21,211,19,2114,89,103,89103,8921,10321,8910321,891,1031,891031,31,1,1027.42768,22.97020306,1.792322655,91.16560375,39.64228571,62.59649009,20.90367074,17.81555967
21,211,19,2114,49,10,4910,4921,1021,491021,491,101,49101,32,1,941.92848,22.61884725,1.895008874,90.80812588,40.63633128,62.95612586,20.94322641,18.58861228
21,211,17,2115,27,5,275,2721,521,27521,271,51,2751,33,1,1091.01552,20.79045728,1.614636637,89.24446677,40.58752477,74.26056494,13.4597931,18.52064436
21,211,17,2115,48,52,4852,4821,5221,485221,481,521,48521,34,1,1071.82512,20.4008966,1.668969444,89.38373241,39.85470712,72.29288231,13.58972699,18.07345032
21,211,17,2115,43,78,4378,4321,7821,437821,431,781,43781,35,1,1149.88232,20.49593164,1.635198814,89.53896673,39.91961866,72.40215047,13.89402691,17.56609311
21,211,17,2115,79,34,7934,7921,3421,793421,791,341,79341,36,1,1301.61616,21.23916191,1.830763633,89.25892416,40.74540209,72.36211099,14.57436169,17.69156629
21,211,17,2115,97,98,9798,9721,9821,979821,971,981,97981,37,1,1070.3984,18.94745063,1.49888135,92.19792737,37.52157576,75.68761902,13.57088635,19.5031364
21,211,17,2115,57,71,5771,5721,7121,577121,571,711,57711,38,1,1174.9664,20.5522682,1.692108435,89.61562697,39.91155206,73.10664255,14.11915437,17.80568358
21,211,17,2115,89,91,8991,8921,9121,899121,891,911,89911,39,1,1184.57736,20.14098266,1.632648926,90.84266018,39.07324841,74.93108454,14.56120896,17.50842838
21,211,17,2115,49,69,4969,4921,6921,496921,491,691,49691,40,1,1096.75592,20.63255389,1.742758698,89.52091363,39.83443357,73.62302365,14.086855,16.61466411
21,211,19,2116,69,79,6979,6921,7921,697921,691,791,69791,41,1,1049.5976,23.71433698,2.037734684,90.07003944,40.56876202,65.37605424,21.55001824,11.47975783
21,211,19,2116,42,58,4258,4221,5821,425821,421,581,42581,42,1,1037.92704,24.40292209,1.921672105,91.05699639,42.26478996,62.18350397,20.88440297,13.60598813
21,211,19,2116,38,27,3827,3821,2721,382721,381,271,38271,43,1,1149.7928,23.21900443,1.796010283,90.97618561,40.66654556,66.78157613,22.08533803,7.653313482
21,211,19,2116,89,101,89101,8921,10121,8910121,891,1011,891011,44,1,1122.96896,25.02940326,2.200041737,89.46848192,43.3260221,60.82053744,20.50001011,11.33884475
21,211,19,2116,104,101,104101,10421,10121,10410121,1041,1011,1041011,45,1,935.76128,23.90709168,2.045229977,89.67556758,41.90185865,63.94246071,21.25873263,8.790972981
21,211,19,2116,76,80,7680,7621,8021,768021,761,801,76801,46,1,893.22176,21.48019914,1.656609608,91.01818644,38.11075233,68.39232677,22.26029841,14.25553997
21,211,19,2116,40,45,4045,4021,4521,404521,401,451,40451,47,1,878.624,24.22418405,1.952553469,90.50307458,43.92011098,61.21910052,21.75280395,14.94010415
21,211,19,2116,87,57,8757,8721,5721,875721,871,571,87571,48,1,1084.27104,24.5297243,2.239421931,88.33027363,43.05580868,67.36431034,22.79387012,13.24303068
21,211,20,2117,15,68,1568,1521,6821,156821,151,681,15681,49,1,1086.456,24.24062757,2.563658946,89.9772248,45.12406879,65.94939756,20.58940451,9.057330965
21,211,20,2117,35,29,3529,3521,2921,352921,351,291,35291,50,1,1129.21328,23.4126396,2.782985955,88.03746306,42.39093662,66.8741179,19.54249137,14.79897121
21,211,20,2117,78,80,7880,7821,8021,788021,781,801,78801,51,1,1014.66224,23.27656163,2.284725615,89.61994295,41.83315852,62.24158838,19.54198023,21.48640595
21,211,20,2117,4,25,425,421,2521,42521,41,251,4251,52,1,1345.90864,-999,2.250494203,88.74150719,40.35484646,70.88560023,20.12129744,14.70936236
21,211,20,2117,38,52,3852,3821,5221,385221,381,521,38521,53,1,1082.71648,22.88607933,2.31834114,90.50209938,40.5236635,63.56457915,19.28933398,20.15608812
21,211,20,2117,12,22,1222,1221,2221,122221,121,221,12221,54,1,1170.128,-999,2.190375127,88.55283381,35.74667192,71.46468658,18.58067864,15.70557148
21,211,20,2117,64,43,6443,6421,4321,644321,641,431,64431,55,1,1159.73616,24.99061205,2.648032486,87.23615995,44.07104627,59.60371123,18.22665455,19.72637998
21,211,21,2117,45,69,4569,4521,6921,456921,451,691,45691,56,1,1049.95408,24.24914117,2.257077827,88.3600231,42.18785204,59.28681081,19.28959295,20.06432024
21,211,21,2118,91,93,9193,9121,9321,919321,911,931,91931,57,1,1037.4784,24.76581653,2.094311969,89.66791641,43.11060277,63.49620144,19.37096156,18.6022359
21,211,21,2118,59,12,5912,5921,1221,591221,591,121,59121,58,1,1306.5168,23.36837097,2.193488439,87.60108503,40.83695903,67.74363289,21.67769609,16.92210813
21,211,21,2118,58,77,5877,5821,7721,587721,581,771,58771,59,1,1153.2816,23.14595469,1.887329624,90.2253257,42.14983644,60.28597367,21.29356214,19.45183371
21,211,21,2118,8,38,838,821,3821,83821,81,381,8381,60,1,1182.0184,24.43679716,2.64546728,84.61956856,43.22779624,63.78268166,21.37312086,12.23254048
21,211,21,2118,14,52,1452,1421,5221,145221,141,521,14521,61,1,926.88064,22.83764796,1.800751867,90.14854989,41.81010659,60.67023196,23.3283706,21.17407337
21,211,21,2118,101,102,101102,10121,10221,10110221,1011,1021,1011021,62,1,1051.04112,24.42310397,1.981276225,88.52062638,41.68872859,60.98944746,22.56986149,14.44875796
21,211,21,2118,3,23,323,321,2321,32321,31,231,3231,63,1,1000.53296,24.0945697,2.314312859,83.57617769,41.73227644,64.5919658,24.0699292,14.46102717
21,211,21,2118,77,80,7780,7721,8021,778021,771,801,77801,64,1,1020.7696,23.50296518,1.856326663,88.6622125,40.43802723,63.59799535,22.90035639,16.99431447
21,211,17,2119,72,21,7221,7221,2121,722121,721,211,72211,65,1,1167.1624,20.02146078,1.691865507,90.91037563,38.56053175,74.7225933,13.48874558,18.56676145
21,211,17,2119,65,7,657,6521,721,65721,651,71,6571,66,1,1221.27104,21.68596649,1.761792667,88.73921904,40.84767929,72.29031972,13.51643759,17.31318451
21,211,17,2119,67,6,676,6721,621,67621,671,61,6761,67,1,1150.09256,21.93198975,1.866130895,88.23231993,41.10416099,72.55370695,12.88695546,17.46305847
21,211,17,2119,69,34,6934,6921,3421,693421,691,341,69341,68,1,1151.98024,20.96229623,1.770657331,89.15366382,40.16129256,72.96868687,13.98988204,17.47436253
21,211,17,2119,32,8,328,3221,821,32821,321,81,3281,69,1,1109.44864,20.79310359,1.665242498,89.95732123,39.42979924,73.82459222,13.65235771,18.05315427
21,211,17,2119,60,57,6057,6021,5721,605721,601,571,60571,70,1,1072.07592,20.49316292,1.678882281,89.7675255,39.43938242,73.28548169,14.64114417,18.33064058
21,211,17,2119,57,33,5733,5721,3321,573321,571,331,57331,71,1,1140.82624,21.41515439,1.698172049,88.9230467,40.7930188,72.64918196,13.80521975,17.55212785
21,211,17,2119,48,74,4874,4821,7421,487421,481,741,48741,72,1,1052.80104,20.2990994,1.592770687,90.46538928,39.30510725,74.18421517,12.92186762,19.4496679
21,211,23,21110,42,43,4243,4221,4321,424321,421,431,42431,73,1,977.69968,21.38918042,1.919638708,87.76081827,41.4044137,70.99688539,14.14583164,17.1445615
21,211,23,21110,12,22,1222,1221,2221,122221,121,221,12221,74,1,1076.79936,-999,1.722155366,88.87058902,40.88110851,74.63529313,15.44375302,17.6651448
21,211,24,21110,48,74,4874,4821,7421,487421,481,741,48741,75,1,984.68496,20.54581305,1.763002877,89.23554879,41.01783229,72.73139811,14.11070699,17.61228155
21,211,24,21110,92,96,9296,9221,9621,929621,921,961,92961,76,1,1171.00376,24.81561545,2.507132734,85.58385151,46.85610756,69.7498317,14.72611598,13.1496482
21,211,24,21110,40,43,4043,4021,4321,404321,401,431,40431,77,1,905.48688,20.16197054,1.685613271,89.91201703,40.03543828,74.38374317,14.09787513,18.89908656
21,211,24,21110,41,86,4186,4121,8621,418621,411,861,41861,78,1,1019.83744,21.23956427,1.806599841,89.13448006,40.27800485,73.4890967,13.80605959,17.54027337
21,211,24,21110,23,71,2371,2321,7121,237121,231,711,23711,79,1,1225.0984,-999,1.977568474,87.6192889,42.13992808,72.39663149,14.47642751,16.28834456
21,211,24,21110,78,14,7814,7821,1421,781421,781,141,78141,80,1,1089.58104,20.74862735,1.742125612,88.98630783,41.61442247,72.19642766,14.2037807,20.08385434
21,211,17,21111,47,3,473,4721,321,47321,471,31,4731,1,3,1089.0036,22.04429963,1.903068213,88.03275407,41.52564271,71.34616776,14.96761876,16.36673595
21,211,17,21111,77,83,7783,7721,8321,778321,771,831,77831,2,3,959.44656,19.96161871,1.577199106,90.28762574,38.65881207,74.22299367,14.5989486,18.06161763
21,211,17,21111,54,19,5419,5421,1921,541921,541,191,54191,3,3,1086.14216,22.38831413,1.963991417,87.86287251,42.80244311,70.63862048,14.77549105,16.23616398
21,211,17,21111,50,80,5080,5021,8021,508021,501,801,50801,4,3,835.58552,19.42612007,1.546392363,90.16868153,39.52893393,74.8415866,14.44588671,19.2382825
21,211,17,21111,7,51,751,721,5121,75121,71,511,7511,5,3,1053.91352,20.59126021,1.609617919,89.29327789,40.08426821,72.51323503,13.85028142,19.14311699
21,211,17,21111,95,99,9599,9521,9921,959921,951,991,95991,6,3,981.79408,20.2248796,1.588020116,90.5664597,39.31697781,74.5961955,14.46356372,17.22696257
21,211,17,21111,104,91,10491,10421,9121,1049121,1041,911,104911,7,3,1025.92912,20.99089631,1.733466307,89.40575077,40.0379915,72.72160035,14.14217512,17.38497333
21,211,17,21111,17,7,177,1721,721,17721,171,71,1771,8,3,988.50808,20.98584514,1.649349745,89.27575888,40.22657264,73.10045097,14.81067324,17.13564366
21,211,19,21112,7,35,735,721,3521,73521,71,351,7351,9,3,896.55072,22.90722948,2.222175166,90.70348895,41.52840361,67.79067619,22.57211761,10.98411402
21,211,19,21112,52,63,5263,5221,6321,526321,521,631,52631,10,3,948.59008,23.5517544,2.10127698,91.19948397,42.61291145,66.6147042,21.98115102,8.661650943
21,211,19,21112,9,63,963,921,6321,96321,91,631,9631,11,3,917.46416,23.68056906,1.973547572,88.98355996,39.77283823,69.41689642,22.44516311,13.87003496
21,211,19,21112,41,85,4185,4121,8521,418521,411,851,41851,12,3,981.5592,22.80402538,2.065986417,90.83215692,39.01360978,63.04338732,22.05951169,16.43403707
21,211,19,21112,99,100,99100,9921,10021,9910021,991,1001,991001,13,3,937.6168,22.65723483,1.925304137,91.50814066,40.14780474,62.82262132,21.41584351,15.55253456
21,211,19,21112,32,1,321,3221,121,32121,321,11,3211,14,3,1095.7728,22.06113428,1.77281816,88.89461793,38.06372056,69.39150602,22.6360441,12.87971489
21,211,19,21112,37,70,3770,3721,7021,377021,371,701,37701,15,3,1022.25536,23.59725215,1.94588064,90.94937388,41.06673552,67.8064325,22.6910081,13.83919536
21,211,19,21112,83,55,8355,8321,5521,835521,831,551,83551,16,3,947.0648,23.99062707,2.0587523,89.78012629,41.25641149,62.28693264,21.72153007,13.98005717
21,211,19,21113,45,34,4534,4521,3421,453421,451,341,45341,17,3,1085.75472,24.34963021,2.213905265,88.34159721,42.08151128,64.37524671,22.40492244,8.446736561
21,211,19,21113,89,104,89104,8921,10421,8910421,891,1041,891041,18,3,987.02752,24.09614316,2.292195297,88.60518023,41.9977624,60.92271593,21.39707609,14.60663869
21,211,19,21113,25,65,2565,2521,6521,256521,251,651,25651,19,3,1037.81296,24.64872702,2.609818123,84.18298363,42.56946532,67.81516108,23.20959643,13.02358258
21,211,19,21113,56,32,5632,5621,3221,563221,561,321,56321,20,3,992.236,24.31961571,2.363423704,89.31887113,42.42411847,66.06593691,22.8433128,6.858253149
21,211,19,21113,75,39,7539,7521,3921,753921,751,391,75391,21,3,1061.73536,23.20181162,1.913772372,89.68315114,39.74672935,67.46094866,22.19298429,10.93791279
21,211,19,21113,5,59,559,521,5921,55921,51,591,5591,22,3,1109.66208,24.10605912,2.050111677,90.4167525,41.53971615,66.50953532,22.64365469,14.24671552
21,211,19,21113,27,74,2774,2721,7421,277421,271,741,27741,23,3,940.08304,24.26432493,1.777107456,91.95226837,40.50504671,62.23426086,21.76825439,13.26346147
21,211,19,21113,53,58,5358,5321,5821,535821,531,581,53581,24,3,1079.8016,24.31899573,2.038500932,90.44365211,43.12417061,64.86953609,21.46195275,13.813295
21,211,19,21114,28,34,2834,2821,3421,283421,281,341,28341,25,3,1082.30384,23.85159496,1.897139675,91.09082375,42.30628018,62.32484304,21.99507568,8.093549941
21,211,19,21114,30,67,3067,3021,6721,306721,301,671,30671,26,3,991.01136,24.52206808,2.383450212,90.09898064,42.34485283,64.41988872,22.03752859,7.542521127
21,211,19,21114,31,75,3175,3121,7521,317521,311,751,31751,27,3,1029.5656,22.30565931,1.723546389,92.08860151,38.85195889,65.88644869,21.32628261,15.8211492
21,211,19,21114,15,47,1547,1521,4721,154721,151,471,15471,28,3,995.70192,23.42025361,1.942234657,91.70194992,41.04249782,62.35442434,22.67835443,13.95793041
21,211,19,21114,79,34,7934,7921,3421,793421,791,341,79341,29,3,1054.08288,22.39823798,1.879009638,88.70922315,38.88324829,68.78992389,22.77719065,10.77659487
21,211,19,21114,6,88,688,621,8821,68821,61,881,6881,30,3,1002.3344,23.12359708,1.882723765,91.12072807,40.19974037,64.68491427,21.98570228,14.11629928
21,211,19,21114,44,45,4445,4421,4521,444521,441,451,44451,31,3,956.40208,23.08064626,1.96263448,90.72433968,39.9857354,64.92490602,21.35614563,12.82879732
21,211,19,21114,23,71,2371,2321,7121,237121,231,711,23711,32,3,965.82464,24.27463274,2.301306591,88.54618372,41.0157883,67.93353059,23.13456288,13.93971606
21,211,17,21115,49,10,4910,4921,1021,491021,491,101,49101,33,3,1013.30408,20.66580336,1.759131889,89.15253003,40.42204714,73.1263632,14.32071988,16.26911637
21,211,17,21115,35,29,3529,3521,2921,352921,351,291,35291,34,3,1096.27336,21.55235537,1.814928401,88.34274968,41.54141007,72.16641507,13.91464831,16.73347727
21,211,17,21115,25,65,2565,2521,6521,256521,251,651,25651,35,3,1144.61688,22.85150441,1.969587005,88.11084345,43.04065635,71.77738013,14.44621502,14.7034771
21,211,17,21115,12,84,1284,1221,8421,128421,121,841,12841,36,3,1122.12768,21.03745308,1.761725618,89.68843481,40.67295005,73.75199236,15.02030111,16.08997599
21,211,17,21115,91,93,9193,9121,9321,919321,911,931,91931,37,3,1040.02088,20.68801765,1.629186105,90.632565,39.28170664,74.3860103,14.59934258,16.74780587
21,211,17,21115,25,67,2567,2521,6721,256721,251,671,25671,38,3,1073.51864,21.2702421,1.727615978,89.2244284,40.75870833,73.67926773,14.25744602,15.78066461
21,211,17,21115,32,64,3264,3221,6421,326421,321,641,32641,39,3,1178.23512,21.56143012,1.740311195,89.34879985,41.54568515,73.23797634,14.5020166,15.87074548
21,211,17,21115,67,17,6717,6721,1721,671721,671,171,67171,40,3,1064.93872,20.95827999,1.753704775,89.76148596,40.243134,73.38030188,14.7128372,15.65483182
21,211,19,21116,47,49,4749,4721,4921,474921,471,491,47491,41,3,1080.62496,23.51168524,1.935519237,90.30788873,40.93486296,68.45629114,21.52928608,14.11298243
21,211,19,21116,68,87,6887,6821,8721,688721,681,871,68871,42,3,1179.48176,-999,2.196456517,89.15803657,43.77276613,65.99569511,21.86085855,13.36437681
21,211,19,21116,39,19,3919,3921,1921,391921,391,191,39191,43,3,1085.9024,-999,2.134922618,90.01499567,43.94961887,64.32230769,22.81438062,13.76388127
21,211,19,21116,51,35,5135,5121,3521,513521,511,351,51351,44,3,941.032,23.25391312,1.903565879,90.22241695,39.50388405,66.00806575,22.55813339,9.719726219
21,211,19,21116,23,60,2360,2321,6021,236021,231,601,23601,45,3,930.88816,23.48702359,2.035349833,90.06859128,39.37908621,66.58526873,23.1958003,13.0333547
21,211,19,21116,13,33,1333,1321,3321,133321,131,331,13331,46,3,995.44928,24.90438677,2.170246444,90.2223384,43.36326608,64.02312594,23.05349254,12.62047419
21,211,19,21116,71,33,7133,7121,3321,713321,711,331,71331,47,3,959.0064,24.23574182,2.126678108,88.80671799,41.86416878,68.45835825,23.50380029,12.76265981
21,211,19,21116,2,13,213,221,1321,21321,21,131,2131,48,3,975.4328,24.25328069,2.09639507,90.04755167,43.08218815,66.70852395,23.49714431,12.78699282
21,211,20,21117,1,78,178,121,7821,17821,11,781,1781,49,3,1025.29328,22.87002982,2.298521038,91.70796549,40.41418016,72.08337294,23.16374753,9.348656971
21,211,20,21117,92,95,9295,9221,9521,929521,921,951,92951,50,3,991.21696,-999,2.475479175,90.04207869,44.59277435,65.86513637,19.70378268,13.22052236
21,211,20,21117,83,69,8369,8321,6921,836921,831,691,83691,51,3,913.61168,22.51834493,2.445755788,90.90879524,39.95246309,68.10569735,19.6273894,18.89387469
21,211,20,21117,56,44,5644,5621,4421,564421,561,441,56441,52,3,1050.104,-999,2.388577641,90.90130819,42.70461629,68.8770001,20.63554739,9.454317995
21,211,20,21117,46,57,4657,4621,5721,465721,461,571,46571,53,3,945.6456,23.02467226,2.319267163,91.78635704,41.13899359,65.417263,20.00949393,15.5940197
21,211,20,21117,78,50,7850,7821,5021,785021,781,501,78501,54,3,897.32096,22.95429867,2.190177317,91.69004944,40.231723,61.64519361,18.74461287,21.80677008
21,211,20,21117,37,26,3726,3721,2621,372621,371,261,37261,55,3,1087.64944,-999,2.307581825,88.15098809,39.42028325,67.98190874,20.61502902,13.82955792
21,211,21,21117,49,55,4955,4921,5521,495521,491,551,49551,56,3,980.14064,-999,2.172323611,91.26003986,40.43188872,63.303374,20.69704172,14.18301082
21,211,21,21118,61,39,6139,6121,3921,613921,611,391,61391,57,3,1166.9528,24.31385507,2.48351288,87.10408552,42.05150818,61.94190262,19.19795242,19.32781801
21,211,21,21118,35,53,3553,3521,5321,355321,351,531,35531,58,3,1071.82,23.48314441,2.423554547,87.59403289,41.4731427,63.60542069,22.60657488,17.24246068
21,211,21,21118,33,1,331,3321,121,33121,331,11,3311,59,3,1102.05056,24.63006218,2.570768252,86.50957066,43.34876385,67.38426507,22.53051137,11.53453507
21,211,21,21118,91,94,9194,9121,9421,919421,911,941,91941,60,3,1015.96272,23.62001974,2.078570991,88.32016948,41.24101305,66.43235798,21.8125378,14.53417986
21,211,21,21118,50,47,5047,5021,4721,504721,501,471,50471,62,3,1027.67104,24.61101486,2.184390713,90.00938951,43.26889181,61.93727576,22.57173828,8.683410286
21,211,21,21118,29,32,2932,2921,3221,293221,291,321,29321,63,3,1208.258,-999,2.180145034,87.08933291,41.72907773,65.80768381,21.97591433,14.3910229
21,211,21,21118,18,24,1824,1821,2421,182421,181,241,18241,64,3,997.4952,23.41993691,2.103830487,89.13067423,40.40884777,66.0830453,22.55985757,8.44336546
21,211,17,21119,104,90,10490,10421,9021,1049021,1041,901,104901,65,3,1090.49304,20.05341689,1.62951332,89.90527437,39.13720552,73.09660262,13.8713492,19.08828783
21,211,17,21119,41,85,4185,4121,8521,418521,411,851,41851,66,3,1122.696,20.22230063,1.56929676,89.90211412,39.15324505,73.45304496,14.0699822,18.14854407
21,211,17,21119,99,102,99102,9921,10221,9910221,991,1021,991021,67,3,1117.0312,20.57850116,1.729271261,90.07284363,40.14332359,74.58741875,14.80468429,17.11733474
21,211,17,21119,93,96,9396,9321,9621,939621,931,961,93961,68,3,1144.96056,20.78585771,1.666449105,89.9887995,40.22006345,74.37744344,14.65514456,17.26776131
21,211,17,21119,50,82,5082,5021,8221,508221,501,821,50821,69,3,913.1068,19.75742736,1.616054875,90.71400969,38.85421844,74.32480463,14.23395532,18.33598637
21,211,17,21119,76,80,7680,7621,8021,768021,761,801,76801,70,3,1081.60792,19.22385047,1.440596697,91.13226729,38.47819384,76.06422369,13.88092671,18.96374423
21,211,17,21119,58,70,5870,5821,7021,587021,581,701,58701,71,3,1138.82704,21.66905244,1.816885889,88.88382783,41.17487302,71.85695112,13.26082919,17.41003432
21,211,17,21119,22,61,2261,2221,6121,226121,221,611,22611,72,3,1320.59304,22.56464464,1.921763132,88.02941984,43.17746565,71.9722553,14.80112776,14.68478652
21,211,23,21120,64,48,6448,6421,4821,644821,641,481,64481,73,3,1006.85152,20.9700545,1.844139102,89.57233241,40.04478614,73.07266178,15.19362302,19.11884121
21,211,23,21120,21,83,2183,2121,8321,218321,211,831,21831,74,3,1061.63456,-999,1.637385394,90.21577598,40.59073593,75.1930374,14.93360725,17.87201754
21,211,24,21120,57,56,5756,5721,5621,575621,571,561,57561,75,3,1012.98336,21.2946268,1.777099308,89.26162961,40.7141218,74.49399713,13.94694353,16.37329784
21,211,24,21120,61,30,6130,6121,3021,613021,611,301,61301,76,3,1163.15328,21.47874066,1.721103973,88.3131767,41.9816579,73.22439362,13.88083063,17.2409801
21,211,24,21120,19,30,1930,1921,3021,193021,191,301,19301,77,3,991.92696,21.34306501,1.749988348,89.87855889,41.73103296,75.23481632,15.06217431,16.57309348
21,211,24,21120,66,75,6675,6621,7521,667521,661,751,66751,78,3,1011.45648,19.678617,1.57722395,91.53640449,38.71710237,75.35030452,13.82726844,19.07621698
21,211,24,21120,96,98,9698,9621,9821,969821,961,981,96981,79,3,802.49136,20.91827972,1.719396902,89.97228917,40.60371401,74.53373054,15.06099007,15.4489698
21,211,24,21120,67,7,677,6721,721,67721,671,71,6771,80,3,1022.37344,21.4795281,1.887172304,89.14874443,40.55648157,73.68513466,14.21371283,17.71278221
21,211,25,21121,50,24,5024,5021,2421,502421,501,241,50241,81,3,878.9552,19.82468756,1.681025778,90.17663628,39.4098701,75.69431304,16.35404592,18.89574745
21,211,25,21121,44,32,4432,4421,3221,443221,441,321,44321,82,3,871.11912,21.02209826,1.823656067,89.57105716,40.97926927,75.75597027,16.24540471,17.86174846
21,211,25,21121,11,80,1180,1121,8021,118021,111,801,11801,83,3,959.76912,19.91052154,1.625724981,90.23820919,39.85396587,76.21271577,15.46699857,18.96976367
21,211,25,21121,10,62,1062,1021,6221,106221,101,621,10621,84,3,936.48224,20.52694153,1.685550168,89.80838246,40.88685904,75.49784666,15.80720028,18.67834507
21,211,25,21121,31,75,3175,3121,7521,317521,311,751,31751,85,3,959.37056,19.20462825,1.472883115,91.43134102,38.76372593,76.77942363,15.69094851,19.57767658
21,211,25,21121,11,76,1176,1121,7621,117621,111,761,11761,86,3,1041.57664,19.31913824,1.534104835,91.3160518,39.58019919,76.52923029,14.62703508,19.51076394
21,211,25,21121,2,87,287,221,8721,28721,21,871,2871,87,3,1022.07936,20.86479444,1.734013628,90.29403481,41.22316151,75.07239608,15.77398819,17.678799
21,211,25,21121,96,97,9697,9621,9721,969721,961,971,96971,88,3,975.1664,22.18597196,1.835771889,89.03932207,42.5068946,74.46487509,15.31025913,16.2256037
21,211,26,21122,33,1,331,3321,121,33121,331,11,3311,89,3,1012.24016,21.39149101,1.825073808,89.39935132,41.6745682,74.50206158,15.93552602,17.43678466
21,211,26,21122,2,87,287,221,8721,28721,21,871,2871,90,3,969.92064,21.19535863,1.815628896,89.91597754,41.2416991,74.86106079,15.72418777,17.73745677
21,211,26,21122,51,6,516,5121,621,51621,511,61,5161,91,3,1046.48832,20.66582805,1.66421356,90.32580117,40.48777941,74.27779502,15.4951534,19.47266522
21,211,26,21122,36,12,3612,3621,1221,361221,361,121,36121,92,3,1087.8624,21.0060515,1.709538846,90.02893932,40.44644214,75.58291903,15.36732998,18.54395295
21,211,26,21122,84,61,8461,8421,6121,846121,841,611,84611,93,3,1162.81504,22.32424845,1.955050811,88.22422631,43.53809936,72.49916206,16.46367065,16.09804965
21,211,26,21122,90,91,9091,9021,9121,909121,901,911,90911,94,3,1087.03024,20.9965385,1.719468054,90.41043964,40.90819218,74.83210053,15.03178222,19.28303269
21,211,26,21122,76,83,7683,7621,8321,768321,761,831,76831,95,3,890.88592,20.09360684,1.653971419,90.48975748,39.66810566,75.76152766,15.23378583,18.79920644
21,211,26,21122,11,72,1172,1121,7221,117221,111,721,11721,96,3,1024.88192,19.54888263,1.595619841,92.32305069,38.40485495,78.30422665,14.87716281,18.98887331
21,211,17,21123,73,56,7356,7321,5621,735621,731,561,73561,97,3,976.24048,19.54181495,1.504425399,91.29362315,38.23477616,76.17577638,13.80085628,18.88271372
21,211,17,21123,25,67,2567,2521,6721,256721,251,671,25671,98,3,910.79248,20.46196815,1.641978347,90.52801306,39.1541978,75.21132958,13.77104012,18.09972507
21,211,17,21123,58,72,5872,5821,7221,587221,581,721,58721,99,3,1148.26584,19.8980315,1.56534623,91.2124083,38.41524433,75.75103999,13.45301964,18.12529141
21,211,17,21123,83,81,8381,8321,8121,838121,831,811,83811,100,3,963.01848,19.27651711,1.467296136,91.28674048,38.18188336,75.59190001,13.43209223,19.97844778
21,211,17,21123,99,101,99101,9921,10121,9910121,991,1011,991011,101,3,956.07136,20.53059102,1.678462322,90.12295322,39.2656023,74.22540323,13.72182973,18.17886136
21,211,17,21123,84,5,845,8421,521,84521,841,51,8451,103,3,1096.85024,23.11321471,2.067291807,88.15771378,43.6108709,72.32345458,14.36161274,13.86198509
21,211,17,21123,27,63,2763,2721,6321,276321,271,631,27631,104,3,1084.06024,20.88282888,1.714811171,89.60726023,40.0844846,74.82464171,13.74098822,16.52218084
21,211,27,21124,4,54,454,421,5421,45421,41,541,4541,105,3,1138.70056,22.89697921,2.244210846,86.77167281,43.95217189,70.41110132,15.12029438,17.42175406
21,211,27,21124,25,19,2519,2521,1921,251921,251,191,25191,106,3,1017.56704,23.42721368,2.153440051,87.37079052,44.61177934,69.69935008,14.98503978,16.25796907
21,211,27,21124,11,72,1172,1121,7221,117221,111,721,11721,107,3,1060.11056,19.8420021,1.433940922,91.40665895,38.65739429,74.9058664,15.4368565,19.91798736
21,211,27,21124,62,40,6240,6221,4021,624021,621,401,62401,108,3,984.39944,19.95438368,1.618574931,90.43696313,39.41197156,73.49759377,14.34906837,19.89825617
21,211,27,21124,19,7,197,1921,721,19721,191,71,1971,109,3,1059.74464,20.87549716,1.64304505,89.77012588,40.87092647,73.50786204,14.5820112,18.81062447
21,211,27,21124,49,45,4945,4921,4521,494521,491,451,49451,110,3,1023.24752,20.29590796,1.591562476,90.15213996,39.57957091,73.17493458,14.8113662,19.39495817
21,211,27,21124,82,21,8221,8221,2121,822121,821,211,82211,111,3,977.59376,19.79182964,1.543100933,90.7789019,39.28235266,74.58142336,15.00864458,18.93328286
21,211,27,21124,89,104,89104,8921,10421,8910421,891,1041,891041,112,3,873.15016,21.1054059,1.865974717,89.35215208,40.26640732,71.38999074,15.06378605,18.82886493
21,211,27,21125,1,48,148,121,4821,14821,11,481,1481,113,3,1022.49152,20.61841127,1.733724664,89.78931665,40.13063362,71.99240306,15.4334545,19.71091194
21,211,27,21125,48,14,4814,4821,1421,481421,481,141,48141,114,3,966.35912,19.67408079,1.607942318,91.28384777,38.89330761,73.91730807,14.85999045,19.81337681
21,211,27,21125,95,97,9597,9521,9721,959721,951,971,95971,115,3,1260.74384,21.3158298,1.643034676,91.2361357,40.98921371,75.26811623,16.14535611,16.73521238
21,211,27,21125,61,19,6119,6121,1921,611921,611,191,61191,116,3,1167.77488,22.93171393,2.082871969,88.04327029,43.55053741,70.42707566,14.72838308,17.37443863
21,211,27,21125,7,6,76,721,621,7621,71,61,761,117,3,1086.5768,21.32622942,1.679423808,90.22699644,40.7448614,74.14806236,13.95618749,19.79896338
21,211,27,21125,52,5,525,5221,521,52521,521,51,5251,118,3,928.97744,20.09033298,1.600984744,91.28002363,39.16931934,74.51046429,15.14452636,20.41949422
21,211,27,21125,65,88,6588,6521,8821,658821,651,881,65881,119,3,1043.56384,21.2108133,1.647687476,90.78947941,40.26110191,74.64934522,14.91603857,18.76313309
21,211,27,21125,72,76,7276,7221,7621,727621,721,761,72761,120,3,1162.33952,20.07309288,1.537272378,91.3607443,39.43787574,74.64373265,15.16835321,19.79558217
21,211,28,21126,74,36,7436,7421,3621,743621,741,361,74361,121,3,1132.51896,21.03788284,1.684652985,89.19303467,40.17647924,72.23749347,13.69445239,19.21834404
21,211,28,21126,101,103,101103,10121,10321,10110321,1011,1031,1011031,122,3,1022.2124,21.35688471,1.798291745,88.80624415,41.1861494,72.54536393,15.35114244,17.61910747
21,211,28,21126,30,51,3051,3021,5121,305121,301,511,30511,123,3,985.55744,20.47775748,1.595771468,90.67824126,39.08897975,74.00756108,15.79922495,18.24059831
21,211,28,21126,89,90,8990,8921,9021,899021,891,901,89901,124,3,1015.97296,20.992313,1.782861347,89.80276991,40.00604091,72.69357135,15.29844637,18.61595059
21,211,28,21126,42,26,4226,4221,2621,422621,421,261,42261,125,3,966.98912,21.25707053,1.761397023,89.35200832,40.98970058,72.87177977,14.65524221,17.46624863
21,211,28,21126,70,77,7077,7021,7721,707721,701,771,70771,126,3,1074.03504,22.62332922,1.876945755,88.68216305,42.97943832,72.44084076,15.05721285,17.03496271
21,211,28,21126,14,63,1463,1421,6321,146321,141,631,14631,127,3,1096.80288,21.05160689,1.647209286,90.49019283,40.34576352,74.02450208,16.05788389,18.13431856
21,211,28,21126,104,92,10492,10421,9221,1049221,1041,921,104921,128,3,1048.18648,23.66350075,2.184176103,87.51770268,44.98153657,70.09775283,16.31496111,13.22316134
21,211,18,21127,90,93,9093,9021,9321,909321,901,931,90931,129,3,1224.0468,20.26792587,1.655333169,89.94307513,39.39296409,74.13125291,14.19426995,18.21466307
21,211,18,21127,53,75,5375,5321,7521,537521,531,751,53751,130,3,1118.06632,20.26475564,1.637304613,89.62907399,39.80369964,73.22666445,13.508781,18.76086002
21,211,18,21127,89,100,89100,8921,10021,8910021,891,1001,891001,131,3,1059.63488,20.52553475,1.802088766,89.99895396,39.74927872,72.40695845,13.57180411,18.67019546
21,211,18,21127,39,17,3917,3921,1721,391721,391,171,39171,132,3,1231.44696,21.04802392,1.666975677,89.2670606,40.85864112,73.55719597,14.0528247,17.61457815
21,211,18,21127,5,59,559,521,5921,55921,51,591,5591,133,3,1174.80752,20.92641993,1.627641945,90.40769902,40.17201727,74.26842141,13.79989428,17.66086341
21,211,18,21127,71,64,7164,7121,6421,716421,711,641,71641,134,3,1203.9444,21.18127382,1.710118295,89.43011463,40.93841258,74.24810348,14.38990327,16.00278716
21,211,18,21127,84,4,844,8421,421,84421,841,41,8441,135,3,1173.13776,22.11317823,1.809594323,88.25751183,42.69407622,72.59268634,14.09824165,16.87916993
21,211,18,21127,85,5,855,8521,521,85521,851,51,8551,136,3,1403.47032,22.90448514,1.832171247,88.32515082,43.60427712,71.63033375,14.08883267,17.1261316
21,211,22,21128,33,32,3332,3321,3221,333221,331,321,33321,137,3,1173.43336,21.74555518,1.82491344,88.93269376,41.64433482,72.81110121,15.38852672,15.41580061
21,211,22,21128,13,57,1357,1321,5721,135721,131,571,13571,138,3,1283.28544,21.29921844,1.711682308,88.52902497,40.78812017,73.04571037,14.11037237,16.70385688
21,211,22,21128,32,78,3278,3221,7821,327821,321,781,32781,139,3,1080.1192,21.68917486,1.747727607,89.76214747,41.01153649,74.20082533,14.45705987,17.52463809
21,211,22,21128,24,2,242,2421,221,24221,241,21,2421,140,3,1027.99872,20.28890783,1.703230566,90.19920522,39.12115955,73.86085296,14.95193997,18.44473547
21,211,22,21128,92,93,9293,9221,9321,929321,921,931,92931,141,3,1242.26272,22.3659252,1.880092538,88.44302719,42.62033164,72.47282259,14.44249486,15.84922427
21,211,22,21128,31,61,3161,3121,6121,316121,311,611,31611,142,3,1124.9648,20.004024,1.559134178,90.80476853,38.77089258,75.11129891,14.33321844,19.09700418
21,211,22,21128,100,101,100101,10021,10121,10010121,1001,1011,1001011,143,3,1033.58064,21.06512622,1.757817109,89.54590897,39.9613822,73.78969377,14.11153949,18.25067015
21,211,22,21128,58,77,5877,5821,7721,587721,581,771,58771,144,3,1130.17728,20.13036046,1.60525224,89.98636197,38.96930424,74.44099736,13.69971441,19.35290147
21,211,17,21129,43,38,4338,4321,3821,433821,431,381,43381,1,5,919.14096,20.60447471,1.775164237,89.72611535,39.43685324,73.61763905,15.17629458,17.61919551
21,211,17,21129,40,44,4044,4021,4421,404421,401,441,40441,2,5,899.55072,20.537962,1.639709616,89.8576807,39.56152464,73.64505031,14.45578122,17.85770766
21,211,17,21129,33,43,3343,3321,4321,334321,331,431,33431,3,5,874.78976,21.61359471,1.844074004,88.32569664,41.47544423,71.66635713,14.4503553,16.84300146
21,211,17,21129,17,51,1751,1721,5121,175121,171,511,17511,4,5,835.92256,20.46870355,1.684499984,89.39433256,40.21233272,73.13321191,15.2948096,17.53493624
21,211,17,21129,88,29,8829,8821,2921,882921,881,291,88291,5,5,938.59376,20.36404836,1.597878483,89.76981076,39.89617626,72.88100145,14.55289845,18.57851121
21,211,17,21129,65,51,6551,6521,5121,655121,651,511,65511,6,5,921.3972,20.13879646,1.603325579,89.93788577,39.81135296,73.88454496,15.09984542,17.85652423
21,211,17,21129,2,60,260,221,6021,26021,21,601,2601,7,5,777.76416,20.49845585,1.781351986,89.45017096,40.06967137,72.47755768,15.0041038,17.05224551
21,211,17,21129,72,77,7277,7221,7721,727721,721,771,72771,8,5,932.9528,19.57728089,1.562664111,90.8851228,38.46530037,74.44057529,14.57079235,17.38930368
21,211,19,21130,68,46,6846,6821,4621,684621,681,461,68461,9,5,831.9464,23.32947525,2.268014683,90.33424827,42.60425962,64.22159857,21.34004927,14.40982748
21,211,19,21130,88,42,8842,8821,4221,884221,881,421,88421,10,5,697.52224,22.16949202,1.713027881,91.82009868,41.12680595,62.78416854,21.32154635,19.39571292
21,211,19,21130,16,20,1620,1621,2021,162021,161,201,16201,11,5,755.7136,22.79579258,1.692004277,92.33139296,39.14123821,63.74017298,22.61235231,14.60491943
21,211,19,21130,42,29,4229,4221,2921,422921,421,291,42291,12,5,768.2176,22.71301442,2.015987385,91.40579291,39.31199732,63.55259357,22.18960937,16.41072745
21,211,19,21130,76,21,7621,7621,2121,762121,761,211,76211,13,5,825.5576,22.44705158,1.771745095,91.47115191,39.06393856,65.39780656,21.85865874,16.22985494
21,211,19,21130,81,10,8110,8121,1021,811021,811,101,81101,14,5,735.9856,21.92258626,1.64615765,91.88159444,38.5299023,62.94202959,21.25414527,19.72211173
21,211,19,21130,56,33,5633,5621,3321,563321,561,331,56331,15,5,709.64416,23.26725969,1.976242831,91.12189598,41.23768306,63.24500538,22.8034417,13.8024101
21,211,19,21130,54,19,5419,5421,1921,541921,541,191,54191,16,5,919.24592,23.86229852,1.970389821,90.4696416,41.52062279,64.91922331,21.59034523,10.5783928
21,211,19,21131,88,20,8820,8821,2021,882021,881,201,88201,17,5,840.98912,23.31033451,2.0585323,89.61402907,40.63967214,62.52913053,22.80283988,15.97279357
21,211,19,21131,59,12,5912,5921,1221,591221,591,121,59121,18,5,939.08624,23.36834671,1.9809464,90.73079824,40.70390289,64.52513209,21.98685462,13.8334212
21,211,19,21131,2,13,213,221,1321,21321,21,131,2131,19,5,796.16752,23.34383131,2.019005478,90.72395857,41.14313373,63.96859649,21.67337556,12.82893295
21,211,19,21131,30,31,3031,3021,3121,303121,301,311,30311,20,5,734.50864,22.46975801,1.91560322,90.66880417,42.03980055,61.53619322,21.03402182,20.02722537
21,211,19,21131,51,20,5120,5121,2021,512021,511,201,51201,21,5,748.41168,22.54964272,1.938912678,90.39198109,39.26410285,63.57001736,22.05217896,18.57480142
21,211,19,21131,25,17,2517,2521,1721,251721,251,171,25171,22,5,805.0776,22.92078745,2.065308247,88.52455958,40.03828004,67.59280169,23.02396675,9.295750666
21,211,19,21131,15,3,153,1521,321,15321,151,31,1531,23,5,883.32512,22.35500336,1.586070422,90.1235857,39.23978304,63.77255853,22.4895668,17.05389206
21,211,19,21131,61,25,6125,6121,2521,612521,611,251,61251,24,5,1057.9368,23.41463935,1.905434212,90.05230397,40.8524352,67.37635121,21.43364792,9.384859734
21,211,19,21132,76,82,7682,7621,8221,768221,761,821,76821,25,5,719.8896,22.09244754,1.534379451,92.11087645,39.74990776,63.27751942,21.93573805,18.35460146
21,211,19,21132,92,94,9294,9221,9421,929421,921,941,92941,26,5,921.7224,23.85657554,2.533299893,83.66368242,40.17857642,70.79421898,22.83637413,12.66734309
21,211,19,21132,23,87,2387,2321,8721,238721,231,871,23871,27,5,975.10128,23.25418577,2.425597285,85.12116833,41.39480347,70.20678983,23.69897613,13.02776026
21,211,19,21132,54,67,5467,5421,6721,546721,541,671,54671,28,5,862.65792,23.36981167,2.223346234,88.73570918,41.63793079,68.24796275,22.8511181,13.28541381
21,211,19,21132,88,35,8835,8821,3521,883521,881,351,88351,29,5,813.2864,-999,1.335384277,91.5728386,39.51376714,64.86565724,21.80517448,18.80526371
21,211,19,21132,20,53,2053,2021,5321,205321,201,531,20531,30,5,874.32208,22.61471687,1.873942664,90.58326038,40.3710676,61.55915685,21.75772561,17.65997159
21,211,19,21132,78,9,789,7821,921,78921,781,91,7891,31,5,715.61056,22.18925548,1.913542792,90.24203429,39.4893215,64.96112213,21.98925279,17.14145022
21,211,19,21132,54,67,5467,5421,6721,546721,541,671,54671,32,5,838.4048,23.39385117,1.948877727,90.03783592,40.40611356,66.37139466,22.22838762,10.15850559
21,211,17,21133,26,72,2672,2621,7221,267221,261,721,26721,33,5,1045.76608,19.96131465,1.615082704,90.22667907,39.18436877,74.5622319,14.06114378,17.63175006
21,211,17,21133,1,8,18,121,821,1821,11,81,181,34,5,936.1268,20.54789994,1.725820207,89.10332334,40.40108408,72.53024118,14.32583681,18.08688761
21,211,17,21133,50,47,5047,5021,4721,504721,501,471,50471,35,5,901.25152,19.97775607,1.712971962,90.32254985,39.30999601,74.04499991,14.5761182,18.0761273
21,211,17,21133,89,102,89102,8921,10221,8910221,891,1021,891021,36,5,978.3332,20.40163971,1.698318236,89.90858535,39.84963259,73.40374964,14.03298349,17.53099654
21,211,17,21133,27,52,2752,2721,5221,275221,271,521,27521,37,5,871.00608,19.87910293,1.61423966,90.52710025,38.95052053,74.11818387,14.52358426,17.77047459
21,211,17,21133,67,65,6765,6721,6521,676521,671,651,67651,38,5,795.7772,20.88622362,1.702660461,89.2815575,40.47712499,73.10642138,14.41759682,16.95722582
21,211,17,21133,30,67,3067,3021,6721,306721,301,671,30671,39,5,841.09144,20.41437703,1.713595031,89.44920143,39.97692255,74.16339004,13.99095636,17.72011215
21,211,17,21133,71,44,7144,7121,4421,714421,711,441,71441,40,5,940.31392,20.76430091,1.724863293,89.07412961,40.3102159,72.9506883,13.78945551,18.05482334
21,211,19,21134,35,42,3542,3521,4221,354221,351,421,35421,41,5,810.63168,22.40236674,1.931052271,91.04955441,39.84699113,63.86650881,21.81813092,16.34894672
21,211,19,21134,65,16,6516,6521,1621,651621,651,161,65161,42,5,882.84768,23.20595409,1.929418303,90.54175979,39.81840096,65.77907354,21.55134348,12.10341197
21,211,19,21134,63,66,6366,6321,6621,636621,631,661,63661,43,5,766.56576,22.76801774,1.812165422,91.00194361,39.68623511,64.32053388,21.43149129,14.68421428
21,211,19,21134,104,93,10493,10421,9321,1049321,1041,931,104931,44,5,737.62016,22.7427199,1.944868143,89.80703636,40.78129094,60.8685549,21.05401666,18.26133933
21,211,19,21134,37,11,3711,3721,1121,371121,371,111,37111,45,5,804.33232,22.90705386,1.7486762,91.79161313,39.24536951,64.71247931,22.97761152,11.41394476
21,211,19,21134,63,36,6336,6321,3621,633621,631,361,63361,46,5,810.23488,23.32714927,1.913055571,90.21671856,40.32652192,62.72877572,22.48875123,14.26122057
21,211,19,21134,38,52,3852,3821,5221,385221,381,521,38521,47,5,703.1456,22.77173963,1.610748692,91.49707189,39.9576404,61.35270104,22.1629472,19.59517387
21,211,19,21134,43,8,438,4321,821,43821,431,81,4381,48,5,824.32496,24.15463324,1.971133569,90.91030585,41.88096429,64.14199242,21.32171856,12.94246097
21,211,20,21135,36,5,365,3621,521,36521,361,51,3651,49,5,815.3416,23.43967313,2.136880718,90.82368118,43.87489067,64.33997761,21.58454307,13.5288076
21,211,20,21135,34,40,3440,3421,4021,344021,341,401,34401,50,5,872.78624,24.81058396,2.634329416,89.34729943,47.87696777,59.72732341,20.74403728,11.04287022
21,211,20,21135,13,73,1373,1321,7321,137321,131,731,13731,51,5,980.4424,22.46428607,2.329838422,90.29314885,42.24715796,62.11365334,19.71735203,18.46685593
21,211,20,21135,23,13,2313,2321,1321,231321,231,131,23131,52,5,819.4888,23.47584224,2.244476349,91.4203065,41.66046831,65.32244587,22.28465399,14.70062729
21,211,20,21135,54,39,5439,5421,3921,543921,541,391,54391,53,5,840.69536,23.85733053,2.503904464,90.19735536,42.64026312,60.10413214,19.77521841,19.57325116
21,211,20,21135,31,4,314,3121,421,31421,311,41,3141,54,5,709.74448,23.93696162,2.708761946,89.69840468,41.45555187,61.07620174,19.91699967,18.38589661
21,211,20,21135,46,48,4648,4621,4821,464821,461,481,46481,55,5,735.74736,-999,2.063919832,90.73148372,42.00278977,61.85703782,20.98729145,19.03136334
21,211,21,21135,97,98,9798,9721,9821,979821,971,981,97981,56,5,792.66496,21.95173897,1.611025096,90.77821524,39.85949894,63.46367324,20.52153588,17.95458578
21,211,21,21136,35,53,3553,3521,5321,355321,351,531,35531,57,5,996.7984,23.34374352,2.205166181,89.31080087,39.77938675,62.07974647,20.34971448,18.61713081
21,211,21,21136,69,79,6979,6921,7921,697921,691,791,69791,58,5,939.46768,24.2303177,2.355400727,88.82620463,42.40017061,62.1170119,22.95432279,15.44143883
21,211,21,21136,31,22,3122,3121,2221,312221,311,221,31221,60,5,946.628,23.47539651,1.818044909,89.80275814,40.79909873,60.24074846,20.9707282,18.49535911
21,211,21,21136,86,85,8685,8621,8521,868521,861,851,86851,61,5,975.864,23.21541448,2.277880083,87.87751094,41.74751655,65.87025897,24.49034713,13.26391037
21,211,21,21136,1,38,138,121,3821,13821,11,381,1381,62,5,917.52272,22.87578996,1.839102452,88.60373743,39.43369057,65.11104456,23.01541434,15.1550461
21,211,21,21136,48,9,489,4821,921,48921,481,91,4891,63,5,836.7692,-999,2.023675049,89.08940733,41.28573875,61.42065931,22.01049664,18.11288598
21,211,21,21136,28,62,2862,2821,6221,286221,281,621,28621,64,5,845.83872,22.92682634,1.794427742,90.39722118,39.29159115,61.22116944,23.68884288,19.16224364
21,211,17,21137,74,52,7452,7421,5221,745221,741,521,74521,65,5,1097.72544,19.50435818,1.522704978,91.20511124,38.38309051,74.49998468,13.66453171,19.22428552
21,211,17,21137,89,92,8992,8921,9221,899221,891,921,89921,66,5,1070.35072,22.40831187,1.983228814,87.55146001,42.3800268,72.16953515,13.61935934,14.51037315
21,211,17,21137,58,11,5811,5821,1121,581121,581,111,58111,67,5,953.19088,20.64927645,1.732290764,90.24020212,39.29690146,73.61031726,14.14057731,18.14368311
21,211,17,21137,104,92,10492,10421,9221,1049221,1041,921,104921,68,5,951.38632,22.87861241,2.071501448,87.38269847,43.09308638,71.97754719,14.34656826,14.43379868
21,211,17,21137,96,97,9697,9621,9721,969721,961,971,96971,69,5,957.8064,21.01274967,1.673433564,89.78433878,39.81415326,74.36079298,13.95654702,17.63366885
21,211,17,21137,98,101,98101,9821,10121,9810121,981,1011,981011,70,5,911.20432,20.9210921,1.720315669,89.82579038,39.69189671,73.90038203,14.07624303,18.20706098
21,211,17,21137,15,2,152,1521,221,15221,151,21,1521,71,5,942.34968,20.60002916,1.715484776,89.65676882,39.46587109,72.61044528,14.38621144,18.36657947
21,211,17,21137,46,13,4613,4621,1321,461321,461,131,46131,72,5,964.62752,20.65892609,1.752614446,89.81843135,39.77837033,73.66870213,14.22216578,17.3998467
21,211,23,21138,62,40,6240,6221,4021,624021,621,401,62401,73,5,853.31856,20.78629409,1.810082311,88.19779404,40.98663374,71.71818019,15.2021468,18.9988355
21,211,23,21138,88,42,8842,8821,4221,884221,881,421,88421,74,5,878.54448,20.4466119,1.843085616,89.19239467,40.28747691,71.69955857,15.7484697,18.3455583
21,211,24,21138,89,101,89101,8921,10121,8910121,891,1011,891011,75,5,926.29632,21.74593253,2.004120426,88.35986904,42.09800011,72.18660033,14.0981269,19.14036638
21,211,24,21138,74,5,745,7421,521,74521,741,51,7451,76,5,930.01312,22.24702164,2.040445255,87.36870893,42.07866216,69.76441173,13.16588621,19.08556349
21,211,24,21138,80,21,8021,8021,2121,802121,801,211,80211,77,5,981.62736,20.9355212,1.890130602,89.43363072,40.93825664,73.61892187,14.22763315,18.50035509
21,211,24,21138,39,25,3925,3921,2521,392521,391,251,39251,78,5,966.63496,21.34258213,1.8588685,88.17732342,41.3918965,72.84098384,14.36297138,17.26756414
21,211,24,21138,9,14,914,921,1421,91421,91,141,9141,79,5,873.1616,20.23508071,1.723649786,89.67742262,39.72701275,74.65103976,14.68648341,18.29153892
21,211,24,21138,104,91,10491,10421,9121,1049121,1041,911,104911,80,5,925.70584,21.13239982,1.800838419,88.6505522,40.72776987,72.80864377,13.88130613,16.88290463
21,211,25,21139,50,18,5018,5021,1821,501821,501,181,50181,81,5,909.704,20.89778387,1.963886775,89.04428076,40.70929839,74.52021336,15.63772326,17.65826322
21,211,25,21139,16,20,1620,1621,2021,162021,161,201,16201,82,5,928.37944,20.48065368,1.82437457,89.89264111,40.22796664,74.80196058,15.94156183,18.40884011
21,211,25,21139,78,27,7827,7821,2721,782721,781,271,78271,83,5,880.88832,21.709151,1.924649978,88.43274528,42.37347496,73.34810127,15.81381271,17.35200961
21,211,25,21139,66,67,6667,6621,6721,666721,661,671,66671,84,5,1054.15968,21.08376877,1.78925965,89.33913886,41.05839072,73.30598089,15.18290406,18.45867701
21,211,25,21139,60,73,6073,6021,7321,607321,601,731,60731,85,5,1004.01808,20.07190479,1.663340774,90.20262381,39.86228234,75.55516066,15.1084854,19.02937391
21,211,25,21139,17,51,1751,1721,5121,175121,171,511,17511,86,5,1006.852,24.08435753,2.30093921,85.0748461,45.61176927,69.08064103,16.2800989,17.51529603
21,211,25,21139,34,40,3440,3421,4021,344021,341,401,34401,87,5,992.2536,21.88005301,1.957373148,88.76684226,43.0552777,72.92590714,16.00039463,16.76754309
21,211,25,21139,81,28,8128,8121,2821,812821,811,281,81281,88,5,929.86064,20.3766353,1.656404966,90.37096552,40.81036744,74.74368815,14.84005502,18.54360464
21,211,26,21140,95,97,9597,9521,9721,959721,951,971,95971,89,5,1102.05216,20.64349685,1.64535283,91.8789027,39.75444329,78.48096934,16.19305218,17.60184059
21,211,26,21140,17,65,1765,1721,6521,176521,171,651,17651,90,5,1057.5536,22.55623512,2.026686723,88.09262034,43.35088549,72.38344077,15.32938496,15.20911551
21,211,26,21140,75,4,754,7521,421,75421,751,41,7541,91,5,897.26416,20.68423476,1.72381386,90.38676307,40.49769271,74.70355555,15.57896331,18.86406656
21,211,26,21140,78,27,7827,7821,2721,782721,781,271,78271,92,5,819.326,20.93322576,1.787075191,89.51428491,41.24705089,73.84070541,15.15472841,18.09325398
21,211,26,21140,38,9,389,3821,921,38921,381,91,3891,93,5,914.48376,20.37013132,1.69370665,89.97261438,40.0521133,74.33740368,14.97720294,19.36913765
21,211,26,21140,41,86,4186,4121,8621,418621,411,861,41861,94,5,838.00288,20.24700766,1.738479163,89.99636269,39.52822403,74.39346021,15.79797456,17.92375643
21,211,26,21140,70,11,7011,7021,1121,701121,701,111,70111,95,5,861.07672,21.25062651,1.981576328,89.24141526,41.78366329,74.24599152,16.56589534,16.11281132
21,211,26,21140,16,35,1635,1621,3521,163521,161,351,16351,96,5,973.83616,21.2233797,1.882463528,89.0634702,41.39899588,73.1309615,15.61774985,18.06574737
21,211,17,21141,10,41,1041,1021,4121,104121,101,411,10411,97,5,908.85824,19.92072611,1.655865987,90.31724645,39.53719173,73.80368346,14.17254359,18.6749338
21,211,17,21141,3,46,346,321,4621,34621,31,461,3461,98,5,1011.64496,20.39312234,1.703125508,89.54671552,39.87039246,73.7041105,14.23364241,18.53552095
21,211,17,21141,89,92,8992,8921,9221,899221,891,921,89921,99,5,1071.96432,22.37924275,1.970329502,87.70108679,42.28571195,71.70932792,13.89926039,15.18469295
21,211,17,21141,71,44,7144,7121,4421,714421,711,441,71441,100,5,1081.04536,21.35057421,1.714016033,89.3725587,40.84724996,72.56762692,12.9578744,18.63076819
21,211,17,21141,18,68,1868,1821,6821,186821,181,681,18681,101,5,1088.39328,21.54112592,1.769136628,89.22993622,41.27423143,73.57169932,15.08762936,15.7103131
21,211,17,21141,100,101,100101,10021,10121,10010121,1001,1011,1001011,102,5,1055.83608,21.27875292,1.746626288,89.23487335,40.26021027,72.2882075,13.62761133,18.07448222
21,211,17,21141,89,102,89102,8921,10221,8910221,891,1021,891021,103,5,1067.0912,21.18170794,1.761250093,89.62324797,39.90371521,73.15502223,13.41407044,19.24200182
21,211,17,21141,75,84,7584,7521,8421,758421,751,841,75841,104,5,1040.45616,20.94207512,1.722861689,89.06499036,40.2610474,72.41606532,13.55912469,19.02937571
21,211,27,21142,17,7,177,1721,721,17721,171,71,1771,105,5,1021.074,20.12507316,1.528924138,89.62769492,39.68470597,73.07916473,15.83953502,20.07900198
21,211,27,21142,7,51,751,721,5121,75121,71,511,7511,106,5,1067.51872,21.22914223,1.792718231,88.12171173,40.83875847,71.23980316,15.03593366,20.37567197
21,211,27,21142,84,39,8439,8421,3921,843921,841,391,84391,107,5,1025.14432,21.46426398,1.820297496,88.32364443,42.00543283,70.75382804,15.01333646,18.21827305
21,211,27,21142,1,48,148,121,4821,14821,11,481,1481,108,5,965.26048,20.43451451,1.671360499,88.80199374,39.65570086,71.33581018,14.89938765,19.65688729
21,211,27,21142,31,61,3161,3121,6121,316121,311,611,31611,109,5,1132.91536,20.22949896,1.592452868,90.34173904,39.57198912,73.04337328,14.49436782,19.53678032
21,211,27,21142,87,13,8713,8721,1321,871321,871,131,87131,110,5,1102.84512,21.12203237,1.69035113,89.53656072,41.08163714,72.6227177,15.75142719,19.06544574
21,211,27,21142,79,82,7982,7921,8221,798221,791,821,79821,111,5,902.5692,20.83947229,1.781917164,88.50400987,40.85079494,70.64889421,15.61771923,19.19782034
21,211,27,21142,104,102,104102,10421,10221,10410221,1041,1021,1041021,112,5,1041.59776,20.29063309,1.728171275,89.86730276,39.76382725,73.15540906,14.68638437,18.95335048
21,211,27,21143,98,102,98102,9821,10221,9810221,981,1021,981021,113,5,1077.75768,20.87607309,1.630569576,90.73103771,40.43637366,74.60870959,16.01586395,17.95533766
21,211,27,21143,19,30,1930,1921,3021,193021,191,301,19301,114,5,1009.96096,22.12578278,1.999190857,88.53712453,41.85327846,71.89383587,15.08170035,17.33642452
21,211,27,21143,59,31,5931,5921,3121,593121,591,311,59311,115,5,1057.8792,21.55634745,1.84477589,88.24458968,41.3094017,70.70498388,14.3450814,20.73193264
21,211,27,21143,89,103,89103,8921,10321,8910321,891,1031,891031,116,5,1025.09952,20.7491243,1.708921752,89.75151111,40.31333441,72.37838174,15.16462926,19.38676078
21,211,27,21143,2,23,223,221,2321,22321,21,231,2231,117,5,973.45488,22.51427276,1.97933613,87.48255061,42.30642235,69.8378736,15.42211025,18.25805894
21,211,27,21143,22,75,2275,2221,7521,227521,221,751,22751,118,5,1167.83328,21.83206104,1.818242259,88.79881096,41.37243518,71.57091791,14.65444347,19.41173508
21,211,27,21143,20,37,2037,2021,3721,203721,201,371,20371,119,5,907.1644,21.09165847,1.784414861,89.00859258,40.1394722,71.41330963,15.33753869,20.54904908
21,211,27,21143,33,64,3364,3321,6421,336421,331,641,33641,120,5,981.97664,21.67576659,1.805491771,88.56211636,41.51933133,71.34896682,15.34606187,18.34391028
21,211,28,21144,21,55,2155,2121,5521,215521,211,551,21551,121,5,1035.4552,21.18198365,1.764810519,89.86494022,40.33756119,72.80789906,15.28878285,16.77639578
21,211,28,21144,37,58,3758,3721,5821,375821,371,581,37581,122,5,1148.6988,22.04449518,1.85958952,87.77468106,42.23818106,70.53693896,14.43173471,16.5232867
21,211,28,21144,46,13,4613,4621,1321,461321,461,131,46131,123,5,1082.0936,20.35156383,1.695661777,89.75952769,39.3428456,73.44523089,14.93231263,17.55396337
21,211,28,21144,104,103,104103,10421,10321,10410321,1041,1031,1041031,124,5,977.78352,21.39940608,1.807135006,89.49592315,40.5925263,72.72709654,14.97123472,17.64014433
21,211,28,21144,10,28,1028,1021,2821,102821,101,281,10281,125,5,991.12672,20.55579834,1.710686961,90.178128,39.53064336,73.43215119,14.22231776,18.54960128
21,211,28,21144,49,81,4981,4921,8121,498121,491,811,49811,126,5,999.7544,20.8624208,1.70828632,90.03817652,39.58141936,73.4055021,14.43230077,18.22557136
21,211,28,21144,48,73,4873,4821,7321,487321,481,731,48731,127,5,1023.61264,19.5083621,1.545299919,90.40653539,38.56590094,73.71280145,14.69016102,19.18693063
21,211,28,21144,15,68,1568,1521,6821,156821,151,681,15681,128,5,1040.79584,21.36193949,1.800354634,89.2653497,41.10610523,72.09034337,15.70725748,16.56124335
21,211,18,21145,32,8,328,3221,821,32821,321,81,3281,129,5,1147.97536,20.83307782,1.724645878,89.45875973,39.59492136,73.50363948,13.5540831,17.88852351
21,211,18,21145,62,41,6241,6221,4121,624121,621,411,62411,130,5,1035.82128,19.9428781,1.669599189,90.09746262,38.73207486,74.46246665,14.41587939,18.23172251
21,211,18,21145,53,11,5311,5321,1121,531121,531,111,53111,131,5,1179.7408,20.55504264,1.659171348,89.55582881,39.72983117,72.32222879,13.43664121,19.00712087
21,211,18,21145,39,17,3917,3921,1721,391721,391,171,39171,132,5,1108.16,21.04936516,1.757775356,88.92996318,40.90566146,73.52705632,13.81250357,17.63248133
21,211,18,21145,82,21,8221,8221,2121,822121,821,211,82211,133,5,1040.5488,20.56977319,1.690141754,89.46897257,39.79801715,73.9027063,14.07944623,18.42333908
21,211,18,21145,62,85,6285,6221,8521,628521,621,851,62851,134,5,1088.8576,20.74120558,1.662918832,89.72425422,40.02453358,74.02605697,13.92116147,18.25371227
21,211,18,21145,99,100,99100,9921,10021,9910021,991,1001,991001,135,5,1008.57664,19.83241966,1.550755359,90.50971237,38.9627301,74.03091156,13.8136801,20.20007073
21,211,18,21145,8,14,814,821,1421,81421,81,141,8141,136,5,1173.00384,20.68361107,1.669532861,89.92914101,39.71108806,74.66421324,13.8954549,17.90022965
21,211,22,21146,51,82,5182,5121,8221,518221,511,821,51821,137,5,957.1768,20.09079579,1.5931022,89.04401359,39.49741559,71.67789245,13.3356152,19.26086199
21,211,22,21146,99,101,99101,9921,10121,9910121,991,1011,991011,138,5,1012.16128,21.13157922,1.766285429,88.7686178,40.69922889,72.33700383,14.07496269,17.12693811
21,211,22,21146,4,19,419,421,1921,41921,41,191,4191,139,5,1068.58808,22.50118523,2.067760945,87.46814295,43.01683889,71.81648254,14.80454179,16.85821103
21,211,22,21146,6,16,616,621,1621,61621,61,161,6161,140,5,1048.16608,20.28150849,1.691218614,90.05024201,39.2783943,74.26769914,14.8678065,17.22784508
21,211,22,21146,46,23,4623,4621,2321,462321,461,231,46231,141,5,1053.71728,20.68580048,1.695468467,89.72308783,40.27625456,73.64127084,14.05283193,18.95112309
21,211,22,21146,26,70,2670,2621,7021,267021,261,701,26701,142,5,1064.25024,21.72343641,1.851727135,89.06029921,41.17631658,72.99179306,14.21670657,17.83030779
21,211,22,21146,15,46,1546,1521,4621,154621,151,461,15461,143,5,1046.2756,19.60410946,1.620519495,90.42646533,38.45211645,74.03993283,13.8066765,19.7027768
21,211,22,21146,44,64,4464,4421,6421,446421,441,641,44641,144,5,1269.60984,21.31843231,1.756372412,89.11933279,40.07817225,73.55403142,13.5350463,18.41657895
21,211,17,21147,53,26,5326,5321,2621,532621,531,261,53261,1,7,997.52848,22.19080924,2.072309846,87.19836198,42.14681774,70.18186969,15.02404985,16.20100215
21,211,17,21147,104,93,10493,10421,9321,1049321,1041,931,104931,2,7,908.09488,21.28683014,1.824312776,88.11820287,40.84386019,71.49266715,14.4018103,17.23134148
21,211,17,21147,22,54,2254,2221,5421,225421,221,541,22541,3,7,983.43824,21.74942936,1.936943646,88.38898827,42.13094383,72.14823782,15.70740532,15.33256088
21,211,17,21147,87,71,8771,8721,7121,877121,871,711,87711,4,7,843.53312,20.52756014,1.73374118,89.49788188,40.3588474,73.33104616,15.38152991,16.53548538
21,211,17,21147,60,57,6057,6021,5721,605721,601,571,60571,5,7,853.43152,20.02967617,1.666063551,89.59162053,39.66602584,73.30801874,15.36527954,16.27799713
21,211,17,21147,22,4,224,2221,421,22421,221,41,2241,6,7,803.93808,20.49574897,1.685595071,89.22176435,40.38675105,72.70751103,14.51811154,17.43911922
21,211,17,21147,6,16,616,621,1621,61621,61,161,6161,7,7,850.9388,20.21636977,1.663050084,89.80047824,39.17664935,73.56362971,14.47883105,17.3922065
21,211,17,21147,81,69,8169,8121,6921,816921,811,691,81691,8,7,760.76712,19.54962019,1.616927968,90.13583295,39.55414737,74.26141837,15.1224419,17.50172052
21,211,19,21148,38,74,3874,3821,7421,387421,381,741,38741,9,7,761.50496,21.79478329,2.208452442,90.97221916,38.75851194,63.30532881,22.69275528,18.71338043
21,211,19,21148,16,29,1629,1621,2921,162921,161,291,16291,10,7,878.80832,17.16738402,2.292089178,86.87875845,33.92775795,73.05148561,21.44219669,13.53310768
21,211,19,21148,54,30,5430,5421,3021,543021,541,301,54301,11,7,861.67616,24.01484287,2.062272767,89.09337638,40.25444113,66.59871243,23.01177921,8.386325029
21,211,19,21148,72,76,7276,7221,7621,727621,721,761,72761,12,7,969.1504,22.19473093,1.751390786,91.56363342,38.59552917,67.48098593,22.50206468,14.86804508
21,211,19,21148,16,42,1642,1621,4221,164221,161,421,16421,13,7,823.808,23.6040529,2.111633472,91.47406206,42.29578583,63.87122414,23.00953397,13.74223644
21,211,19,21148,100,102,100102,10021,10221,10010221,1001,1021,1001021,14,7,873.16896,23.14506726,1.912768677,91.40025856,41.05131824,67.06471363,22.23607122,8.33271161
21,211,19,21148,66,12,6612,6621,1221,661221,661,121,66121,15,7,868.704,22.78540327,1.762163254,90.94313881,39.68913262,62.72796829,21.71851797,14.51029697
21,211,19,21148,79,41,7941,7921,4121,794121,791,411,79411,16,7,902.08976,22.86197651,2.002175721,90.38616146,41.7427288,63.00366568,22.21616636,12.240333
21,211,19,21149,28,79,2879,2821,7921,287921,281,791,28791,17,7,905.89792,23.22824315,1.981245745,90.35969418,40.16990609,64.65970644,22.54021108,10.51963193
21,211,19,21149,72,80,7280,7221,8021,728021,721,801,72801,18,7,992.87312,22.28976631,1.607627558,91.58860895,38.96138538,65.31534358,22.06722791,15.18608565
21,211,19,21149,77,82,7782,7721,8221,778221,771,821,77821,19,7,825.5736,23.65416184,1.939100336,90.81158125,40.78494002,63.49896272,22.04134186,12.44812113
21,211,19,21149,25,30,2530,2521,3021,253021,251,301,25301,20,7,878.70384,24.32727165,2.138542473,90.68917456,43.70981895,60.17015135,21.87520523,12.7834777
21,211,19,21149,36,66,3666,3621,6621,366621,361,661,36661,21,7,941.0128,23.87995392,1.898471017,91.60524484,40.84208535,62.27855968,22.08374762,14.40321003
21,211,19,21149,84,39,8439,8421,3921,843921,841,391,84391,22,7,939.74,24.26001001,2.193983108,91.09857542,41.8321333,64.45165136,24.01290609,14.43863781
21,211,19,21149,8,9,89,821,921,8921,81,91,891,23,7,949.26496,24.06427565,2.197805371,89.34683835,41.39447614,65.81137448,22.01452075,13.84111296
21,211,19,21149,86,40,8640,8621,4021,864021,861,401,86401,24,7,927.04448,24.18014734,1.907623754,90.93478784,41.77028653,63.09888191,22.08041432,8.335953871
21,211,19,21150,99,102,99102,9921,10221,9910221,991,1021,991021,25,7,846.2224,23.24416518,1.942337465,91.1978943,40.44753854,65.58403327,22.59052675,9.21214224
21,211,19,21150,82,49,8249,8221,4921,824921,821,491,82491,26,7,809.1456,22.68772777,1.978629827,90.57756247,39.06810425,63.42464304,21.97969046,18.09302382
21,211,19,21150,45,69,4569,4521,6921,456921,451,691,45691,27,7,803.3128,24.82057974,2.291093321,89.73395854,42.07775615,60.00927758,22.14075318,15.54320011
21,211,19,21150,24,3,243,2421,321,24321,241,31,2431,28,7,834.65744,23.63640611,1.93344056,88.95020438,40.77203223,70.38570995,24.74920655,15.36161736
21,211,19,21150,73,76,7376,7321,7621,737621,731,761,73761,29,7,755.2856,22.65991074,1.393984191,91.76994995,39.65800107,60.9427589,21.75865096,20.53275436
21,211,19,21150,29,70,2970,2921,7021,297021,291,701,29701,30,7,806.30848,23.45502334,1.9615814,90.66062965,42.23929339,61.4864905,22.01067834,15.85315839
21,211,19,21150,90,92,9092,9021,9221,909221,901,921,90921,31,7,983.7912,24.05295494,2.371396941,84.41858929,40.6118845,69.66796517,22.63506432,13.65771067
21,211,19,21150,91,92,9192,9121,9221,919221,911,921,91921,32,7,994.24736,25.29630692,2.420901587,86.24684467,42.85802853,70.34183544,24.67500307,13.58616821
21,211,17,21151,10,79,1079,1021,7921,107921,101,791,10791,33,7,789.56192,20.46880663,1.739407443,89.21394613,40.23574041,72.20006239,15.24037022,17.21612978
21,211,17,21151,82,55,8255,8221,5521,825521,821,551,82551,34,7,802.27792,20.5554378,1.691582499,89.51016545,40.24689813,72.79388916,13.84913159,17.73454184
21,211,17,21151,79,86,7986,7921,8621,798621,791,861,79861,35,7,884.2744,20.94205052,1.742416642,89.04219631,41.07987869,72.4548771,14.27004212,16.70066231
21,211,17,21151,56,33,5633,5621,3321,563321,561,331,56331,36,7,902.38856,20.64535947,1.69676867,89.54650326,40.11805122,73.2902031,14.14424656,17.37976485
21,211,17,21151,30,7,307,3021,721,30721,301,71,3071,37,7,936.67944,21.01981556,1.663263943,88.83549345,40.67930017,72.53042942,14.03381392,17.81227738
21,211,17,21151,15,3,153,1521,321,15321,151,31,1531,38,7,956.7704,19.79252546,1.556325833,90.51245389,39.16721866,73.74933603,14.68966202,18.59439057
21,211,17,21151,88,29,8829,8821,2921,882921,881,291,88291,39,7,948.32432,20.58953565,1.612363633,89.86730408,39.4014293,73.2963541,13.95357127,17.63527886
21,211,17,21151,45,10,4510,4521,1021,451021,451,101,45101,40,7,800.76104,19.89950153,1.621510943,90.26061849,39.27835431,73.00316947,13.99459025,18.93294798
21,211,19,21152,50,81,5081,5021,8121,508121,501,811,50811,41,7,723.46032,22.24311981,1.67829049,91.3490278,39.12763893,63.77670738,21.480142,18.96905139
21,211,19,21152,104,101,104101,10421,10121,10410121,1041,1011,1041011,42,7,771.4288,23.66542691,1.980499401,91.15824807,41.82715195,61.80262989,21.59026724,12.72112031
21,211,19,21152,80,81,8081,8021,8121,808121,801,811,80811,43,7,783.99936,-999,1.527437419,92.18031124,39.34269632,64.44958342,22.04673688,16.43719338
21,211,19,21152,89,100,89100,8921,10021,8910021,891,1001,891001,44,7,784.456,23.62878196,1.869318715,90.28245632,42.1918208,60.37223809,21.08965035,15.89340496
21,211,19,21152,81,10,8110,8121,1021,811021,811,101,81101,45,7,742.21216,23.26276813,1.59837222,90.97204014,40.08956727,59.7629635,21.53078592,20.56444628
21,211,19,21152,56,83,5683,5621,8321,568321,561,831,56831,46,7,845.19616,-999,1.757016093,89.45490267,38.69038437,68.73467726,20.79046641,17.71598306
21,211,19,21152,70,72,7072,7021,7221,707221,701,721,70721,47,7,859.45312,23.2642597,1.777022914,91.96616825,41.76241952,64.91161292,21.67071476,12.50719403
21,211,19,21152,51,6,516,5121,621,51621,511,61,5161,48,7,863.15936,23.81069585,1.709323202,91.19010305,40.2121744,62.63142534,21.72810171,16.57584125
21,211,20,21153,87,57,8757,8721,5721,875721,871,571,87571,49,7,801.908,23.73940585,2.424301556,90.82350928,46.19343952,66.60191298,21.5394202,10.85911469
21,211,20,21153,47,2,472,4721,221,47221,471,21,4721,50,7,814.85184,24.55093489,2.389041779,89.94142616,44.88661835,60.78354084,20.81092011,14.44964047
21,211,20,21153,79,86,7986,7921,8621,798621,791,861,79861,51,7,822.54672,23.59995594,2.826522575,88.71956634,42.03396918,63.58205917,19.62461318,17.44620715
21,211,20,21153,64,43,6443,6421,4321,644321,641,431,64431,52,7,869.424,24.06132721,2.22389253,90.23858986,44.98211938,60.29860727,20.47862815,15.44746015
21,211,20,21153,18,68,1868,1821,6821,186821,181,681,18681,53,7,864.79104,24.90148706,2.839652629,89.17518911,43.836283,67.9550974,20.46550749,8.122846257
21,211,20,21153,61,54,6154,6121,5421,615421,611,541,61541,54,7,959.98112,23.04221308,2.713463846,84.46920603,38.74427062,69.82584165,18.80870387,20.11616303
21,211,20,21153,82,49,8249,8221,4921,824921,821,491,82491,55,7,756.00144,-999,1.912088371,91.05710296,39.79418445,61.4422429,20.98363011,21.69004847
21,211,21,21153,38,74,3874,3821,7421,387421,381,741,38741,56,7,827.89488,22.08468443,1.573384082,90.96966477,38.80556318,59.54355614,21.12322677,22.99982818
21,211,21,21154,68,23,6823,6821,2321,682321,681,231,68231,57,7,914.12592,24.36961338,2.290065548,85.86028001,41.57760661,64.5553489,19.98636946,13.84916695
21,211,21,21154,90,91,9091,9021,9121,909121,901,911,90911,58,7,915.5024,24.37780875,2.288443766,89.08333019,42.85314991,61.72108014,23.13108453,12.93823313
21,211,21,21154,62,86,6286,6221,8621,628621,621,861,62861,59,7,890.43216,23.8472185,2.369174016,87.06142447,41.70548339,64.22976549,22.17014848,17.22405616
21,211,21,21154,50,24,5024,5021,2421,502421,501,241,50241,60,7,787.55712,22.68670144,1.778400845,89.74940159,41.27340916,58.49159738,20.74919411,21.71968918
21,211,21,21154,6,20,620,621,2021,62021,61,201,6201,61,7,835.472,23.84162188,1.886566708,89.70176241,40.77364854,61.51955358,22.86832119,17.89270066
21,211,21,21154,60,56,6056,6021,5621,605621,601,561,60561,62,7,895.58976,23.02015891,1.899248051,90.61477796,39.9913774,64.16924547,24.22846352,15.01748555
21,211,21,21154,75,54,7554,7521,5421,755421,751,541,75541,63,7,1087.37464,-999,1.987803314,88.07172861,41.39491545,63.80627597,21.86691647,14.17061724
21,211,21,21154,92,93,9293,9221,9321,929321,921,931,92931,64,7,964.1928,25.1679834,2.40207794,84.38218957,43.41722378,65.85955304,23.21085324,13.40452989
21,211,17,21155,2,50,250,221,5021,25021,21,501,2501,65,7,762.89176,19.73462618,1.63352379,90.01915752,39.14953304,72.97056322,14.59619428,19.37362366
21,211,17,21155,50,18,5018,5021,1821,501821,501,181,50181,66,7,816.96384,19.27469012,1.613867429,90.98583118,38.43607807,74.10417954,14.07978714,18.89367567
21,211,17,21155,62,85,6285,6221,8521,628521,621,851,62851,67,7,1012.09664,19.96463571,1.614133216,90.45349624,39.05625977,74.46808656,15.67059672,17.39092128
21,211,17,21155,21,83,2183,2121,8321,218321,211,831,21831,68,7,884.9848,19.49814904,1.566619354,91.32351357,38.09398127,75.12543798,13.34425161,17.97231211
21,211,17,21155,97,101,97101,9721,10121,9710121,971,1011,971011,69,7,1000.72808,20.7694413,1.597993117,90.17665101,39.86525744,74.35864482,13.67902772,18.39291824
21,211,17,21155,18,15,1815,1821,1521,181521,181,151,18151,70,7,867.5088,19.71572804,1.618678733,89.99212943,38.9336208,73.63751041,14.55845676,18.36499475
21,211,17,21155,93,94,9394,9321,9421,939421,931,941,93941,71,7,870.77048,20.69874701,1.666783876,89.64150421,39.66780968,73.0407652,13.79515281,18.77436856
21,211,17,21155,9,74,974,921,7421,97421,91,741,9741,72,7,839.48248,19.95172067,1.583422559,90.58492117,38.95562746,73.54642087,13.76439686,19.19676432
21,211,23,21156,69,28,6928,6921,2821,692821,691,281,69281,73,7,873.00648,-999,2.001072881,86.91329855,42.61309204,69.63547489,15.84177261,19.50529257
21,211,23,21156,10,28,1028,1021,2821,102821,101,281,10281,74,7,733.05088,21.30861535,1.866114198,87.87312369,42.47840243,69.08363337,15.57891327,17.39770824
21,211,24,21156,44,8,448,4421,821,44821,441,81,4481,75,7,989.88432,20.79642423,1.577114786,89.21512057,41.22117601,73.34478749,14.34789022,18.00339588
21,211,24,21156,89,91,8991,8921,9121,899121,891,911,89911,76,7,896.82752,20.05208431,1.585831304,88.45634695,41.1329763,71.94842489,14.6641576,19.18812306
21,211,24,21156,83,55,8355,8321,5521,835521,831,551,83551,77,7,877.11216,20.93609912,1.947420667,88.17624915,39.34549129,73.01057747,14.52448235,18.93234063
21,211,24,21156,53,58,5358,5321,5821,535821,531,581,53581,78,7,985.13264,22.12850139,1.864455029,86.84451403,42.21269175,70.17626838,13.39699234,16.11444617
21,211,24,21156,16,37,1637,1621,3721,163721,161,371,16371,79,7,881.21984,21.6373154,1.856544402,88.4504206,41.46735879,71.6960417,15.33610664,17.05749902
21,211,24,21156,18,47,1847,1821,4721,184721,181,471,18471,80,7,820.8224,23.27526134,2.147390794,87.07894107,43.30490441,69.32008636,14.36495474,16.93031133
21,211,25,21157,22,61,2261,2221,6121,226121,221,611,22611,81,7,969.136,23.66795288,2.298663867,86.5360595,44.90242493,69.90164014,16.50227761,16.11993032
21,211,25,21157,41,40,4140,4121,4021,414021,411,401,41401,82,7,789.13536,20.49493814,1.93135081,88.60735902,41.66980288,73.7693013,16.3185468,18.55134213
21,211,25,21157,24,47,2447,2421,4721,244721,241,471,24471,83,7,851.80976,19.40376132,1.616503917,91.07915898,39.60314516,76.01271451,16.09980279,18.25543712
21,211,25,21157,21,45,2145,2121,4521,214521,211,451,21451,84,7,957.6884,-999,1.80252055,88.86422255,41.21052879,73.33549594,15.30384895,19.03507919
21,211,25,21157,55,10,5510,5521,1021,551021,551,101,55101,85,7,891.8472,21.58988459,2.041436999,88.63365591,42.15662382,72.23389758,15.53185623,16.14602952
21,211,25,21157,65,7,657,6521,721,65721,651,71,6571,86,7,1084.33808,22.37825557,1.93021396,88.06222636,42.86502837,71.09929738,15.02267368,16.96053307
21,211,25,21157,87,73,8773,8721,7321,877321,871,731,87731,87,7,1018.72736,20.2687686,1.693478388,90.2039655,39.91075208,74.62252042,14.60754698,18.71663501
21,211,26,21158,37,53,3753,3721,5321,375321,371,531,37531,89,7,945.31904,20.12807779,1.721387421,89.54433454,40.2745222,74.54487427,15.61781261,19.0450331
21,211,26,21158,78,9,789,7821,921,78921,781,91,7891,90,7,912.66256,20.28858987,1.718898412,90.0045341,40.2515987,74.16982778,15.87523268,18.20011783
21,211,26,21158,11,77,1177,1121,7721,117721,111,771,11771,91,7,902.17528,19.92086532,1.712252162,90.77449008,39.50849268,76.38552483,14.94616996,18.33363041
21,211,26,21158,96,98,9698,9621,9821,969821,961,981,96981,92,7,719.58768,20.25309202,1.769199676,90.33681524,39.97157768,74.50881851,16.41123376,18.84920747
21,211,26,21158,29,70,2970,2921,7021,297021,291,701,29701,93,7,831.7244,21.29498274,1.966581272,89.22515194,41.66449914,73.83496112,15.61741497,16.5985334
21,211,26,21158,60,87,6087,6021,8721,608721,601,871,60871,94,7,852.5384,20.20814039,1.877096232,89.82727867,40.35851438,74.80794102,16.28657345,17.2004774
21,211,26,21158,38,14,3814,3821,1421,381421,381,141,38141,95,7,846.25832,18.9043479,1.654195388,91.83679977,38.15067169,77.39537546,16.25252988,18.70457073
21,211,26,21158,37,26,3726,3721,2621,372621,371,261,37261,96,7,938.69936,20.98777832,1.841628867,89.63304655,41.14792573,73.67784524,15.36336654,18.50818484
21,211,17,21159,49,77,4977,4921,7721,497721,491,771,49771,97,7,986.40096,20.07611757,1.582252754,90.41402835,38.69994273,74.95916456,13.88518646,18.59756687
21,211,17,21159,1,43,143,121,4321,14321,11,431,1431,98,7,983.39888,20.79255761,1.711095767,89.447626,39.84400956,73.05500872,13.45527419,18.50144688
21,211,17,21159,92,94,9294,9221,9421,929421,921,941,92941,99,7,986.38304,22.43021963,1.986220658,88.44579979,43.12855254,72.7635229,13.87327037,14.91218514
21,211,17,21159,55,45,5545,5521,4521,554521,551,451,55451,100,7,991.0416,20.31174697,1.629755662,90.35949785,39.10690658,74.01212019,14.23187113,18.36611153
21,211,17,21159,44,1,441,4421,121,44121,441,11,4411,101,7,939.22456,19.9670396,1.65982144,90.46449368,38.90699,74.33171915,13.82270779,18.35747097
21,211,17,21159,80,81,8081,8021,8121,808121,801,811,80811,102,7,884.40992,19.89346813,1.587015932,90.43832396,38.70964516,74.22276023,14.05249577,19.31389753
21,211,17,21159,19,65,1965,1921,6521,196521,191,651,19651,103,7,1051.36728,22.51033708,1.99950679,87.59283899,43.04432104,71.22545714,14.00430738,14.46658878
21,211,17,21159,32,64,3264,3221,6421,326421,321,641,32641,104,7,999.4584,20.30822417,1.619576199,90.17146422,39.57275009,74.68632872,13.73953255,18.2221005
21,211,27,21160,47,68,4768,4721,6821,476821,471,681,47681,105,7,1020.4144,21.49675672,1.821133266,89.61004286,41.36581052,73.94264942,15.74160213,16.96770858
21,211,27,21160,42,26,4226,4221,2621,422621,421,261,42261,106,7,880.5768,20.78737922,1.742092928,89.57345497,40.84455364,73.17011701,16.14031636,19.03244956
21,211,27,21160,8,14,814,821,1421,81421,81,141,8141,107,7,1050.46064,20.14792826,1.677386507,90.45109943,39.51727471,74.9198011,14.95062037,19.34953564
21,211,27,21160,12,4,124,1221,421,12421,121,41,1241,108,7,1187.42792,21.27007283,1.758202023,89.26579335,41.24164008,73.30676376,15.23465286,18.15389461
21,211,27,21160,23,60,2360,2321,6021,236021,231,601,23601,109,7,997.21776,21.58765931,1.865001382,87.97139966,41.43025823,71.17703351,15.20212921,17.98207321
21,211,27,21160,38,14,3814,3821,1421,381421,381,141,38141,110,7,1041.22896,19.77137824,1.487493417,90.42338485,39.04757658,74.05832266,15.86942847,18.82697602
21,211,27,21160,96,99,9699,9621,9921,969921,961,991,96991,111,7,961.08792,20.36900498,1.591871059,90.94495052,39.69157662,74.42419055,15.45467653,18.80092115
21,211,27,21160,14,36,1436,1421,3621,143621,141,361,14361,112,7,992.72776,19.97744198,1.669172887,90.34264255,39.71031848,73.30665566,14.80202508,19.40483956
21,211,27,21161,83,3,833,8321,321,83321,831,31,8331,113,7,965.15832,20.84625731,1.732974014,88.84177489,40.93086445,70.87356869,14.4263682,19.35258644
21,211,27,21161,18,3,183,1821,321,18321,181,31,1831,114,7,1073.09376,21.58773624,1.881884215,89.06149362,41.41774528,72.37860923,14.63284116,16.97257988
21,211,27,21161,57,73,5773,5721,7321,577321,571,731,57731,115,7,1071.98544,20.83196503,1.666738407,89.67837345,40.87369319,73.12167412,14.9509973,20.14762052
21,211,27,21161,68,3,683,6821,321,68321,681,31,6831,116,7,1239.02288,22.80988623,1.950251174,88.5786299,43.58601194,71.63347476,15.34561328,17.00894371
21,211,27,21161,89,90,8990,8921,9021,899021,891,901,89901,117,7,1029.14888,21.04461009,1.792697005,89.06523589,40.62394429,71.49040674,14.79680503,19.99397392
21,211,27,21161,34,62,3462,3421,6221,346221,341,621,34621,118,7,1060.38848,20.86189469,1.745028109,89.71092213,40.9901523,72.32552952,14.919202,20.08427543
21,211,27,21161,74,59,7459,7421,5921,745921,741,591,74591,119,7,1091.14456,20.69319913,1.761854282,90.06211689,40.19505176,72.97596295,15.30240611,19.67070236
21,211,27,21161,90,102,90102,9021,10221,9010221,901,1021,901021,120,7,1135.57816,20.94461954,1.830200315,89.62946111,40.51715608,72.80788324,14.00023327,19.19683882
21,211,28,21162,63,36,6336,6321,3621,633621,631,361,63361,121,7,1083.58032,21.31609314,1.713777211,89.19260856,40.92854381,72.10127042,14.30459015,18.51317584
21,211,28,21162,68,60,6860,6821,6021,686021,681,601,68601,122,7,991.83728,21.60561231,1.991802598,88.21355476,41.87056745,71.11348007,15.63030113,15.371888
21,211,28,21162,13,71,1371,1321,7121,137121,131,711,13711,123,7,996.55248,21.20051761,1.794395692,89.3359771,40.46553561,72.48565185,15.11936189,16.71845899
21,211,28,21162,12,84,1284,1221,8421,128421,121,841,12841,124,7,1042.0736,21.93872603,1.900995505,88.98884091,42.22467151,72.4604267,15.28204294,15.75852083
21,211,28,21162,27,63,2763,2721,6321,276321,271,631,27631,125,7,988.87776,21.77594798,1.796144022,89.68967852,41.31216755,73.43186076,15.54018253,16.80107307
21,211,28,21162,70,77,7077,7021,7721,707721,701,771,70771,126,7,969.0232,21.03060948,1.690556071,90.38589871,40.62314244,73.62137593,14.44962898,18.32324724
21,211,28,21162,52,36,5236,5221,3621,523621,521,361,52361,127,7,1025.31752,20.78759196,1.739935714,89.96513408,40.19850167,74.01394407,15.06442359,18.49707266
21,211,28,21162,5,66,566,521,6621,56621,51,661,5661,128,7,1001.84432,21.91682001,1.842604083,89.3202428,41.6664163,73.04110753,15.15314281,16.83201988
21,211,18,21163,63,59,6359,6321,5921,635921,631,591,63591,129,7,1072.44048,21.29225185,1.799880356,89.36382913,41.32864077,73.48580206,13.97629428,16.61959314
21,211,18,21163,69,28,6928,6921,2821,692821,691,281,69281,130,7,1021.02192,20.78575911,1.7406524,89.50598456,39.85610092,74.10147702,13.45903055,17.76019124
21,211,18,21163,31,4,314,3121,421,31421,311,41,3141,131,7,936.0632,20.39105004,1.649782498,90.13356788,39.26563716,73.75834435,13.33607192,17.83554844
21,211,18,21163,34,85,3485,3421,8521,348521,341,851,34851,132,7,993.47592,20.7926116,1.663262127,89.06207117,40.61408876,73.22339577,13.85722093,18.06491902
21,211,18,21163,37,53,3753,3721,5321,375321,371,531,37531,133,7,1034.36016,20.80252583,1.714099933,89.11990297,40.01607052,73.82308327,13.39183407,18.00431599
21,211,18,21163,6,42,642,621,4221,64221,61,421,6421,134,7,964.64792,20.9663,1.65475527,89.00882367,40.31115308,72.54482839,13.3865041,18.25722533
21,211,18,21163,8,9,89,821,921,8921,81,91,891,135,7,1068.46552,21.40500384,1.819899953,88.3294979,41.21690287,71.88696965,13.40753696,17.39829814
21,211,18,21163,70,76,7076,7021,7621,707621,701,761,70761,136,7,999.31712,20.24569854,1.583888327,89.32547765,39.59930165,73.44732158,13.01242127,19.83064155
21,211,22,21164,36,66,3666,3621,6621,366621,361,661,36661,137,7,1027.47672,20.60430468,1.60758502,89.44147177,39.98370089,73.55304932,13.37824506,18.75091057
21,211,22,21164,91,103,91103,9121,10321,9110321,911,1031,911031,138,7,994.58392,20.78653133,1.649663843,89.21800072,40.11750201,73.43278101,14.14407633,16.32484021
21,211,22,21164,55,79,5579,5521,7921,557921,551,791,55791,139,7,1083.5952,21.30528815,1.762958357,88.92497503,40.98534828,73.1320105,14.61920306,17.21613708
21,211,22,21164,24,3,243,2421,321,24321,241,31,2431,140,7,1041.672,20.83768914,1.788919895,89.45857566,40.49993824,74.18709388,14.22755216,17.41920466
21,211,22,21164,27,36,2736,2721,3621,273621,271,361,27361,141,7,1003.784,21.39095639,1.832534287,89.59560751,41.00006568,73.98102749,14.74793752,16.49916822
21,211,22,21164,34,41,3441,3421,4121,344121,341,411,34411,142,7,1014.96704,20.24761217,1.607124881,89.95458246,39.32870202,74.0657062,13.31739196,20.70126674
21,211,22,21164,52,5,525,5221,521,52521,521,51,5251,143,7,962.0592,20.81525517,1.687551538,89.81270591,39.64383243,74.23704522,14.2899871,17.36846928
21,211,22,21164,44,64,4464,4421,6421,446421,441,641,44641,144,7,1076.08304,20.95436844,1.760048651,89.35186258,39.59145126,73.04451955,13.46253388,18.73297843
21,212,17,2121,93,94,9394,9321,9421,939421,932,942,93942,1,2,1203.90552,21.64766488,1.940217404,88.71779954,41.88377303,72.19253163,16.41654032,15.9416436
21,212,17,2121,45,69,4569,4521,6921,456921,452,692,45692,2,2,1163.99008,21.38283268,1.925924502,88.853806,41.23870471,72.9973814,15.73797837,15.70119799
21,212,17,2121,84,4,844,8421,421,84421,842,42,8442,3,2,1144.13024,22.04321806,1.884338584,88.58431206,42.19197823,72.03263729,16.11296547,15.53143361
21,212,17,2121,10,79,1079,1021,7921,107921,102,792,10792,4,2,1170.30936,21.24947194,1.738481216,88.54533737,41.07762695,72.50374445,14.97742561,17.52554436
21,212,17,2121,30,67,3067,3021,6721,306721,302,672,30672,5,2,1197.16992,22.11168297,1.862916388,88.50985633,41.79816727,72.61572485,15.17225261,15.22035116
21,212,17,2121,6,16,616,621,1621,61621,62,162,6162,6,2,1246.77696,21.77381847,1.935183531,88.75270342,41.60336509,72.69774164,15.38217867,15.30140922
21,212,17,2121,23,71,2371,2321,7121,237121,232,712,23712,7,2,1193.07728,22.13682487,1.908769083,88.2272774,42.61543379,72.1719408,16.16553106,14.20357334
21,212,17,2121,81,69,8169,8121,6921,816921,812,692,81692,8,2,1205.98,21.62152156,1.972485164,88.04078808,41.75595645,71.98501459,16.25821197,13.38801055
21,212,19,2122,53,11,5311,5321,1121,531121,532,112,53112,9,2,1165.04848,23.07854997,2.323246255,88.8007906,43.33403281,66.74012053,21.02768759,13.40805479
21,212,19,2122,84,39,8439,8421,3921,843921,842,392,84392,10,2,1301.75552,24.52488394,2.468272659,89.22341963,44.60444649,67.0812766,22.36742596,12.98154154
21,212,19,2122,30,51,3051,3021,5121,305121,302,512,30512,11,2,1196.56672,22.68570118,2.058933959,87.69197076,41.39940696,70.2165251,21.89862352,13.93894329
21,212,19,2122,30,7,307,3021,721,30721,302,72,3072,12,2,1311.29792,24.6525889,2.241372056,90.05136569,43.02247491,65.11706519,22.69841557,12.99416754
21,212,19,2122,17,88,1788,1721,8821,178821,172,882,17882,13,2,1252.43968,24.31437592,2.397130658,90.94422297,43.72657035,65.25319225,22.2997758,13.2389581
21,212,19,2122,2,13,213,221,1321,21321,22,132,2132,14,2,1297.36208,23.60278962,2.0339685,89.75679785,42.39297265,66.69905745,22.21031289,13.57125694
21,212,19,2122,13,73,1373,1321,7321,137321,132,732,13732,15,2,1252.73808,22.10828581,1.781954661,90.89747514,40.11375716,68.55088453,22.65753767,9.731342282
21,212,19,2122,29,32,2932,2921,3221,293221,292,322,29322,16,2,1301.94128,23.331398,2.187342898,87.92229606,41.1708651,68.65343141,22.18752123,8.389155831
21,212,19,2123,59,31,5931,5921,3121,593121,592,312,59312,17,2,1284.89024,24.23990264,2.263855536,88.81994686,42.51622815,66.57772971,22.60312803,13.25768488
21,212,19,2123,74,36,7436,7421,3621,743621,742,362,74362,18,2,1324.3232,24.27348202,2.331341141,89.41240654,42.66641687,62.85042062,21.6129489,8.546232564
21,212,19,2123,91,103,91103,9121,10321,9110321,912,1032,911032,19,2,1178.52704,24.88502164,2.513145864,87.76068874,43.64172419,66.78429974,23.08447521,13.15144013
21,212,19,2123,97,98,9798,9721,9821,979821,972,982,97982,20,2,1085.0376,22.76806973,1.922073634,91.40352649,40.66838284,70.09384606,22.31868596,7.988843936
21,212,19,2123,15,68,1568,1521,6821,156821,152,682,15682,21,2,1308.38976,24.36201154,2.338881423,89.20316598,43.60861999,62.66443559,21.47079535,13.49241863
21,212,19,2123,63,36,6336,6321,3621,633621,632,362,63362,22,2,1304.28016,25.64939862,2.48401389,87.85292129,44.27153808,67.79744078,23.74541713,13.68111488
21,212,19,2123,15,46,1546,1521,4621,154621,152,462,15462,23,2,1141.24528,24.06189838,2.060955031,90.07369849,43.15060339,65.32441368,23.09896129,13.91349627
21,212,19,2123,28,79,2879,2821,7921,287921,282,792,28792,24,2,1177.48064,-999,2.097313373,90.07187245,41.96454637,64.1440031,22.43982286,13.79209419
21,212,19,2124,81,28,8128,8121,2821,812821,812,282,81282,25,2,1131.7528,23.93501506,1.888888947,90.54731782,41.76724427,62.96099711,21.76705469,11.60402555
21,212,19,2124,59,12,5912,5921,1221,591221,592,122,59122,26,2,1337.55552,24.69565151,2.336940042,89.64533589,43.00798103,65.71165301,21.91630804,13.22393316
21,212,19,2124,104,92,10492,10421,9221,1049221,1042,922,104922,27,2,1069.32064,24.72362816,2.900583043,80.11444602,40.52056807,70.14536266,23.2728788,12.63351137
21,212,19,2124,82,49,8249,8221,4921,824921,822,492,82492,28,2,1066.9768,23.30619493,2.353988784,87.29701565,40.96814966,67.2260211,21.83532927,13.58379336
21,212,19,2124,47,2,472,4721,221,47221,472,22,4722,29,2,1085.93072,23.95983643,2.123110792,90.5708029,42.72034899,63.40319842,22.01305604,9.8454175
21,212,19,2124,58,11,5811,5821,1121,581121,582,112,58112,30,2,1247.9472,24.20904852,2.065245175,90.90930335,43.26662732,64.5732713,21.87440625,12.86304648
21,212,19,2124,12,84,1284,1221,8421,128421,122,842,12842,31,2,1235.94576,23.54373833,2.07057755,90.71136476,43.12737033,68.0865066,22.7669794,13.36531143
21,212,19,2124,104,91,10491,10421,9121,1049121,1042,912,104912,32,2,1151.16592,24.78836824,2.275607578,90.32891241,43.27539999,62.7267459,22.12397378,13.34603969
21,212,17,2125,76,21,7621,7621,2121,762121,762,212,76212,33,2,1297.65672,19.76323936,1.614867458,90.45076936,38.74937865,74.98168339,14.74887583,17.44045807
21,212,17,2125,2,87,287,221,8721,28721,22,872,2872,34,2,1313.21376,21.80491003,1.830275985,89.11820957,41.77807986,73.09540278,15.89491342,14.08845713
21,212,17,2125,104,101,104101,10421,10121,10410121,1042,1012,1041012,35,2,1338.05704,21.78413554,1.877732835,88.8370654,41.88366432,71.95456138,15.4992271,14.43046981
21,212,17,2125,89,92,8992,8921,9221,899221,892,922,89922,36,2,1277.69088,22.44672271,1.954620083,88.21752436,43.20950894,72.53575322,15.68959506,13.86748629
21,212,17,2125,50,80,5080,5021,8021,508021,502,802,50802,37,2,1186.18512,19.89669481,1.601862528,90.83544679,38.72073902,74.55149647,14.51100343,18.48321109
21,212,17,2125,79,86,7986,7921,8621,798621,792,862,79862,38,2,1301.95552,22.6339825,1.863226726,88.78220973,42.70946711,73.39133278,15.07185181,14.48878275
21,212,17,2125,24,3,243,2421,321,24321,242,32,2432,39,2,1314.3368,20.88992315,1.643217746,89.6306852,40.99542467,73.15494545,15.00812666,16.7542155
21,212,17,2125,61,25,6125,6121,2521,612521,612,252,61252,40,2,1511.73392,22.16471144,1.854941963,89.60495387,42.55909102,73.9542843,15.13485468,14.19033715
21,212,19,2126,19,30,1930,1921,3021,193021,192,302,19302,41,2,1213.9896,24.84499021,2.175923115,89.46088204,43.43666455,67.09378603,22.20505846,13.20384688
21,212,19,2126,7,35,735,721,3521,73521,72,352,7352,42,2,1209.38432,23.93399073,2.141612029,89.88901842,41.75935774,65.98963552,22.10416174,9.816346051
21,212,19,2126,21,83,2183,2121,8321,218321,212,832,21832,43,2,1146.36,24.09350245,2.075303751,91.53959548,42.10250316,65.06458616,21.93795277,13.32716651
21,212,19,2126,90,91,9091,9021,9121,909121,902,912,90912,44,2,1342.508,23.64351654,1.966493969,91.38214561,41.42717909,66.23098828,22.51368788,13.61342388
21,212,19,2126,63,59,6359,6321,5921,635921,632,592,63592,45,2,1356.408,24.90262193,2.233576537,90.14174237,43.52184153,65.05480693,23.41413263,13.28779209
21,212,19,2126,62,85,6285,6221,8521,628521,622,852,62852,46,2,1245.47008,23.97878577,2.080787069,89.49250096,42.27649203,69.92323415,23.68272072,12.63093215
21,212,19,2126,8,14,814,821,1421,81421,82,142,8142,47,2,1233.1776,24.3840899,2.171961511,91.13159262,44.17285832,66.19927411,23.33496591,12.46820041
21,212,19,2126,76,83,7683,7621,8321,768321,762,832,76832,48,2,1201.7456,23.18938276,1.978939123,91.16498938,40.82839937,68.19576679,23.45622743,13.8821557
21,212,20,2127,39,25,3925,3921,2521,392521,392,252,39252,49,2,1216.05024,24.94163629,3.189847577,87.75169371,47.27935419,66.33029033,21.99132995,13.43587317
21,212,20,2127,3,46,346,321,4621,34621,32,462,3462,50,2,1319.29856,24.38411718,2.91883106,88.86386178,47.39001526,65.14387392,20.47675707,13.09437115
21,212,20,2127,5,66,566,521,6621,56621,52,662,5662,51,2,1254.68496,24.82986076,3.186810464,87.0859645,46.52641633,65.80888546,19.19172533,8.52609039
21,212,20,2127,1,8,18,121,821,1821,12,82,182,52,2,1392.00992,22.63277533,2.433395901,90.07026468,45.84137251,68.48867273,22.53020085,9.724921111
21,212,20,2127,56,32,5632,5621,3221,563221,562,322,56322,53,2,1239.1608,24.43809915,2.875975959,88.92610329,44.5489843,67.22485981,20.67146861,7.930508434
21,212,20,2127,96,97,9697,9621,9721,969721,962,972,96972,54,2,1239.08864,23.9482483,2.922021908,87.70368614,41.99164099,66.02182148,17.49131333,14.55746467
21,212,20,2127,57,71,5771,5721,7121,577121,572,712,57712,55,2,1217.2128,-999,2.246006154,89.60515708,41.84878557,65.77274021,20.70738045,10.53220056
21,212,21,2127,91,94,9194,9121,9421,919421,912,942,91942,56,2,1253.3552,23.8620306,2.282633067,88.36358284,41.34890589,66.54498187,20.89670263,12.57895965
21,212,21,2128,93,96,9396,9321,9621,939621,932,962,93962,57,2,1190.31504,24.24101466,2.4461312,89.42380546,42.60000394,65.04990622,20.51275258,12.66607784
21,212,21,2128,50,47,5047,5021,4721,504721,502,472,50472,58,2,1333.744,24.84425632,2.587792452,88.49843841,44.66535917,60.69841198,22.11400391,15.0933354
21,212,21,2128,69,28,6928,6921,2821,692821,692,282,69282,59,2,1310.86768,25.32308146,2.650911629,87.76536464,45.0789922,61.41721679,22.47396056,13.54375441
21,212,21,2128,60,57,6057,6021,5721,605721,602,572,60572,60,2,1256.17072,24.49159725,2.46540415,88.11625924,44.59175634,62.69627407,22.15681359,12.97054372
21,212,21,2128,16,37,1637,1621,3721,163721,162,372,16372,61,2,1458.86336,24.72555487,2.215329626,87.58586241,43.07085431,68.91615768,23.86185105,12.3780277
21,212,21,2128,39,17,3917,3921,1721,391721,392,172,39172,62,2,1337.8976,24.98268084,2.256146012,89.45193081,45.08358643,61.96157328,24.15322925,14.37784334
21,212,21,2128,89,91,8991,8921,9121,899121,892,912,89912,63,2,1305.56816,25.30813265,2.2367074,88.37906402,44.79988535,63.32705487,22.9305194,14.28900784
21,212,21,2128,66,12,6612,6621,1221,661221,662,122,66122,64,2,1324.92144,24.35032343,1.998406159,89.08948065,43.40935377,59.53845015,23.72878924,11.71469473
21,212,17,2129,19,7,197,1921,721,19721,192,72,1972,65,2,1373.5124,21.34568596,1.806867354,89.90246104,41.33047734,74.83988789,16.13025147,13.61629474
21,212,17,2129,5,59,559,521,5921,55921,52,592,5592,66,2,1372.84848,21.52882229,1.798213021,89.40473292,41.68901718,73.58698674,15.37591123,15.53842697
21,212,17,2129,95,97,9597,9521,9721,959721,952,972,95972,67,2,1410.11392,21.56100828,1.773083277,89.88282276,41.20020407,74.94763357,15.11083827,15.02596759
21,212,17,2129,46,60,4660,4621,6021,466021,462,602,46602,68,2,1240.50888,20.58973755,1.765385321,89.62387526,39.92573906,73.79791512,14.67830687,15.47385628
21,212,17,2129,60,87,6087,6021,8721,608721,602,872,60872,69,2,1198.22016,20.94490489,1.762207213,89.73679172,40.12276079,74.4204932,15.3441343,15.11342231
21,212,17,2129,100,103,100103,10021,10321,10010321,1002,1032,1001032,70,2,1231.32112,21.89514625,1.726612012,89.98532427,41.76748689,75.19521056,16.24890957,14.36075992
21,212,17,2129,104,91,10491,10421,9121,1049121,1042,912,104912,71,2,1312.67088,22.08001829,2.016975995,88.18624794,41.9741061,71.96880814,14.92724905,13.7437589
21,212,17,2129,25,30,2530,2521,3021,253021,252,302,25302,72,2,1240.02912,21.76019981,1.920287558,88.63876215,41.33787889,73.16102259,14.65051893,14.34267585
21,212,23,21210,104,101,104101,10421,10121,10410121,1042,1012,1041012,73,2,1186.44336,22.50719093,2.178405714,87.33561397,44.88695363,70.87717473,16.27164061,14.85725401
21,212,23,21210,90,92,9092,9021,9221,909221,902,922,90922,74,2,1270.892,-999,2.075121567,86.04359761,46.4601497,69.65167865,15.9927474,14.01139502
21,212,24,21210,95,97,9597,9521,9721,959721,952,972,95972,75,2,1342.88416,21.73992868,1.853233394,89.73238885,42.25845432,75.30508126,15.97088838,13.96079716
21,212,24,21210,27,74,2774,2721,7421,277421,272,742,27742,76,2,1167.23984,20.63068022,1.63513486,89.3167462,39.83753452,73.85556922,15.69404811,17.268091
21,212,24,21210,20,26,2026,2021,2621,202621,202,262,20262,77,2,1235.6728,22.09053826,2.230965982,86.92665212,42.00246924,72.42593935,14.27533055,16.14929302
21,212,24,21210,99,101,99101,9921,10121,9910121,992,1012,991012,78,2,1224.46488,20.76188273,1.804935333,90.10872499,39.98826029,74.89460883,15.88893928,16.12029912
21,212,24,21210,99,100,99100,9921,10021,9910021,992,1002,991002,79,2,1179.72752,20.35032834,1.724918491,90.31816474,39.53225911,75.26817405,15.28254062,17.80063075
21,212,24,21210,25,67,2567,2521,6721,256721,252,672,25672,80,2,1190.024,21.75580094,1.919011982,88.39541555,42.11132929,73.280749,15.03857847,16.14636448
21,212,17,21211,16,35,1635,1621,3521,163521,162,352,16352,1,4,1140.75744,21.05552874,1.79957657,88.70917425,40.82040946,71.78317587,15.16881173,17.07831935
21,212,17,21211,68,87,6887,6821,8721,688721,682,872,68872,2,4,1226.28104,22.43390025,1.923167911,88.01547562,43.1387177,71.1248964,16.08279426,15.2402967
21,212,17,21211,52,5,525,5221,521,52521,522,52,5252,3,4,1006.87288,20.53400913,1.7313971,89.9347419,39.78895769,73.37582797,15.59147306,17.17218816
21,212,17,21211,2,23,223,221,2321,22321,22,232,2232,4,4,998.174,21.34196485,1.781624126,88.98147252,41.32536034,72.25415745,15.92617085,15.65054497
21,212,17,21211,4,54,454,421,5421,45421,42,542,4542,5,4,1150.50856,21.9656125,1.846857481,88.50700114,42.42653011,72.36483547,15.86974213,15.21476658
21,212,17,21211,72,76,7276,7221,7621,727621,722,762,72762,6,4,1167.2992,20.51805143,1.654539483,89.97228882,39.7215493,74.28349073,15.47859875,16.4199281
21,212,17,21211,68,60,6860,6821,6021,686021,682,602,68602,7,4,1030.27424,21.66605986,1.9690096,88.01013287,42.29509734,71.93172315,16.34705078,14.5176631
21,212,17,21211,11,77,1177,1121,7721,117721,112,772,11772,8,4,1101.98344,20.38610803,1.62566268,89.89516964,39.86333054,74.05795123,15.42840115,16.49701071
21,212,19,21212,46,48,4648,4621,4821,464821,462,482,46482,9,4,877.4256,24.06341062,2.56460077,89.74361192,46.28013386,65.53372215,21.18027514,12.89034986
21,212,19,21212,41,86,4186,4121,8621,418621,412,862,41862,10,4,945.48576,23.19826149,2.11921228,91.19663117,42.93287763,64.18859609,22.49789108,9.43335889
21,212,19,21212,33,32,3332,3321,3221,333221,332,322,33322,11,4,909.17072,24.33776937,2.320242905,89.02799676,41.92941477,67.9811804,23.52004566,13.23155912
21,212,19,21212,48,9,489,4821,921,48921,482,92,4892,12,4,904.80528,23.25582877,2.153918332,90.80825594,40.40635899,63.74976594,22.2780309,9.545245528
21,212,19,21212,40,43,4043,4021,4321,404321,402,432,40432,13,4,938.63072,22.89660241,2.172762742,90.94246457,40.73191229,64.53838591,22.38567712,9.603435281
21,212,19,21212,46,57,4657,4621,5721,465721,462,572,46572,14,4,936.87536,22.94875392,1.969143435,91.64001682,40.83265083,65.82178627,22.34225812,10.51186999
21,212,19,21212,31,22,3122,3121,2221,312221,312,222,31222,15,4,961.79392,22.54124685,1.768756032,91.7365691,40.53196474,63.68733672,22.18010913,14.46663974
21,212,19,21212,60,73,6073,6021,7321,607321,602,732,60732,16,4,1046.0224,22.51261245,1.550058282,91.11732064,39.97603975,63.75615693,21.37556662,16.79376484
21,212,19,21213,4,25,425,421,2521,42521,42,252,4252,17,4,1197.74304,24.9471312,2.313031618,87.73007315,43.39478151,67.36719362,22.86483802,13.277546
21,212,19,21213,37,53,3753,3721,5321,375321,372,532,37532,18,4,1058.104,22.73798749,2.07993485,89.76214455,40.28920699,67.04516404,22.7820799,10.97613152
21,212,19,21213,50,18,5018,5021,1821,501821,502,182,50182,19,4,939.06656,23.44110731,2.059204534,91.20325652,42.46064039,63.31475578,22.87958711,10.797451
21,212,19,21213,62,40,6240,6221,4021,624021,622,402,62402,20,4,956.16656,23.35987301,2.041212851,90.90222692,42.02851427,63.20661703,22.19163232,14.38569043
21,212,19,21213,65,7,657,6521,721,65721,652,72,6572,21,4,1205.30224,24.65425508,2.330926189,89.22868024,43.17055517,66.55511968,23.17464652,13.3379383
21,212,19,21213,72,76,7276,7221,7621,727621,722,762,72762,22,4,1161.66656,22.46261241,1.76425362,91.38608307,39.68850125,68.05653714,22.59949423,9.363869208
21,212,19,21213,18,15,1815,1821,1521,181521,182,152,18152,23,4,1000.32256,23.01359784,1.964871737,90.63345893,40.80998637,64.53731101,22.07443591,15.36418616
21,212,19,21213,18,47,1847,1821,4721,184721,182,472,18472,24,4,1112.5672,23.96287877,2.077695692,91.28891627,43.48830696,63.99363001,22.39211307,12.47426701
21,212,19,21214,55,56,5556,5521,5621,555621,552,562,55562,25,4,1019.87552,23.46664758,2.175619549,90.75313422,41.60015832,65.86375227,22.33904203,7.821526964
21,212,19,21214,56,44,5644,5621,4421,564421,562,442,56442,26,4,1135.30976,23.0734716,2.111509303,90.03023578,40.25270942,68.31536322,21.76813796,12.04042975
21,212,19,21214,36,66,3666,3621,6621,366621,362,662,36662,27,4,1022.0112,22.38634646,2.107426451,88.54883869,39.94659035,67.17966347,21.41618359,13.91757696
21,212,19,21214,24,2,242,2421,221,24221,242,22,2422,28,4,909.14144,24.98171053,2.270856823,87.90492899,43.94387908,58.62776128,24.85676823,15.16973386
21,212,19,21214,57,56,5756,5721,5621,575621,572,562,57562,29,4,1074.052,22.6630961,1.995870492,91.11860409,40.75814317,66.89324424,23.52914998,8.142796415
21,212,19,21214,57,33,5733,5721,3321,573321,572,332,57332,30,4,1121.40032,22.77242528,2.163354319,85.47592474,39.56857018,72.22193432,22.72356921,13.11549241
21,212,19,21214,42,26,4226,4221,2621,422621,422,262,42262,31,4,967.8184,23.36476925,2.064143314,90.69438941,41.27790875,64.86628078,22.49111091,10.75999954
21,212,19,21214,52,36,5236,5221,3621,523621,522,362,52362,32,4,1065.65008,23.50394582,1.982441336,90.84399593,40.98404599,63.56606254,22.25161746,11.48240219
21,212,17,21215,17,7,177,1721,721,17721,172,72,1772,33,4,1167.43816,20.79671112,1.752894333,89.95760298,40.20974924,73.30591662,15.10377011,16.90655557
21,212,17,21215,2,23,223,221,2321,22321,22,232,2232,34,4,1126.9728,21.67029371,1.896644612,88.38358356,42.05709904,71.79677175,15.85895951,14.29344485
21,212,17,21215,96,99,9699,9621,9921,969921,962,992,96992,35,4,1098.12256,20.24535329,1.664074709,89.81926148,39.9451959,74.12567712,15.22404707,15.92282336
21,212,17,21215,24,15,2415,2421,1521,241521,242,152,24152,36,4,1142.93696,20.02761377,1.667226702,90.61616477,39.29736296,74.16643859,15.03662012,16.70845897
21,212,17,21215,88,35,8835,8821,3521,883521,882,352,88352,37,4,1146.72848,19.94779399,1.609649253,90.63929851,39.20429012,74.08136762,14.68493017,18.46458631
21,212,17,21215,54,19,5419,5421,1921,541921,542,192,54192,38,4,1274.09712,21.96888731,1.904943686,87.95906669,42.23864262,71.80531293,15.075976,13.62495812
21,212,17,21215,91,93,9193,9121,9321,919321,912,932,91932,39,4,1225.64656,21.39085713,1.817988952,89.54022712,40.98903387,72.6678209,15.20201215,16.21775488
21,212,17,21215,1,48,148,121,4821,14821,12,482,1482,40,4,1124.35792,20.07312865,1.696825992,89.92211142,39.34651667,73.12158077,14.76796019,18.15242672
21,212,19,21216,34,40,3440,3421,4021,344021,342,402,34402,41,4,1037.8712,24.2377193,2.036034635,91.11792274,42.50557521,62.95902156,22.33755721,7.148978638
21,212,19,21216,91,92,9192,9121,9221,919221,912,922,91922,42,4,1114.54048,-999,2.300671474,86.14837911,41.89613856,69.98937546,22.48056785,13.42016805
21,212,19,21216,69,34,6934,6921,3421,693421,692,342,69342,43,4,1156.78448,23.83237114,2.007660649,91.83411965,42.73035065,65.49281916,22.66519387,12.9227636
21,212,19,21216,44,64,4464,4421,6421,446421,442,642,44642,44,4,1099.54096,24.01511436,1.867060203,91.55522276,41.2194201,63.28477316,22.52972517,9.222286955
21,212,19,21216,64,8,648,6421,821,64821,642,82,6482,45,4,990.9016,23.60690125,2.160047587,90.37594433,42.4281248,67.75552329,22.88932452,13.11549314
21,212,19,21216,42,43,4243,4221,4321,424321,422,432,42432,46,4,912.4528,23.52894442,2.125384198,91.02488582,42.51495175,62.74337142,23.03668799,10.3963706
21,212,19,21216,38,74,3874,3821,7421,387421,382,742,38742,47,4,919.85184,23.6265018,1.7936382,91.31265178,41.34842878,62.73994612,22.77940186,12.42587155
21,212,19,21216,76,82,7682,7621,8221,768221,762,822,76822,48,4,871.74864,23.80496671,1.857887218,90.86493466,41.83138723,64.17784574,23.38313204,14.0025276
21,212,20,21217,93,94,9394,9321,9421,939421,932,942,93942,49,4,931.85328,23.61489144,2.445238502,91.51409831,44.35237157,67.06453682,22.31650679,12.20762691
21,212,20,21217,38,52,3852,3821,5221,385221,382,522,38522,50,4,1021.34896,22.96862582,2.368687805,91.47385731,43.08480884,65.95177256,21.38225474,15.12820358
21,212,20,21217,16,20,1620,1621,2021,162021,162,202,16202,51,4,1131.7152,23.69558862,2.677202101,90.29420936,43.97360047,60.5488962,20.06902656,15.23191098
21,212,20,21217,88,42,8842,8821,4221,884221,882,422,88422,52,4,965.34992,23.80832571,2.424522557,91.96332613,46.1524952,63.54881871,22.45651267,7.145142094
21,212,20,21217,37,58,3758,3721,5821,375821,372,582,37582,53,4,1148.8144,-999,2.554782224,89.59214465,41.57815171,68.0796628,20.95032284,11.92847227
21,212,20,21217,10,28,1028,1021,2821,102821,102,282,10282,54,4,1038.4568,-999,2.159800354,91.00453332,40.45631213,61.05302101,19.54078865,19.42894041
21,212,20,21217,20,37,2037,2021,3721,203721,202,372,20372,55,4,983.41776,-999,2.223545248,90.26340495,40.0245063,63.04486332,21.87721696,13.55651178
21,212,21,21217,101,103,101103,10121,10321,10110321,1012,1032,1011032,56,4,1064.8496,-999,2.164601214,90.22519221,41.86247212,65.28369918,21.3000585,12.2301886
21,212,21,21218,79,86,7986,7921,8621,798621,792,862,79862,57,4,1141.66096,24.37885294,2.702220599,85.05240544,40.47501991,66.05358981,21.27221986,14.12650082
21,212,21,21218,78,9,789,7821,921,78921,782,92,7892,58,4,1071.9104,24.34043571,2.502557775,87.88131748,42.57474746,65.33060531,23.74719682,11.85589588
21,212,21,21218,34,40,3440,3421,4021,344021,342,402,34402,59,4,1096.52656,25.72781165,2.817434092,87.01905367,46.64742936,62.29586349,23.30852553,7.572750621
21,212,21,21218,36,66,3666,3621,6621,366621,362,662,36662,60,4,1153.0648,23.86219086,2.13744553,88.66313933,43.63040328,58.82776693,21.88723951,18.16036466
21,212,21,21218,99,100,99100,9921,10021,9910021,992,1002,991002,61,4,994.1616,22.45136361,2.174670398,89.30184701,41.01863339,63.6221924,23.63329519,15.01205679
21,212,21,21218,26,72,2672,2621,7221,267221,262,722,26722,62,4,1322.3888,23.89863243,2.058447257,87.39807023,40.3952157,67.32437411,22.48452794,9.519719149
21,212,21,21218,73,56,7356,7321,5621,735621,732,562,73562,63,4,1136.52568,-999,2.073559534,88.80526797,42.8775342,61.41227369,22.13154155,14.21960106
21,212,21,21218,49,10,4910,4921,1021,491021,492,102,49102,64,4,1006.2096,-999,1.89829108,90.64309186,41.83842255,61.70528484,22.53656424,17.75626754
21,212,17,21219,56,33,5633,5621,3321,563321,562,332,56332,65,4,1147.0568,21.55812927,1.816103155,89.61392786,40.98495655,73.31459473,15.0496326,16.20275104
21,212,17,21219,78,80,7880,7821,8021,788021,782,802,78802,66,4,1108.44584,20.57297601,1.705560501,89.27666395,40.58964938,72.75732089,15.00626203,18.26664208
21,212,17,21219,55,45,5545,5521,4521,554521,552,452,55452,67,4,1213.35104,21.22890429,1.746952071,89.88317168,40.71297739,73.84713011,15.05492731,16.35383361
21,212,17,21219,44,8,448,4421,821,44821,442,82,4482,68,4,1408.4988,21.62576456,1.780161158,89.61572292,41.48618291,73.45951533,14.8591629,15.27129299
21,212,17,21219,33,43,3343,3321,4321,334321,332,432,33432,69,4,1258.2204,21.56254427,1.837218565,89.09055482,41.73308853,72.843965,15.02572291,14.99883407
21,212,17,21219,98,101,98101,9821,10121,9810121,982,1012,981012,70,4,1285.56016,21.03310559,1.689927022,90.22211182,40.313331,74.89258659,15.52554898,15.57930409
21,212,17,21219,101,102,101102,10121,10221,10110221,1012,1022,1011022,71,4,1352.27192,21.26389841,1.734229286,89.83023236,40.24525338,73.75890912,14.56164811,16.04205701
21,212,17,21219,25,65,2565,2521,6521,256521,252,652,25652,72,4,1349.13,22.05955601,1.920505115,88.5020551,42.52749535,72.22950996,14.63083398,15.25735395
21,212,23,21220,72,21,7221,7221,2121,722121,722,212,72212,73,4,1284.94968,-999,1.809546574,89.33251605,41.54381983,73.12277705,15.19261792,17.89222759
21,212,23,21220,38,27,3827,3821,2721,382721,382,272,38272,74,4,1116.23504,-999,1.563232499,89.98086427,40.62166901,74.74847863,15.86631215,16.600908
21,212,24,21220,83,3,833,8321,321,83321,832,32,8332,75,4,1151.5264,20.96827686,1.919132506,89.486214,40.65071481,74.6504342,15.86022375,15.57658698
21,212,24,21220,38,9,389,3821,921,38921,382,92,3892,76,4,1291.23096,-999,1.811809677,89.16442403,40.92087603,74.05771082,14.88150826,18.11226665
21,212,24,21220,99,102,99102,9921,10221,9910221,992,1022,991022,77,4,1132.72192,21.1646576,1.770403697,88.99524198,40.4289636,73.90399779,14.95857716,17.32861328
21,212,24,21220,13,57,1357,1321,5721,135721,132,572,13572,78,4,1295.33696,22.66386034,2.082959013,88.17989115,43.4127104,72.11007356,14.58980361,16.20281992
21,212,24,21220,85,5,855,8521,521,85521,852,52,8552,79,4,1411.566,-999,2.014722691,88.35180212,43.79682221,73.29437833,15.35328553,14.79817551
21,212,24,21220,54,39,5439,5421,3921,543921,542,392,54392,80,4,1314.928,21.46885264,1.895565353,88.8343311,41.57689086,75.38403147,16.40874537,15.02049359
21,212,25,21221,42,58,4258,4221,5821,425821,422,582,42582,81,4,1261.722,-999,1.982606958,89.18061573,42.26323219,74.14450089,16.86619861,16.83913808
21,212,25,21221,12,22,1222,1221,2221,122221,122,222,12222,82,4,1281.55344,21.09843617,1.911939346,89.64473193,40.8603779,75.19029557,16.92053802,17.32427433
21,212,25,21221,35,29,3529,3521,2921,352921,352,292,35292,83,4,1229.968,23.21977032,2.177772256,87.02228676,45.23395873,70.70816295,17.25170711,13.65953658
21,212,25,21221,13,33,1333,1321,3321,133321,132,332,13332,84,4,1181.83424,21.7188183,1.932331999,88.80907337,42.8007315,74.14430035,16.78301197,15.74923479
21,212,25,21221,3,46,346,321,4621,34621,32,462,3462,85,4,1189.9752,20.99800857,1.791665265,89.72448285,41.42571119,74.47258724,17.3136632,15.95820796
21,212,25,21221,6,20,620,621,2021,62021,62,202,6202,86,4,1250.4184,21.94187467,2.037103672,87.81558639,42.95363953,71.74177852,16.74407944,16.17147001
21,212,25,21221,84,5,845,8421,521,84521,842,52,8452,87,4,1196.1784,22.68332638,2.004169444,88.76459537,44.25442276,74.32408741,17.64910832,15.36070065
21,212,25,21221,67,7,677,6721,721,67721,672,72,6772,88,4,1220.95152,21.31937769,1.883751211,89.47222968,42.41526172,73.92447023,16.2553013,16.34175845
21,212,26,21222,69,28,6928,6921,2821,692821,692,282,69282,89,4,1122.08816,21.06940888,1.886350917,89.8651145,41.21471814,75.18871452,16.0892743,16.78282114
21,212,26,21222,45,10,4510,4521,1021,451021,452,102,45102,91,4,1019.21376,21.30868622,1.976515159,89.55957633,41.46658662,74.28799159,16.04924269,16.0937449
21,212,26,21222,48,14,4814,4821,1421,481421,482,142,48142,92,4,992.8152,20.44664587,1.810640443,90.26588791,40.24886204,75.42692844,17.03927165,16.7784757
21,212,26,21222,70,76,7076,7021,7621,707621,702,762,70762,93,4,1193.67912,20.30102745,1.779780936,90.54844533,40.38729704,76.46230838,15.89547804,17.66641753
21,212,26,21222,35,53,3553,3521,5321,355321,352,532,35532,94,4,1244.02256,21.21562935,1.892122386,88.56562056,41.50812748,73.2627852,15.69535692,17.1736751
21,212,26,21222,92,94,9294,9221,9421,929421,922,942,92942,95,4,1271.33744,24.27111829,2.447151774,86.73318248,45.79347872,70.49552758,17.08892807,13.00969367
21,212,26,21222,50,24,5024,5021,2421,502421,502,242,50242,96,4,1119.24368,20.76604091,1.801643578,89.95177505,40.88574787,75.28860939,16.88694957,17.07583593
21,212,17,21223,55,45,5545,5521,4521,554521,552,452,55452,97,4,1205.50808,21.02837329,1.734627491,89.75116245,40.74821092,73.85175272,14.65703023,16.31861796
21,212,17,21223,24,3,243,2421,321,24321,242,32,2432,98,4,1268.28456,20.80157207,1.734377701,89.51926536,41.51666976,73.20259598,16.46327961,14.76412614
21,212,17,21223,12,22,1222,1221,2221,122221,122,222,12222,99,4,1249.49112,20.19386392,1.659834432,90.8059219,39.86740248,75.5247356,15.8211103,15.48293152
21,212,17,21223,31,61,3161,3121,6121,316121,312,612,31612,100,4,1256.77592,20.48501343,1.71969405,90.29532811,40.04257146,73.88981321,14.83881367,16.42755883
21,212,17,21223,83,69,8369,8321,6921,836921,832,692,83692,101,4,1175.74464,21.06910393,1.696099257,89.52588067,40.40357412,73.78920903,14.3445906,16.85774496
21,212,17,21223,69,79,6979,6921,7921,697921,692,792,69792,102,4,1228.16656,21.05408286,1.734288496,89.23027438,40.46351429,72.81560773,14.33630389,17.30385568
21,212,17,21223,17,51,1751,1721,5121,175121,172,512,17512,103,4,1195.11,20.7552965,1.753559202,89.42725685,39.95187431,73.18981848,14.8929112,16.65675683
21,212,17,21223,53,58,5358,5321,5821,535821,532,582,53582,104,4,1215.1496,21.05057197,1.779975587,89.37299424,40.51029996,73.42323291,14.34382157,16.7970343
21,212,27,21224,27,36,2736,2721,3621,273621,272,362,27362,105,4,1141.34984,20.84560285,1.674271125,89.80319416,41.04275817,73.8685779,17.13034325,17.44244779
21,212,27,21224,77,80,7780,7721,8021,778021,772,802,77802,106,4,1258.45904,21.24281555,1.79841076,88.74618131,41.13921278,71.76572028,15.29661567,19.08144003
21,212,27,21224,89,100,89100,8921,10021,8910021,892,1002,891002,107,4,1267.43568,21.81890709,1.979969191,87.89441464,42.10736954,71.04765193,15.36451624,16.99816526
21,212,27,21224,70,77,7077,7021,7721,707721,702,772,70772,108,4,1280.1824,21.41811587,1.846195762,88.5226267,42.16942279,71.42987173,15.44331503,17.53822938
21,212,27,21224,43,78,4378,4321,7821,437821,432,782,43782,109,4,1226.15296,21.08017099,1.727764902,89.50438776,41.29479903,72.54002488,16.10319575,17.82343328
21,212,27,21224,79,82,7982,7921,8221,798221,792,822,79822,110,4,1130.1488,21.02746014,1.735432784,89.28454693,40.76677902,72.41530445,15.6342095,18.80095824
21,212,27,21224,70,11,7011,7021,1121,701121,702,112,70112,111,4,1213.03272,21.11321558,1.740087298,89.66401305,40.63183146,72.81883977,15.73272851,16.57935947
21,212,27,21224,53,26,5326,5321,2621,532621,532,262,53262,112,4,1322.81928,21.9270408,1.825399056,88.21616019,41.97469702,70.44547079,16.19840446,16.73290409
21,212,27,21225,71,73,7173,7121,7321,717321,712,732,71732,113,4,1381.15752,21.10973465,1.801643807,88.87171293,41.76185639,71.73553836,16.46218429,18.15076828
21,212,27,21225,78,50,7850,7821,5021,785021,782,502,78502,114,4,1179.73392,20.8075982,1.740996187,89.55690043,40.67562491,72.35722512,16.74268035,18.2310954
21,212,27,21225,60,56,6056,6021,5621,605621,602,562,60562,115,4,1309.2344,21.99099031,1.865679899,88.93157799,42.71342146,71.82353085,16.32419499,17.62531382
21,212,27,21225,67,6,676,6721,621,67621,672,62,6762,116,4,1266.42744,22.82563928,2.152797195,87.67196445,44.02530898,71.2372809,16.59010047,14.86370364
21,212,27,21225,100,101,100101,10021,10121,10010121,1002,1012,1001012,117,4,1250.40936,21.55863832,1.76071886,89.65997406,41.43134662,72.84585935,15.38749244,17.9355551
21,212,27,21225,62,85,6285,6221,8521,628521,622,852,62852,118,4,1263.61808,21.42487541,1.828129036,89.61436594,41.38144805,72.70007161,15.11834315,18.15140061
21,212,27,21225,74,52,7452,7421,5221,745221,742,522,74522,119,4,1242.07152,20.96005879,1.67273168,90.42649884,39.74125802,72.76336785,14.82488608,19.58639995
21,212,27,21225,62,86,6286,6221,8621,628621,622,862,62862,120,4,1222.7256,21.19433136,1.757451363,89.94576835,41.397514,72.69857275,16.48584838,17.99891866
21,212,28,21226,50,18,5018,5021,1821,501821,502,182,50182,121,4,1141.23752,20.12044185,1.712529669,90.3456871,39.01739644,73.6868391,15.43557281,17.00173706
21,212,28,21226,8,9,89,821,921,8921,82,92,892,122,4,1290.76712,22.02285313,1.836872499,89.04118076,42.31875209,71.7908086,15.97341406,16.85686718
21,212,28,21226,14,36,1436,1421,3621,143621,142,362,14362,123,4,1196.27448,20.60640667,1.653436772,90.24800633,39.58419828,73.40474577,16.00451684,17.89305149
21,212,28,21226,48,52,4852,4821,5221,485221,482,522,48522,124,4,1277.27192,21.67028782,1.860050863,88.84720212,41.3030458,72.11732756,15.38902424,17.18299269
21,212,28,21226,54,19,5419,5421,1921,541921,542,192,54192,125,4,1324.06888,22.61238603,1.906115982,88.59020891,43.36403443,72.79633555,16.35505212,14.17029665
21,212,28,21226,92,93,9293,9221,9321,929321,922,932,92932,126,4,1396.4872,23.91868769,2.164321372,87.87528883,44.79360615,72.22332833,15.93208143,13.46399688
21,212,28,21226,37,53,3753,3721,5321,375321,372,532,37532,127,4,1324.37064,21.74218063,1.826780025,89.06876547,41.61746635,72.43084877,16.3832633,16.23506983
21,212,28,21226,84,39,8439,8421,3921,843921,842,392,84392,128,4,1334.92704,22.36709416,1.79508708,89.74900135,42.34152002,73.57163538,17.321744,14.55574983
21,212,18,21227,10,28,1028,1021,2821,102821,102,282,10282,129,4,1237.218,20.60715774,1.753771365,89.98969688,39.28218354,74.37450083,14.50503127,17.1506679
21,212,18,21227,15,68,1568,1521,6821,156821,152,682,15682,130,4,1300.75088,20.11058799,1.664355145,90.96603896,39.06358599,74.7321197,15.29687213,16.70865992
21,212,18,21227,34,86,3486,3421,8621,348621,342,862,34862,131,4,1427.36408,22.75027815,1.819575454,89.82667581,43.52608419,73.13478235,15.33801956,14.34462427
21,212,18,21227,44,64,4464,4421,6421,446421,442,642,44642,132,4,1342.04912,22.3879503,1.970274667,88.43705207,42.74234585,72.49777454,15.04454749,14.24118071
21,212,18,21227,13,71,1371,1321,7121,137121,132,712,13712,133,4,1275.65456,21.06875093,1.690792988,89.55746511,40.6985051,73.78254554,15.29218091,16.12193139
21,212,18,21227,25,65,2565,2521,6521,256521,252,652,25652,134,4,1275.10224,22.32399799,1.888791315,88.83813307,43.00636572,72.34664825,14.94580664,15.64834709
21,212,18,21227,47,49,4749,4721,4921,474921,472,492,47492,135,4,1440.60512,21.9911891,1.805237201,89.39003256,42.27889882,73.86009313,14.25478519,15.54964471
21,212,18,21227,57,73,5773,5721,7321,577321,572,732,57732,136,4,1294.97616,20.53477317,1.605213373,90.39209793,40.19162391,74.64490637,15.16019859,16.76162068
21,212,22,21228,44,45,4445,4421,4521,444521,442,452,44452,137,4,1394.22464,20.81318592,1.707099768,89.4361985,40.24141375,73.74386296,14.95221409,15.58953951
21,212,22,21228,74,5,745,7421,521,74521,742,52,7452,138,4,1164.66296,21.04545672,1.751314724,89.27784292,40.6281506,72.92591916,14.44401414,15.85507919
21,212,22,21228,52,63,5263,5221,6321,526321,522,632,52632,139,4,1160.1512,21.32135379,1.831635389,89.0482675,40.91181314,73.26917625,15.18517584,16.14069769
21,212,22,21228,67,17,6717,6721,1721,671721,672,172,67172,140,4,1253.818,20.69947319,1.765526693,89.84737772,39.97819155,74.09223919,15.24845557,15.69521994
21,212,22,21228,57,73,5773,5721,7321,577321,572,732,57732,141,4,1335.96336,21.30576501,1.794524974,89.41483453,40.83724104,73.62368117,15.40763361,15.88294933
21,212,22,21228,11,72,1172,1121,7221,117221,112,722,11722,142,4,1400.6024,19.71096456,1.603607531,91.95830599,38.38250025,75.68273981,15.65764767,16.48414828
21,212,22,21228,66,75,6675,6621,7521,667521,662,752,66752,143,4,1328.63064,20.32700194,1.671682798,90.39607652,38.71692415,73.26269615,14.11324246,19.07481801
21,212,22,21228,22,61,2261,2221,6121,226121,222,612,22612,144,4,1354.45936,21.9280517,1.904376756,88.69611615,42.18360203,72.90043131,15.05347663,15.39282852
21,212,17,21229,9,74,974,921,7421,97421,92,742,9742,1,6,915.99632,20.30218457,1.711412626,90.0441326,39.61453406,73.62064405,15.90221428,16.24041067
21,212,17,21229,29,70,2970,2921,7021,297021,292,702,29702,2,6,953.466,21.07292272,1.820689078,89.94555317,40.3106615,73.36229118,16.40258333,15.63078368
21,212,17,21229,37,70,3770,3721,7021,377021,372,702,37702,3,6,1005.93712,21.18507345,1.722706131,89.06149274,40.87996016,72.64035863,15.67930907,17.28488583
21,212,17,21229,7,51,751,721,5121,75121,72,512,7512,4,6,1080.65344,20.46913036,1.662560548,88.87511089,40.33423923,71.92739652,14.85256312,18.2849091
21,212,17,21229,1,48,148,121,4821,14821,12,482,1482,5,6,936.07504,20.25730419,1.692447315,89.59113271,39.76515271,73.52372511,15.18760532,17.94413379
21,212,17,21229,11,80,1180,1121,8021,118021,112,802,11802,6,6,1027.97808,20.71143933,1.74846718,89.18100551,40.39272871,72.497896,15.79574999,16.34520407
21,212,17,21229,76,80,7680,7621,8021,768021,762,802,76802,7,6,946.75168,20.05729305,1.677292037,89.92530152,39.64547431,73.21491102,15.83604997,16.7729167
21,212,17,21229,23,60,2360,2321,6021,236021,232,602,23602,8,6,883.13744,20.79195693,1.807072167,88.87165511,41.05764021,72.53697625,16.29207729,15.04871159
21,212,19,21230,80,81,8081,8021,8121,808121,802,812,80812,9,6,845.15072,22.99108119,2.393504899,87.47219745,42.17811897,66.80825228,20.92659302,14.50360609
21,212,19,21230,51,20,5120,5121,2021,512021,512,202,51202,10,6,931.53808,23.07593327,2.186419352,87.00040802,42.4572153,68.97123941,22.51961565,9.298650973
21,212,19,21230,43,8,438,4321,821,43821,432,82,4382,11,6,1069.79248,23.88021961,2.226104709,90.47259185,41.40283703,66.8691799,22.75544699,13.32190462
21,212,19,21230,2,60,260,221,6021,26021,22,602,2602,12,6,861.17728,23.22413141,2.027481697,90.78753997,40.46358819,63.01557399,22.62130827,10.90520961
21,212,19,21230,48,74,4874,4821,7421,487421,482,742,48742,13,6,863.82336,22.70207152,1.911696201,90.44574635,40.83039756,62.64946576,21.93813469,14.8384092
21,212,19,21230,22,4,224,2221,421,22421,222,42,2242,14,6,890.60208,23.21655041,1.789561032,91.11868517,40.23870713,66.6451621,23.04034262,9.052206575
21,212,19,21230,100,102,100102,10021,10221,10010221,1002,1022,1001022,15,6,1000.34224,22.73772475,1.871170036,90.96885143,41.13308346,68.61541576,22.86628487,9.773296834
21,212,19,21230,43,38,4338,4321,3821,433821,432,382,43382,16,6,1016.3496,23.44554491,1.933354406,90.74413628,42.85774413,63.16946476,22.00456493,10.09382437
21,212,19,21231,34,62,3462,3421,6221,346221,342,622,34622,17,6,1020.78544,22.21085881,2.004256214,86.57242201,39.37344758,70.45893197,23.3686845,9.58128675
21,212,19,21231,79,34,7934,7921,3421,793421,792,342,79342,18,6,1037.73312,23.01391524,2.248904032,86.37407797,40.99851291,69.42435891,23.15737789,7.976747692
21,212,19,21231,20,53,2053,2021,5321,205321,202,532,20532,19,6,1036.03296,24.03481119,2.28125692,88.60753587,41.6189226,63.83166056,23.36477703,8.794012335
21,212,19,21231,73,76,7376,7321,7621,737621,732,762,73762,20,6,970.01024,23.35321942,1.722188883,90.72455699,40.40362945,62.25246764,21.86409114,19.51003347
21,212,19,21231,7,51,751,721,5121,75121,72,512,7512,21,6,1074.25008,24.18327988,2.151233661,89.19383774,40.97385947,62.35514642,22.28815824,11.86521077
21,212,19,21231,37,11,3711,3721,1121,371121,372,112,37112,22,6,1112.03088,24.0226426,2.238465309,88.85006347,42.51781281,68.31440549,23.34213652,13.77185319
21,212,19,21231,31,75,3175,3121,7521,317521,312,752,31752,23,6,1019.1944,23.38836343,1.831562497,91.29307229,40.27625988,64.30419314,21.66829704,12.20369163
21,212,19,21231,86,85,8685,8621,8521,868521,862,852,86852,24,6,1092.3848,23.81062332,2.092632724,89.69993128,41.63931585,66.22532572,22.32581331,7.434384845
21,212,19,21232,21,81,2181,2121,8121,218121,212,812,21812,25,6,863.7704,23.88292331,2.223349082,90.76909631,44.09093198,63.3285161,21.95369837,10.59556726
21,212,19,21232,79,41,7941,7921,4121,794121,792,412,79412,26,6,919.3568,22.82780637,2.05780917,90.39563321,40.20217393,65.46451194,21.98376188,13.37796814
21,212,19,21232,12,4,124,1221,421,12421,122,42,1242,27,6,1014.62,24.04542722,2.322672594,88.56353532,41.18387469,69.40387749,23.46981738,13.29943255
21,212,19,21232,51,35,5135,5121,3521,513521,512,352,51352,28,6,907.58384,24.50565549,2.112651645,89.363309,42.35646424,65.35929502,23.50197043,10.05899776
21,212,19,21232,90,102,90102,9021,10221,9010221,902,1022,901022,29,6,1031.00448,-999,1.826598557,91.27459809,41.10567702,64.20908656,23.04268805,10.48691287
21,212,19,21232,2,87,287,221,8721,28721,22,872,2872,30,6,825.50848,23.24189264,1.968440072,91.25143204,41.46890593,63.26784655,23.35842749,12.04956186
21,212,19,21232,20,37,2037,2021,3721,203721,202,372,20372,31,6,878.8136,22.57710143,1.788261908,90.84030665,39.8353783,65.37827483,23.40611112,14.23568777
21,212,19,21232,60,57,6057,6021,5721,605721,602,572,60572,32,6,888.56032,23.59922293,1.874907637,90.941744,40.75592627,63.63716182,23.10688102,10.07020442
21,212,17,21233,46,23,4623,4621,2321,462321,462,232,46232,33,6,969.42296,21.0871819,1.807609869,89.43178198,40.66474497,73.25188992,15.6848028,14.91670497
21,212,17,21233,37,26,3726,3721,2621,372621,372,262,37262,34,6,1105.7508,21.20259961,1.794901312,88.71105558,41.47587645,73.16308211,15.14352439,14.98328022
21,212,17,21233,68,3,683,6821,321,68321,682,32,6832,35,6,1275.58472,21.4654448,1.824208012,89.48212167,42.02327974,73.77284616,16.81065904,14.70190733
21,212,17,21233,51,82,5182,5121,8221,518221,512,822,51822,36,6,934.068,20.13885383,1.749983145,89.27863155,40.18859582,72.61127941,15.72069914,16.60091774
21,212,17,21233,58,77,5877,5821,7721,587721,582,772,58772,37,6,1090.64416,19.90566577,1.674823941,90.37418966,39.20547187,73.83093895,15.62609072,16.52883999
21,212,17,21233,89,102,89102,8921,10221,8910221,892,1022,891022,38,6,1126.5856,20.35953285,1.723965538,90.17212571,39.85038321,73.25790367,15.33666869,16.24597289
21,212,17,21233,11,76,1176,1121,7621,117621,112,762,11762,39,6,1005.62192,19.5971456,1.520747281,91.24342102,38.65295364,75.17186627,15.36875217,17.84338733
21,212,17,21233,44,1,441,4421,121,44121,442,12,4412,40,6,1004.6756,20.62631026,1.691532898,90.20500326,39.65980481,74.24991806,14.91241472,16.5389447
21,212,19,21234,6,16,616,621,1621,61621,62,162,6162,41,6,903.68384,23.05904097,1.855013796,91.81387322,40.91700504,64.01702345,22.34779328,13.55441092
21,212,19,21234,83,55,8355,8321,5521,835521,832,552,83552,42,6,868.61424,22.9517866,1.951127124,91.55475741,40.05862273,64.89764513,22.19579434,13.71305366
21,212,19,21234,8,9,89,821,921,8921,82,92,892,43,6,896.56464,23.408734,2.102372321,90.80584973,41.32678914,68.37681671,23.0166057,13.36035909
21,212,19,21234,78,27,7827,7821,2721,782721,782,272,78272,44,6,785.792,22.89217327,2.011158945,89.3955058,40.32280474,68.02509667,23.46676853,8.124182612
21,212,19,21234,69,79,6979,6921,7921,697921,692,792,69792,45,6,911.08176,22.75664863,1.862417708,91.4634083,40.21554644,65.57868487,22.58873971,9.98076864
21,212,19,21234,51,6,516,5121,621,51621,512,62,5162,46,6,1009.484,23.78491018,1.832442318,90.33389074,40.6184162,62.94455837,22.17105465,14.16253387
21,212,19,21234,65,16,6516,6521,1621,651621,652,162,65162,47,6,934.90272,23.77973542,1.983318515,91.28348644,42.353468,63.67250689,23.0278862,8.313578234
21,212,19,21234,43,78,4378,4321,7821,437821,432,782,43782,48,6,949.06688,23.09130084,1.982524579,90.26900416,41.52936143,65.31885343,22.87382152,10.10304733
21,212,20,21235,58,70,5870,5821,7021,587021,582,702,58702,49,6,950.79968,-999,2.464173274,90.08522003,46.39935756,65.13368945,21.8417659,7.744171601
21,212,20,21235,15,2,152,1521,221,15221,152,22,1522,50,6,875.52096,-999,2.194721567,90.33740318,45.04220624,61.52135177,21.56097196,14.45593387
21,212,20,21235,70,77,7077,7021,7721,707721,702,772,70772,51,6,1001.77744,24.63389408,2.764272355,89.03106677,46.39791397,60.12512276,20.21419366,9.170235808
21,212,20,21235,27,5,275,2721,521,27521,272,52,2752,52,6,940.6192,24.59188698,2.569200795,91.55763131,45.29621238,65.07610429,22.70495895,13.17700259
21,212,20,21235,80,81,8081,8021,8121,808121,802,812,80812,53,6,871.40032,21.97981772,2.457594443,90.63439547,43.84172263,61.73685468,22.73161413,15.60515103
21,212,20,21235,80,21,8021,8021,2121,802121,802,212,80212,54,6,886.51856,23.01492402,2.093139562,91.06229623,39.48200514,61.62380616,20.48622478,20.03248228
21,212,20,21235,75,84,7584,7521,8421,758421,752,842,75842,55,6,1068.15744,23.00653501,2.279359981,89.68676975,40.15325248,67.30372866,21.89462816,11.89673921
21,212,21,21235,32,64,3264,3221,6421,326421,322,642,32642,56,6,1005.3256,23.99819257,2.310258806,88.83831085,41.2961965,62.06450264,21.79457164,15.07417517
21,212,21,21236,78,27,7827,7821,2721,782721,782,272,78272,57,6,859.47328,23.59862624,2.101855171,87.76888263,40.06352916,61.57819471,21.1710164,18.87511666
21,212,21,21236,35,29,3529,3521,2921,352921,352,292,35292,58,6,1007.6296,24.78993402,2.522993327,86.72276949,43.57211043,60.34740313,22.93087245,16.28931609
21,212,21,21236,75,4,754,7521,421,75421,752,42,7542,59,6,990.31184,24.75878744,2.541303461,87.11488117,43.68973586,60.88773584,22.68791063,14.47540255
21,212,21,21236,82,21,8221,8221,2121,822121,822,212,82212,60,6,888.74608,24.49119193,2.250834239,87.99748469,42.83454061,61.32804656,21.95582258,15.59837247
21,212,21,21236,41,40,4140,4121,4021,414021,412,402,41402,61,6,867.96128,23.15616477,2.117911231,89.21552241,42.70309159,61.93205833,24.99489714,16.32327033
21,212,21,21236,16,20,1620,1621,2021,162021,162,202,16202,62,6,1093.6368,23.81156589,2.115627206,87.43051988,42.13135053,68.74048919,24.89745393,13.66066753
21,212,21,21236,27,63,2763,2721,6321,276321,272,632,27632,63,6,1135.23,-999,2.327429869,88.18453828,45.01672224,62.71045197,22.96847046,13.58509998
21,212,21,21236,89,104,89104,8921,10421,8910421,892,1042,891042,64,6,902.41664,24.45622033,2.269160777,87.94034582,44.00131211,59.58532051,23.4479019,12.1955945
21,212,17,21237,14,52,1452,1421,5221,145221,142,522,14522,65,6,1109.9812,19.99871772,1.624030576,90.3295788,39.05656634,73.56150132,14.89010022,18.13370949
21,212,17,21237,22,75,2275,2221,7521,227521,222,752,22752,66,6,1307.83584,21.22005804,1.789874543,89.4085108,41.16758274,73.7585511,15.50899346,16.03128282
21,212,17,21237,72,77,7277,7221,7721,727721,722,772,72772,67,6,1254.9116,20.08550221,1.639425505,91.08098124,38.83167486,75.34247236,14.97691944,16.81489868
21,212,17,21237,53,58,5358,5321,5821,535821,532,582,53582,68,6,1324.31104,22.24196853,1.994678985,87.01720833,42.00903905,70.27138369,14.36501038,16.60510146
21,212,17,21237,15,3,153,1521,321,15321,152,32,1532,69,6,1075.39744,20.27259035,1.760826713,89.63607185,40.00328748,73.92695438,15.3736286,16.1787775
21,212,17,21237,77,82,7782,7721,8221,778221,772,822,77822,70,6,1066.66,20.53475052,1.683275894,90.07912973,39.70122972,74.57986282,15.86347984,16.82210587
21,212,17,21237,41,85,4185,4121,8521,418521,412,852,41852,71,6,1086.62,19.89059152,1.718807692,90.11320482,39.17936984,74.2299488,15.33149106,17.08351398
21,212,17,21237,55,10,5510,5521,1021,551021,552,102,55102,72,6,1041.39448,20.76315985,1.746902366,89.29384742,40.23324841,72.37612074,14.30283888,17.74574562
21,212,23,21238,89,91,8991,8921,9121,899121,892,912,89912,73,6,980.08304,21.36096409,1.903482173,88.13978514,41.69751816,70.69655503,16.3228333,17.71376474
21,212,23,21238,19,65,1965,1921,6521,196521,192,652,19652,74,6,1025.4672,-999,1.983278513,87.81023639,43.70196212,72.06513666,15.14444076,15.46892697
21,212,24,21238,52,5,525,5221,521,52521,522,52,5252,75,6,936.46336,21.09152294,1.931601111,89.657475,40.10801431,73.68431858,15.92587134,16.4306362
21,212,24,21238,19,30,1930,1921,3021,193021,192,302,19302,76,6,1080.06976,21.70532795,1.833095919,89.34470779,41.81073979,73.74837807,15.68811227,14.76498573
21,212,24,21238,32,8,328,3221,821,32821,322,82,3282,77,6,1170.94952,21.88038695,1.939431311,88.50431101,41.89220534,72.84440637,15.84083239,16.50371442
21,212,24,21238,8,38,838,821,3821,83821,82,382,8382,78,6,1310.0076,22.14620426,2.010941383,88.35886291,42.63440041,73.61462816,15.31509448,14.50173579
21,212,24,21238,71,33,7133,7121,3321,713321,712,332,71332,79,6,1142.57896,-999,1.937873085,88.55042319,41.78225761,72.87021896,15.56999362,17.50856151
21,212,24,21238,63,36,6336,6321,3621,633621,632,362,63362,80,6,1092.70144,21.29196706,1.799412856,89.2869613,41.80365839,73.7791567,15.50266212,15.9093932
21,212,25,21239,6,42,642,621,4221,64221,62,422,6422,81,6,1049.05416,21.3897985,2.054276043,88.96729235,42.36961406,73.42470313,17.62087108,17.91608772
21,212,25,21239,1,38,138,121,3821,13821,12,382,1382,82,6,1090.67696,20.74371993,1.747069383,90.20635426,40.78653678,74.24268473,17.45952594,18.27062978
21,212,25,21239,38,74,3874,3821,7421,387421,382,742,38742,83,6,1030.072,20.35869929,1.733526625,89.93137996,40.30123103,75.57264032,17.14345583,17.59604601
21,212,25,21239,68,23,6823,6821,2321,682321,682,232,68232,84,6,1164.13808,22.62687777,1.989546403,88.52820232,43.89882111,73.49050284,18.15751203,14.5097584
21,212,25,21239,25,17,2517,2521,1721,251721,252,172,25172,85,6,950.64096,21.54420424,1.796864737,89.40292342,41.90694501,75.42693957,17.00825594,16.82432836
21,212,25,21239,89,100,89100,8921,10021,8910021,892,1002,891002,86,6,1037.44032,21.17566524,1.765859513,87.87246276,41.99498686,73.06565097,15.49017086,16.49758982
21,212,25,21239,75,4,754,7521,421,75421,752,42,7542,87,6,1020.03984,21.10021374,1.844302196,89.26583125,41.4887136,74.57873778,16.73164466,16.65478381
21,212,25,21239,38,14,3814,3821,1421,381421,382,142,38142,88,6,964.8584,19.59407355,1.667686156,91.04696295,39.14912039,76.71061323,16.23848994,18.17299652
21,212,26,21240,44,32,4432,4421,3221,443221,442,322,44322,89,6,1027.7688,20.80219415,1.709052432,90.52063912,40.7790772,76.26892972,16.1151298,17.09343908
21,212,26,21240,31,4,314,3121,421,31421,312,42,3142,90,6,1046.72704,20.99185764,1.757444444,89.89867282,41.27180947,75.56986564,16.51994249,16.10997567
21,212,26,21240,89,102,89102,8921,10221,8910221,892,1022,891022,91,6,1192.0104,20.91048033,1.79293451,89.67720816,41.42820501,74.15206759,16.35449406,16.61451651
21,212,26,21240,87,71,8771,8721,7121,877121,872,712,87712,92,6,1086.2284,21.24293612,1.876685435,89.43289732,41.78424825,74.26476121,15.99083845,16.91571134
21,212,26,21240,40,44,4044,4021,4421,404421,402,442,40442,93,6,1016.61664,21.10810719,1.783952267,90.6688088,41.27866948,76.17047004,16.92497417,16.26282734
21,212,26,21240,50,24,5024,5021,2421,502421,502,242,50242,94,6,961.3596,19.02564639,1.625815464,92.45797258,38.46335889,78.39118094,17.19131815,18.5412326
21,212,26,21240,35,53,3553,3521,5321,355321,352,532,35532,95,6,1185.6608,21.84070419,2.074557968,88.06970602,43.08420679,72.55392406,16.14994123,16.19151648
21,212,26,21240,89,103,89103,8921,10321,8910321,892,1032,891032,96,6,1109.92424,21.63723819,1.89989749,89.79175761,41.71570567,75.33377509,17.31640783,15.75656193
21,212,17,21241,92,93,9293,9221,9321,929321,922,932,92932,97,6,1248.98312,22.79451313,1.933541457,88.84801433,43.53185298,73.58794401,14.5264768,14.97001006
21,212,17,21241,65,88,6588,6521,8821,658821,652,882,65882,98,6,1153.62,20.95354102,1.763734445,89.90055034,40.15456259,73.97143839,14.45639155,16.12410581
21,212,17,21241,91,93,9193,9121,9321,919321,912,932,91932,99,6,1113.11504,20.86784699,1.767328811,90.13688795,40.4300085,74.8753898,15.38751028,15.56387027
21,212,17,21241,24,47,2447,2421,4721,244721,242,472,24472,100,6,1083.2528,20.81817786,1.732516394,90.02347978,40.3479767,74.57216297,15.28406932,15.09786187
21,212,17,21241,61,30,6130,6121,3021,613021,612,302,61302,101,6,1209.75072,21.63024424,1.789401508,88.82956612,41.33325515,73.35111576,14.50575021,16.73745264
21,212,17,21241,29,70,2970,2921,7021,297021,292,702,29702,102,6,1070.33272,21.36938607,1.826468732,89.18798223,40.68542134,73.79843236,15.17403168,15.23435451
21,212,17,21241,40,45,4045,4021,4521,404521,402,452,40452,103,6,946.4936,21.19241776,1.820188711,88.93320144,40.693198,72.53948532,15.572608,15.72436298
21,212,17,21241,23,13,2313,2321,1321,231321,232,132,23132,104,6,1091.16096,21.11024185,1.718532074,89.16126405,40.76173473,73.57410548,15.29681077,16.16612108
21,212,27,21242,33,1,331,3321,121,33121,332,12,3312,105,6,1068.87072,21.6848479,1.821161188,88.70734129,41.75088172,72.86895188,16.19656784,17.22262804
21,212,27,21242,88,20,8820,8821,2021,882021,882,202,88202,106,6,1150.16112,20.65183512,1.636738933,90.10751442,40.88457327,72.54517987,16.24494768,19.48812513
21,212,27,21242,79,34,7934,7921,3421,793421,792,342,79342,107,6,1185.54184,21.3950305,1.786454574,88.91034599,41.71005451,73.04806342,15.7607225,17.90427628
21,212,27,21242,90,93,9093,9021,9321,909321,902,932,90932,108,6,1234.35464,20.50267665,1.598900964,90.49288603,39.73544005,74.22953545,15.52026402,18.47545731
21,212,27,21242,41,85,4185,4121,8521,418521,412,852,41852,109,6,1179.8612,19.38839929,1.543469092,91.07233627,38.74086091,74.49616773,15.50738225,18.85685388
21,212,27,21242,9,27,927,921,2721,92721,92,272,9272,110,6,1025.61808,21.66547629,1.73814543,89.14375158,41.63375533,72.53468472,16.39993027,16.73319921
21,212,27,21242,84,61,8461,8421,6121,846121,842,612,84612,111,6,1251.4412,22.12899905,1.884553928,88.02175375,43.39645919,71.2467684,16.72354299,15.91353679
21,212,27,21242,97,98,9798,9721,9821,979821,972,982,97982,112,6,1052.35928,19.16351821,1.442481314,92.54233273,37.96148419,76.13710076,15.90398383,18.15688334
21,212,27,21243,55,79,5579,5521,7921,557921,552,792,55792,113,6,1199.43192,21.35975553,1.773441649,89.35604857,42.22939033,71.62607231,17.00503892,17.29243654
21,212,27,21243,27,52,2752,2721,5221,275221,272,522,27522,114,6,1101.03328,21.52121051,1.857125802,88.89724053,41.90138035,71.97565639,16.09318758,16.83587348
21,212,27,21243,18,68,1868,1821,6821,186821,182,682,18682,115,6,1284.49792,22.57638289,1.84294896,89.21117802,42.60708525,74.02333223,16.83362302,16.08334354
21,212,27,21243,91,103,91103,9121,10321,9110321,912,1032,911032,116,6,1087.13488,21.45999875,1.869526254,89.29345411,42.11586151,73.63349762,16.14782893,17.60649836
21,212,27,21243,62,41,6241,6221,4121,624121,622,412,62412,117,6,1085.45632,20.4496647,1.646468558,90.32431703,40.15514504,74.13312932,16.81687458,18.5259611
21,212,27,21243,32,64,3264,3221,6421,326421,322,642,32642,118,6,1229.38328,21.07990054,1.763203216,89.66514295,41.57526711,73.0769726,16.28352809,17.87424702
21,212,27,21243,58,77,5877,5821,7721,587721,582,772,58772,119,6,1230.95104,20.14904011,1.653993207,90.84270572,39.73429585,74.48358222,15.82340397,18.26657193
21,212,27,21243,56,33,5633,5621,3321,563321,562,332,56332,120,6,1271.728,20.3662987,1.738149757,91.3735894,39.95704582,74.89508755,18.67764804,15.33877791
21,212,28,21244,9,63,963,921,6321,96321,92,632,9632,121,6,1270.37136,21.97205394,1.826421943,89.57099405,41.92792666,72.82258512,15.60012865,16.47890938
21,212,28,21244,22,61,2261,2221,6121,226121,222,612,22612,122,6,1381.12944,23.04153193,1.984948968,87.21747594,44.1218839,70.40431682,16.49826264,15.03031142
21,212,28,21244,21,83,2183,2121,8321,218321,212,832,21832,123,6,1141.89568,20.64169616,1.672252952,90.19694922,39.85803489,73.4911623,16.38811778,17.1407102
21,212,28,21244,104,93,10493,10421,9321,1049321,1042,932,104932,124,6,1121.15792,21.17959924,1.823087609,89.84471436,40.45479906,72.58713311,14.6896463,17.36114627
21,212,28,21244,66,67,6667,6621,6721,666721,662,672,66672,125,6,1229.60064,21.10703156,1.673882653,89.79747372,40.31459655,73.42381733,15.2174672,17.18978962
21,212,28,21244,67,65,6765,6721,6521,676521,672,652,67652,126,6,1136.63496,22.67610048,2.036505133,88.78685766,43.05943932,72.6120039,15.40053485,15.41784117
21,212,28,21244,87,73,8773,8721,7321,877321,872,732,87732,127,6,1298.87616,21.06285363,1.73161933,89.90901259,40.78929983,73.81633254,16.09697509,17.5034452
21,212,28,21244,71,44,7144,7121,4421,714421,712,442,71442,128,6,1249.60416,22.61590072,1.950877611,88.63167347,42.69771063,72.32306864,15.85493355,14.56866434
21,212,18,21245,15,3,153,1521,321,15321,152,32,1532,129,6,1212.3324,20.29573444,1.759706166,90.06569658,39.76866955,74.47922481,15.43531734,16.73474096
21,212,18,21245,72,80,7280,7221,8021,728021,722,802,72802,130,6,1344.17968,20.37803976,1.575111124,90.31601565,39.13886733,74.51770534,14.08310999,18.5246959
21,212,18,21245,4,19,419,421,1921,41921,42,192,4192,131,6,1090.94624,22.57116894,2.035010758,87.60574837,43.03648147,72.23010878,14.48095077,15.71904738
21,212,18,21245,39,19,3919,3921,1921,391921,392,192,39192,132,6,1295.20032,22.94606096,2.041088029,87.93863738,43.84073975,72.73335237,15.36748747,13.33462346
21,212,18,21245,39,17,3917,3921,1721,391721,392,172,39172,133,6,1235.84024,20.61665941,1.65506164,90.33874613,39.96328023,75.20320499,14.47097623,16.33402791
21,212,18,21245,21,45,2145,2121,4521,214521,212,452,21452,134,6,1221.8144,21.55450737,1.778696274,88.66142072,41.54728097,73.25140338,14.21466179,16.84804628
21,212,18,21245,49,45,4945,4921,4521,494521,492,452,49452,135,6,1193.58488,20.69634044,1.739114009,89.79111934,39.71679456,74.00178607,13.91417977,17.36270464
21,212,18,21245,17,7,177,1721,721,17721,172,72,1772,136,6,1230.18824,21.4019998,1.885805676,88.5743972,40.85720991,73.31720434,14.1738112,16.88328878
21,212,22,21246,15,47,1547,1521,4721,154721,152,472,15472,137,6,1095.79104,20.72239584,1.777597258,88.94941899,39.92437325,72.81597345,14.98710225,15.96504866
21,212,22,21246,26,70,2670,2621,7021,267021,262,702,26702,138,6,1079.11824,21.48607497,1.797495726,88.49943917,41.22099652,71.86198618,14.46111724,17.28514016
21,212,22,21246,104,90,10490,10421,9021,1049021,1042,902,104902,139,6,1095.392,20.38202657,1.789838171,89.63718994,39.42104312,73.50402336,14.91243363,18.09793287
21,212,22,21246,89,101,89101,8921,10121,8910121,892,1012,891012,140,6,1156.65008,20.99634918,1.989159217,89.22292294,40.23176701,72.62525587,15.38753967,16.56205274
21,212,22,21246,89,92,8992,8921,9221,899221,892,922,89922,141,6,1123.3084,22.24669968,2.084799303,88.27135312,42.91776499,72.1577248,14.82118556,15.29378142
21,212,22,21246,88,29,8829,8821,2921,882921,882,292,88292,142,6,1175.97752,20.67855385,1.757452802,89.88622392,39.70435268,74.13766544,15.27785071,17.60900063
21,212,22,21246,64,43,6443,6421,4321,644321,642,432,64432,143,6,1342.87768,21.39068971,1.902201317,89.24642644,41.02985477,73.20680503,15.02252783,16.79498703
21,212,22,21246,104,103,104103,10421,10321,10410321,1042,1032,1041032,144,6,1046.59984,21.01343967,1.840978306,89.00143288,40.1976432,73.53683534,14.72148742,16.7399693
21,212,17,21247,33,64,3364,3321,6421,336421,332,642,33642,1,8,918.28264,21.01895418,1.822639742,88.54709814,40.65372033,72.38941673,15.80467817,16.65022122
21,212,17,21247,65,51,6551,6521,5121,655121,652,512,65512,2,8,950.51344,21.71956851,1.875470188,88.19715613,41.51471464,71.14573895,15.48720975,16.63623948
21,212,17,21247,82,49,8249,8221,4921,824921,822,492,82492,3,8,920.13072,20.63289863,1.779591164,89.07192639,40.0990638,72.17514061,15.92831789,17.1718194
21,212,17,21247,89,90,8990,8921,9021,899021,892,902,89902,4,8,936.22088,19.99261486,1.693269616,89.54230163,39.83804205,72.42837666,15.81620286,17.93363649
21,212,17,21247,23,87,2387,2321,8721,238721,232,872,23872,5,8,858.72992,21.46403192,1.827692288,88.02772693,41.77467016,71.71362663,15.85653684,15.2740354
21,212,17,21247,64,43,6443,6421,4321,644321,642,432,64432,6,8,971.00384,20.44420122,1.664716958,89.83652807,39.37705684,74.08346126,14.75767908,17.30296502
21,212,17,21247,18,3,183,1821,321,18321,182,32,1832,7,8,973.44296,21.19409073,1.771104644,88.6234642,40.99749923,72.20807214,14.84851648,16.46902131
21,212,17,21247,96,97,9697,9621,9721,969721,962,972,96972,8,8,839.35936,21.00713164,1.748940023,89.07254664,40.75491418,73.25292458,15.862819,15.23696284
21,212,19,21248,25,19,2519,2521,1921,251921,252,192,25192,9,8,764.94832,23.94466594,2.995894862,87.14932224,45.12880604,64.59114338,23.73634801,11.45019447
21,212,19,21248,37,26,3726,3721,2621,372621,372,262,37262,10,8,891.5432,23.02998482,2.273528292,89.09587493,42.2908992,64.78689027,22.97585704,9.255827798
21,212,19,21248,2,50,250,221,5021,25021,22,502,2502,11,8,782.83888,21.69175091,2.091247787,88.31956733,38.9147993,63.90318342,23.60633171,16.17366265
21,212,19,21248,11,72,1172,1121,7221,117221,112,722,11722,12,8,1049.4584,22.81712051,1.763153013,91.38586892,40.98012934,63.88073028,22.38121619,11.30926526
21,212,19,21248,16,29,1629,1621,2921,162921,162,292,16292,13,8,1116.06656,23.76805895,2.223952613,88.58943089,41.69878931,65.0363715,22.51191695,12.84580091
21,212,19,21248,22,54,2254,2221,5421,225421,222,542,22542,14,8,1059.02688,23.66026738,2.326402334,89.94609991,42.50792297,64.92283906,22.30809085,14.02386156
21,212,19,21248,90,92,9092,9021,9221,909221,902,922,90922,15,8,866.80656,23.23563753,2.009936393,88.34103177,41.44029966,68.2941028,23.18574608,13.91763113
21,212,19,21248,104,93,10493,10421,9321,1049321,1042,932,104932,16,8,1069.46768,23.23117179,1.803594159,89.86102243,41.4417374,62.74288818,21.52049321,15.73134675
21,212,19,21249,38,52,3852,3821,5221,385221,382,522,38522,17,8,958.21248,22.90373856,1.766102096,90.60773885,40.32128763,63.03779129,22.11307179,14.61878728
21,212,19,21249,75,39,7539,7521,3921,753921,752,392,75392,18,8,1032.0408,23.71814184,1.965600391,90.22440015,41.2485404,64.27134629,22.59117244,9.083933102
21,212,19,21249,50,47,5047,5021,4721,504721,502,472,50472,19,8,1115.48928,23.90859408,1.970718979,91.47234132,41.78588399,63.09461601,22.48067773,11.08085067
21,212,19,21249,104,92,10492,10421,9221,1049221,1042,922,104922,20,8,994.4304,-999,2.5775478,85.913722,43.57479078,66.95346689,22.83233857,13.53008708
21,212,19,21249,86,40,8640,8621,4021,864021,862,402,86402,21,8,1096.74768,23.70271099,2.217385432,90.10749794,41.47847484,65.81346705,22.91984662,13.38353088
21,212,19,21249,36,5,365,3621,521,36521,362,52,3652,22,8,1093.1552,24.20666809,2.098643075,90.49607093,41.73777009,67.36229171,23.94531272,13.05404565
21,212,19,21249,42,26,4226,4221,2621,422621,422,262,42262,23,8,1093.58232,-999,2.227997339,88.83188736,41.67916898,65.44969855,21.22460746,10.81836629
21,212,19,21249,100,101,100101,10021,10121,10010121,1002,1012,1001012,24,8,1096.7696,23.97732865,2.195737632,90.28910014,44.36330094,63.1202255,20.4101487,10.76394534
21,212,19,21250,49,77,4977,4921,7721,497721,492,772,49772,25,8,1041.10816,22.42191673,1.925712958,91.95600663,40.62838958,67.28721234,21.33753566,10.22466415
21,212,19,21250,88,42,8842,8821,4221,884221,882,422,88422,26,8,915.1424,22.97470151,2.115807312,91.3645093,41.89180163,62.79224379,22.45972887,13.6636635
21,212,19,21250,17,51,1751,1721,5121,175121,172,512,17512,27,8,958.1208,23.28361448,2.225447242,90.10997311,40.00910583,65.58547322,22.21289962,9.13835755
21,212,19,21250,50,82,5082,5021,8221,508221,502,822,50822,28,8,782.16336,21.91173271,1.863188027,91.14289989,39.11247455,65.93922892,22.57351967,15.87175123
21,212,19,21250,89,90,8990,8921,9021,899021,892,902,89902,29,8,905.68704,22.87583761,1.875233526,90.33314616,40.67649786,63.55464484,21.42801527,16.67185664
21,212,19,21250,31,61,3161,3121,6121,316121,312,612,31612,30,8,1057.92496,22.66060885,1.622051833,91.63114786,40.18671034,63.54199496,22.32752027,16.39398246
21,212,19,21250,99,101,99101,9921,10121,9910121,992,1012,991012,31,8,928.39728,23.75650148,2.04295183,90.07600756,41.92936587,63.10647721,22.39993644,10.26972954
21,212,19,21250,10,41,1041,1021,4121,104121,102,412,10412,32,8,980.8944,22.19946737,1.725040395,91.14378494,40.47944364,60.27608001,22.1154885,17.81256291
21,212,17,21251,48,74,4874,4821,7421,487421,482,742,48742,33,8,919.48424,20.02252103,1.708323,89.74722624,39.93466503,72.7281816,15.42783417,16.92483142
21,212,17,21251,12,84,1284,1221,8421,128421,122,842,12842,34,8,1064.42048,20.96056658,1.812826278,89.82507975,40.75774167,73.91684246,16.13977026,14.76232551
21,212,17,21251,92,96,9296,9221,9621,929621,922,962,92962,35,8,1124.116,21.8104087,1.880112623,88.50752013,42.30147134,73.09998137,16.13056016,13.0315003
21,212,17,21251,92,94,9294,9221,9421,929421,922,942,92942,36,8,1062.128,23.39782229,2.236592842,87.59235555,44.45580475,71.58123525,15.38991703,13.15423463
21,212,17,21251,23,60,2360,2321,6021,236021,232,602,23602,37,8,943.88376,20.62428095,1.791661099,88.75568641,40.53731405,72.60051784,15.65353205,16.14034724
21,212,17,21251,14,63,1463,1421,6321,146321,142,632,14632,38,8,1027.88368,19.85597491,1.635863562,90.61366049,39.3685947,73.7204926,15.44808623,17.09112994
21,212,17,21251,56,83,5683,5621,8321,568321,562,832,56832,39,8,912.99384,19.47879497,1.65309424,90.78992082,38.80514486,75.11404292,15.43489846,16.59966132
21,212,17,21251,3,23,323,321,2321,32321,32,232,3232,40,8,1059.89952,21.12138014,1.852393962,89.07782175,40.84919159,74.16447534,14.90987068,15.62467218
21,212,19,21252,25,67,2567,2521,6721,256721,252,672,25672,41,8,852.02,23.03015338,1.943062059,89.45530509,40.08473194,65.99590514,21.87807118,13.38393842
21,212,19,21252,41,86,4186,4121,8621,418621,412,862,41862,42,8,811.07328,22.8151857,1.870663791,91.62873149,39.59119074,64.22243804,21.92959371,15.60124198
21,212,19,21252,63,66,6366,6321,6621,636621,632,662,63662,43,8,949.4272,-999,1.957962623,89.82521009,40.42750381,65.34574844,22.12442325,15.43142187
21,212,19,21252,6,88,688,621,8821,68821,62,882,6882,44,8,954.7712,24.57718764,2.015566504,90.11904578,42.54957223,60.77064076,22.15761219,14.54162814
21,212,19,21252,104,102,104102,10421,10221,10410221,1042,1022,1041022,45,8,1060.81968,23.9391231,2.021025871,90.66193681,40.92664488,62.59270265,22.75301185,9.455788255
21,212,19,21252,28,34,2834,2821,3421,283421,282,342,28342,46,8,1086.4256,22.07337043,2.034805195,88.86258063,40.43659984,65.58194704,21.70894204,12.10661086
21,212,19,21252,68,46,6846,6821,4621,684621,682,462,68462,47,8,1001.8392,24.28717807,2.164777855,90.82216696,45.20767128,64.27435908,22.73892405,13.30414426
21,212,19,21252,35,42,3542,3521,4221,354221,352,422,35422,48,8,1018.52736,-999,1.939699648,90.05871462,43.84191665,61.25173589,23.11163912,8.43279901
21,212,20,21253,31,75,3175,3121,7521,317521,312,752,31752,49,8,1136.99376,22.82852044,2.344540709,90.22445499,44.68927405,64.83305025,20.37193304,14.16925978
21,212,20,21253,21,55,2155,2121,5521,215521,212,552,21552,50,8,969.45136,22.53948355,2.123009173,89.76306863,45.18652278,63.98083538,22.64046973,10.1833672
21,212,20,21253,98,102,98102,9821,10221,9810221,982,1022,981022,51,8,1024.88032,23.05533676,2.503473937,90.17687663,41.83372869,70.1815719,20.34099733,12.30626177
21,212,20,21253,96,98,9698,9621,9821,969821,962,982,96982,52,8,905.44272,23.37396773,2.729757916,89.32621743,42.04976819,62.71508682,19.82503358,17.23233188
21,212,20,21253,49,55,4955,4921,5521,495521,492,552,49552,53,8,951.6928,23.76484597,2.454279866,90.89770647,43.42157364,62.17576253,21.4014046,12.05831605
21,212,20,21253,20,29,2029,2021,2921,202921,202,292,20292,54,8,919.28112,23.28850525,2.487070273,89.26836275,39.99353218,62.76586822,19.4265903,20.79370476
21,212,20,21253,50,81,5081,5021,8121,508121,502,812,50812,55,8,881.8232,21.94648909,2.061824987,90.84725979,39.78944393,62.80672592,18.67429581,19.65411502
21,212,21,21253,49,69,4969,4921,6921,496921,492,692,49692,56,8,984.62384,-999,2.161985527,90.68628568,39.54236308,67.10474054,21.32021675,15.49412453
21,212,21,21254,54,67,5467,5421,6721,546721,542,672,54672,57,8,1024.71728,23.14692399,2.060144079,86.95081852,41.65762634,64.547983,20.07365107,16.3525797
21,212,21,21254,45,69,4569,4521,6921,456921,452,692,45692,58,8,950.78048,24.41688167,2.352590006,88.41405071,42.89186507,60.84468815,20.59566351,15.88548892
21,212,21,21254,96,98,9698,9621,9821,969821,962,982,96982,59,8,847.956,23.95214082,2.34375662,88.31946467,41.77962772,62.30660378,23.16778347,15.19583188
21,212,21,21254,75,54,7554,7521,5421,755421,752,542,75542,60,8,1081.94864,23.36983646,2.270007973,87.48859145,42.27465922,63.50910681,21.65166889,18.56036488
21,212,21,21254,7,6,76,721,621,7621,72,62,762,61,8,986.96016,24.59595684,2.431593555,86.89961339,41.7138939,62.55496533,22.29652097,14.79799997
21,212,21,21254,18,24,1824,1821,2421,182421,182,242,18242,62,8,879.7272,22.87509403,1.868269402,89.50058005,40.58578783,61.00574583,23.10766602,18.71070385
21,212,21,21254,54,67,5467,5421,6721,546721,542,672,54672,63,8,964.7504,24.38438543,2.317251136,85.98045891,42.43382578,64.52754907,23.40291677,8.583238328
21,212,21,21254,76,80,7680,7621,8021,768021,762,802,76802,64,8,808.42112,22.29285375,1.867724006,88.60278345,39.29664541,65.03549682,24.06622658,16.46701794
21,212,17,21255,51,6,516,5121,621,51621,512,62,5162,65,8,1006.22032,20.58432785,1.708777294,89.79017137,40.0001662,73.12101781,14.94476654,18.01006543
21,212,17,21255,49,10,4910,4921,1021,491021,492,102,49102,66,8,897.7304,19.42984043,1.684317535,90.89667573,38.59240394,74.5020259,15.17153536,17.10524287
21,212,17,21255,73,56,7356,7321,5621,735621,732,562,73562,67,8,984.23264,19.80011489,1.660444227,91.22165241,38.55393528,75.40570533,15.90569783,16.49063758
21,212,17,21255,18,47,1847,1821,4721,184721,182,472,18472,68,8,1040.67944,20.20218955,1.74840036,90.29681501,39.38493293,74.89775797,15.00465196,16.21819476
21,212,17,21255,61,54,6154,6121,5421,615421,612,542,61542,69,8,1187.04152,21.45574065,1.915413757,88.82125678,41.47536465,72.90553275,14.76696211,15.37836971
21,212,17,21255,90,91,9091,9021,9121,909121,902,912,90912,70,8,1016.6072,19.98082068,1.69295023,90.6473939,39.27088418,74.90696348,14.44228721,17.23887681
21,212,17,21255,17,6,176,1721,621,17621,172,62,1762,71,8,940.356,20.19611846,1.690273569,90.56485782,38.9958313,74.53694214,14.39167777,18.26585321
21,212,17,21255,70,72,7072,7021,7221,707221,702,722,70722,72,8,973.58224,20.68583843,1.704413702,89.93834653,39.69667962,74.03319545,14.1906467,17.79034248
21,212,23,21256,5,59,559,521,5921,55921,52,592,5592,73,8,839.9152,21.84123369,2.123434614,86.57139508,42.67206681,69.18426941,16.49628273,14.43213914
21,212,23,21256,23,71,2371,2321,7121,237121,232,712,23712,74,8,997.32624,21.2565258,2.009032776,87.95059087,42.13617388,68.8369234,16.75254431,18.49190522
21,212,24,21256,32,78,3278,3221,7821,327821,322,782,32782,76,8,946.64384,20.23947838,1.614696505,88.63860832,42.19608264,70.91346168,13.89311434,18.53051533
21,212,24,21256,81,10,8110,8121,1021,811021,812,102,81102,77,8,903.2744,20.9737645,1.854138527,88.22697823,40.69391756,71.69950915,15.32512863,16.99206497
21,212,24,21256,48,73,4873,4821,7321,487321,482,732,48732,78,8,826.85232,20.08691719,1.826088741,89.33648066,40.44562403,72.93412715,15.79434555,18.66441739
21,212,24,21256,89,103,89103,8921,10321,8910321,892,1032,891032,79,8,865.59424,19.85144682,1.739588039,89.98304394,39.01760688,74.4094037,15.94877306,16.73677454
21,212,24,21256,45,34,4534,4521,3421,453421,452,342,45342,80,8,895.76848,20.57654301,1.815558108,89.21359869,40.47714118,72.67623054,14.91823871,17.34046956
21,212,25,21257,62,40,6240,6221,4021,624021,622,402,62402,81,8,784.73408,20.61850428,1.947589393,88.79876496,41.15237804,72.1221133,16.4728933,17.42415532
21,212,25,21257,82,55,8255,8221,5521,825521,822,552,82552,82,8,759.4176,20.91717495,2.063984436,88.5122752,41.62758628,73.86572754,16.92863938,16.25118568
21,212,25,21257,2,13,213,221,1321,21321,22,132,2132,84,8,957.20656,20.86496807,1.758382967,89.25790315,40.33685888,73.47594234,15.71736042,18.92156165
21,212,25,21257,97,101,97101,9721,10121,9710121,972,1012,971012,85,8,1055.5376,21.73380965,1.766935637,89.39226132,41.49585033,74.56452653,16.37349248,17.04669642
21,212,25,21257,49,81,4981,4921,8121,498121,492,812,49812,86,8,887.0072,19.66447537,1.689758357,90.28309934,39.39624983,74.88691588,16.65149577,18.5147951
21,212,25,21257,61,39,6139,6121,3921,613921,612,392,61392,87,8,1016.19792,20.96368886,1.891437934,89.17268903,41.37060859,73.33947961,16.6023082,17.28563806
21,212,25,21257,27,63,2763,2721,6321,276321,272,632,27632,88,8,988.3488,21.81519937,1.921742003,89.57785342,42.59462397,74.45145898,17.29441452,15.15443205
21,212,26,21258,47,3,473,4721,321,47321,472,32,4732,89,8,1177.75296,21.78319614,2.055587777,87.80424109,42.78919223,72.22601288,16.16893503,16.58839275
21,212,26,21258,83,81,8381,8321,8121,838121,832,812,83812,90,8,971.84432,19.92667377,1.767226428,90.17720509,39.6539388,75.79856343,16.58899454,17.66368074
21,212,26,21258,42,29,4229,4221,2921,422921,422,292,42292,91,8,946.49184,20.86646644,1.869394554,89.77543494,40.86884564,74.16587352,16.98437647,16.32319211
21,212,26,21258,77,83,7783,7721,8321,778321,772,832,77832,92,8,1010.61448,20.74644355,1.860896897,89.94592763,40.62662793,74.92045264,16.60534549,16.51924886
21,212,26,21258,16,42,1642,1621,4221,164221,162,422,16422,93,8,1074.47328,20.51350756,1.860713108,90.5825881,40.33270111,76.81642552,17.756902,15.35730254
21,212,26,21258,34,85,3485,3421,8521,348521,342,852,34852,94,8,1082.0696,21.24702017,1.955482243,88.96646856,41.82367727,73.19532947,17.43970969,15.71893994
21,212,26,21258,70,11,7011,7021,1121,701121,702,112,70112,95,8,1005.93664,20.38128445,1.820671188,90.60967956,39.97781788,75.04894818,16.40709628,17.08458955
21,212,26,21258,58,72,5872,5821,7221,587221,582,722,58722,96,8,1202.3796,21.00445341,1.730894276,89.61693861,40.8839786,72.91104302,14.99194355,17.74095266
21,212,17,21259,99,102,99102,9921,10221,9910221,992,1022,991022,97,8,1007.04512,20.40847835,1.691177007,90.42247728,39.03997509,75.5495603,15.06914705,16.57455209
21,212,17,21259,17,65,1765,1721,6521,176521,172,652,17652,98,8,1201.6204,22.04909401,1.939198968,88.71998061,41.38326031,73.24003469,13.53511189,16.34735292
21,212,17,21259,71,64,7164,7121,6421,716421,712,642,71642,99,8,1041.02264,20.67030889,1.776060604,89.87078158,39.57571226,73.93131354,14.91114067,16.35695258
21,212,17,21259,78,9,789,7821,921,78921,782,92,7892,100,8,974.59576,20.69984224,1.780615951,89.74764044,40.09465985,74.26614488,14.75172268,16.49183302
21,212,17,21259,47,68,4768,4721,6821,476821,472,682,47682,101,8,1142.27616,21.35606494,1.84032172,88.69686944,41.33161309,73.57190097,14.37514675,14.20578235
21,212,17,21259,59,12,5912,5921,1221,591221,592,122,59122,102,8,1180.09128,20.32950939,1.687447631,90.08098247,39.90871194,73.85630039,15.01112124,15.64955248
21,212,17,21259,31,4,314,3121,421,31421,312,42,3142,103,8,981.15128,20.89211571,1.788808956,89.18203361,40.29488616,73.27880689,15.43404623,14.91272797
21,212,17,21259,38,14,3814,3821,1421,381421,382,142,38142,104,8,986.59928,19.61527744,1.632144931,90.91446518,39.15968817,76.03295474,15.31406228,16.83166587
21,212,27,21260,81,10,8110,8121,1021,811021,812,102,81102,105,8,1132.63928,19.26930686,1.708169543,90.80590429,38.7612826,74.21377964,15.8594224,19.51819023
21,212,27,21260,32,8,328,3221,821,32821,322,82,3282,106,8,1173.56448,21.15242385,1.740257007,89.55044815,41.20707398,73.83469935,16.02185393,18.14656492
21,212,27,21260,87,13,8713,8721,1321,871321,872,132,87132,107,8,1082.0632,21.02769019,1.759218407,89.49967256,41.0733656,72.58631481,16.13681409,17.5094376
21,212,27,21260,10,62,1062,1021,6221,106221,102,622,10622,108,8,1010.36592,20.04635923,1.689015268,89.98578486,39.64145865,73.94507393,15.30691734,19.47754016
21,212,27,21260,33,1,331,3321,121,33121,332,12,3312,110,8,1107.4888,20.84516639,1.820435402,89.31508955,41.28399106,72.54413635,15.86288595,18.40941211
21,212,27,21260,87,57,8757,8721,5721,875721,872,572,87572,111,8,1103.4608,-999,1.673157011,89.32645585,41.5298445,73.3431217,16.4312065,17.76272443
21,212,27,21260,69,10,6910,6921,1021,691021,692,102,69102,112,8,1034.88264,20.51140069,1.790322116,90.41224875,39.95742934,73.83825715,16.09821644,17.21095856
21,212,27,21261,63,66,6366,6321,6621,636621,632,662,63662,113,8,1212.05904,20.74836113,1.743007965,89.92687509,40.29681815,73.20863587,15.95435301,18.43116585
21,212,27,21261,64,48,6448,6421,4821,644821,642,482,64482,114,8,1115.32304,20.90009236,1.847509632,89.70724604,40.83943992,73.79714556,15.74069992,17.53985582
21,212,27,21261,61,19,6119,6121,1921,611921,612,192,61192,115,8,1244.396,22.27858638,1.922417098,88.71422808,43.14922004,72.35135646,16.36835212,15.49934021
21,212,27,21261,78,14,7814,7821,1421,781421,782,142,78142,116,8,1161.03824,21.12771207,1.776532345,89.8368267,41.73471635,73.57300463,16.48575275,17.82386515
21,212,27,21261,8,14,814,821,1421,81421,82,142,8142,117,8,1263.9568,21.275472,1.890245992,89.5407871,41.50737059,73.74250387,15.69490146,18.32530414
21,212,27,21261,83,55,8355,8321,5521,835521,832,552,83552,118,8,1136.20232,21.11967561,1.767848393,89.69915627,40.69297388,72.78765917,16.27674288,18.62035899
21,212,27,21261,32,1,321,3221,121,32121,322,12,3212,119,8,1215.10592,21.18368473,1.860916786,89.73863623,40.8650736,72.42140902,15.81080145,18.96083576
21,212,27,21261,82,21,8221,8221,2121,822121,822,212,82212,120,8,977.58272,20.91800308,1.848183614,89.75555625,40.31096011,73.19140603,14.89493887,18.31863744
21,212,28,21262,30,67,3067,3021,6721,306721,302,672,30672,121,8,1007.25472,21.17228572,1.764045578,90.30056979,40.08071284,74.06902537,15.69818115,17.74577701
21,212,28,21262,88,16,8816,8821,1621,881621,882,162,88162,122,8,1082.32824,20.96707759,1.792722978,89.13909094,40.46660919,72.47196432,14.74598757,17.5106761
21,212,28,21262,35,37,3537,3521,3721,353721,352,372,35372,123,8,887.07008,20.7999263,1.876230317,88.12052669,40.24729476,71.24430196,15.70294957,16.63559759
21,212,28,21262,89,104,89104,8921,10421,8910421,892,1042,891042,124,8,992.23728,21.43108499,1.959710253,88.98110375,40.13380792,71.47951368,14.67261315,16.27013641
21,212,28,21262,46,13,4613,4621,1321,461321,462,132,46132,125,8,1024.06856,20.67968406,1.770820255,90.09663042,39.83750098,73.98141458,15.70341783,16.66809264
21,212,28,21262,89,101,89101,8921,10121,8910121,892,1012,891012,126,8,1093.09152,21.87094761,1.835025286,89.52882656,40.83508129,73.01305355,15.20166547,16.33187023
21,212,28,21262,65,7,657,6521,721,65721,652,72,6572,127,8,1341.84784,22.47542795,1.966858865,88.194869,42.80665257,72.0427226,15.33230671,15.95150359
21,212,28,21262,53,75,5375,5321,7521,537521,532,752,53752,128,8,1246.36144,21.20926883,1.78618866,89.70159021,41.01795522,73.23649193,15.68115483,16.18328783
21,212,18,21263,87,57,8757,8721,5721,875721,872,572,87572,129,8,1236.43848,22.65055357,2.023519771,88.05297612,42.65629899,73.12814175,14.21040189,16.18606573
21,212,18,21263,1,43,143,121,4321,14321,12,432,1432,130,8,1166.98512,21.06187325,1.82517875,89.82116807,40.38707168,74.77746235,14.53070054,16.17356588
21,212,18,21263,74,59,7459,7421,5921,745921,742,592,74592,131,8,1112.00576,21.24893794,1.783941305,88.86191148,40.3059103,72.60634159,13.36558951,17.54847503
21,212,18,21263,36,12,3612,3621,1221,361221,362,122,36122,132,8,1233.9088,20.85479747,1.813424444,89.65635616,40.07775728,74.44819583,14.93906163,14.60199626
21,212,18,21263,9,14,914,921,1421,91421,92,142,9142,133,8,1065.87464,19.90376226,1.720537813,90.2981223,38.7667625,74.41806467,14.68913387,18.05810631
21,212,18,21263,34,41,3441,3421,4121,344121,342,412,34412,134,8,1078.31472,20.56661418,1.715218231,90.34198946,39.14909033,75.22696611,13.5021695,17.92825372
21,212,18,21263,46,13,4613,4621,1321,461321,462,132,46132,135,8,1018.6984,20.32034586,1.737482953,89.43365274,39.62145039,73.73043746,14.6764617,16.80221129
21,212,18,21263,92,95,9295,9221,9521,929521,922,952,92952,136,8,949.23552,20.06023907,1.670811394,90.72797221,38.88404766,74.81193131,14.56399433,17.1274524
21,212,22,21264,88,29,8829,8821,2921,882921,882,292,88292,137,8,1125.82888,21.28454171,1.755644453,89.29212457,40.95099036,73.44254679,14.60157597,15.04099143
21,212,22,21264,18,68,1868,1821,6821,186821,182,682,18682,138,8,1295.88392,21.94352917,1.856383457,88.87388656,42.15398386,73.80420591,15.55098677,13.83743158
21,212,22,21264,95,99,9599,9521,9921,959921,952,992,95992,139,8,972.95264,20.21301387,1.666097857,90.13656649,39.35017729,74.54638483,15.48744546,15.35432686
21,212,22,21264,30,31,3031,3021,3121,303121,302,312,30312,140,8,1050.80984,20.71320731,1.78460729,89.88834074,39.77922393,74.79857102,15.60711378,15.00038458
21,212,22,21264,54,30,5430,5421,3021,543021,542,302,54302,141,8,1085.81048,21.98980728,2.010672565,87.80995576,41.89115093,72.39802716,15.03981291,15.76606245
21,212,22,21264,1,78,178,121,7821,17821,12,782,1782,142,8,1108.14528,21.02214891,1.73319746,89.1981586,40.48605065,73.60372516,15.44049871,16.19879104
21,212,22,21264,28,62,2862,2821,6221,286221,282,622,28622,143,8,995.56384,20.16507634,1.778561715,89.95006895,39.11081144,74.29207862,15.13831856,17.47687107
21,212,22,21264,71,44,7144,7121,4421,714421,712,442,71442,144,8,1077.06544,21.99719005,1.993280323,88.72754546,42.11430212,73.51569263,15.30464585,15.69607322
22,221,29,2211,48,14,4814,4822,1422,481422,481,141,48141,1,1,745.8982074,25.54157373,2.965026246,81.19277182,48.25153865,62.77570873,12.45831919,15.0305138
22,221,29,2211,19,65,1965,1922,6522,196522,191,651,19651,2,1,915.7383259,28.11314424,3.316901958,80.15077441,50.91958644,60.94468618,12.09686404,12.82264077
22,221,29,2211,78,27,7827,7822,2722,782722,781,271,78271,3,1,893.6597037,27.85477201,3.309038597,80.14050939,50.84957495,61.58338834,12.25142356,13.14981882
22,221,29,2211,7,35,735,722,3522,73522,71,351,7351,4,1,750.8928593,25.76519996,2.729894367,82.07595148,47.74606496,63.40238881,12.55045376,15.41283828
22,221,29,2211,24,47,2447,2422,4722,244722,241,471,24471,5,1,916.0660889,25.99712688,2.916995409,81.74272452,48.93759518,63.13024142,10.78613473,15.94640906
22,221,29,2211,1,48,148,122,4822,14822,11,481,1481,6,1,795.2231852,25.66078914,2.830731161,82.20988077,48.46973269,62.78686437,9.763683068,16.18537138
22,221,29,2211,2,23,223,222,2322,22322,21,231,2231,7,1,977.5204548,25.5502209,2.543189766,82.67138402,48.98303539,63.44046126,10.57701361,16.29637478
22,221,29,2211,71,44,7144,7122,4422,714422,711,441,71441,8,1,911.8452859,26.30077602,2.820637849,82.72697989,48.72386004,63.17043797,9.529419683,16.60483233
22,221,29,2212,16,29,1629,1622,2922,162922,161,291,16291,9,1,1109.603185,26.90918552,3.153833006,80.9096558,49.54793637,63.3932172,12.10095585,15.23922467
22,221,29,2212,23,71,2371,2322,7122,237122,231,711,23711,10,1,911.0247948,26.88392149,3.097426312,81.04060973,49.32080992,63.49835674,12.441382,14.84585875
22,221,29,2212,38,74,3874,3822,7422,387422,381,741,38741,11,1,841.2189481,26.08239362,2.808729334,82.17715456,48.50827795,64.10853593,12.0092882,15.32070918
22,221,29,2212,50,81,5081,5022,8122,508122,501,811,50811,12,1,859.5652667,25.25691201,2.721305859,82.5342808,47.27602551,66.16739026,12.56568966,15.81997192
22,221,29,2212,59,12,5912,5922,1222,591222,591,121,59121,13,1,1140.669037,26.75243671,2.87969494,82.31728148,49.5949917,64.07216567,9.870169176,15.31954203
22,221,29,2212,31,61,3161,3122,6122,316122,311,611,31611,14,1,1120.749333,25.04466127,2.574031119,83.62659851,47.10327518,66.29071684,9.868825335,16.39156319
22,221,29,2212,46,48,4648,4622,4822,464822,461,481,46481,15,1,747.7060296,26.25030104,2.609976229,83.5829561,47.87992841,66.92533187,12.35935922,13.60105799
22,221,29,2212,61,30,6130,6122,3022,613022,611,301,61301,16,1,954.5719704,26.47978056,2.781737323,82.59263712,48.92554794,64.61894715,10.69575782,14.06527798
22,221,29,2213,2,60,260,222,6022,26022,21,601,2601,17,1,881.4191037,25.9764111,2.694358146,83.03550898,48.3806382,66.11289978,10.42582837,15.20755327
22,221,29,2213,76,80,7680,7622,8022,768022,761,801,76801,18,1,922.4834222,25.03044805,2.608024991,83.42632394,47.21475854,66.16370678,10.24573495,16.96884056
22,221,29,2213,68,46,6846,6822,4622,684622,681,461,68461,19,1,1122.843622,26.09656349,2.485423139,84.43749438,48.09517432,68.41907549,10.63645868,15.25963383
22,221,29,2213,40,45,4045,4022,4522,404522,401,451,40451,20,1,682.6592444,25.81318743,2.361488387,84.50124333,46.84497882,67.70067162,11.10198769,15.57693502
22,221,29,2213,35,53,3553,3522,5322,355322,351,531,35531,21,1,1112.551215,24.76951639,2.675005766,83.49639391,46.97150106,66.00764941,11.05982899,16.83928381
22,221,29,2213,18,47,1847,1822,4722,184722,181,471,18471,22,1,1031.808185,25.43263313,2.776299397,83.19191795,47.6296315,65.22307883,12.6089784,15.053962
22,221,29,2213,77,82,7782,7722,8222,778222,771,821,77821,23,1,953.9440296,25.58423158,2.492737553,84.52213356,47.05270442,67.83639074,11.23278494,15.89913624
22,221,29,2213,87,57,8757,8722,5722,875722,871,571,87571,24,1,1017.710074,25.85555252,2.890688414,82.27555756,48.58698522,64.22699594,12.41666179,15.30888726
22,221,29,2214,89,104,89104,8922,10422,8910422,891,1041,891041,25,1,865.7700148,23.98608934,2.414498375,84.68411553,45.35330378,67.11970672,12.54927524,17.10705982
22,221,29,2214,14,36,1436,1422,3622,143622,141,361,14361,26,1,1006.957704,-999,2.092664633,86.83189899,44.4953045,68.84051774,13.93004712,14.84358821
22,221,29,2214,75,39,7539,7522,3922,753922,751,391,75391,27,1,1060.766741,25.7200809,2.771191892,82.73827232,47.86580241,64.1061314,11.74833466,16.82742473
22,221,29,2214,35,29,3529,3522,2922,352922,351,291,35291,28,1,1042.283111,25.81962518,2.875507512,82.57723614,47.91636057,64.86423774,11.18483359,16.32231937
22,221,29,2214,34,40,3440,3422,4022,344022,341,401,34401,29,1,984.9553259,27.21592159,2.999842063,81.40472496,49.32481093,61.97358096,13.8950639,14.04481787
22,221,29,2214,37,58,3758,3722,5822,375822,371,581,37581,30,1,1240.151452,26.24793403,3.013727067,82.36989842,48.52475576,63.15298739,12.53766938,14.85545582
22,221,29,2214,46,57,4657,4622,5722,465722,461,571,46571,31,1,860.8812963,24.69555775,2.737771308,82.94588011,46.77766267,64.45848206,13.72865861,15.66016469
22,221,29,2214,11,76,1176,1122,7622,117622,111,761,11761,32,1,953.2677926,24.32802029,2.665563219,83.68539799,46.20674704,64.90054424,13.0131449,16.42343991
22,221,29,2215,42,26,4226,4222,2622,422622,421,261,42261,33,1,859.9457111,25.25019788,2.735844898,83.19822561,47.43718916,65.85427638,10.53263313,15.92803447
22,221,29,2215,48,74,4874,4822,7422,487422,481,741,48741,34,1,875.2386074,23.92162784,2.412979561,84.47692252,45.37527559,67.98040519,10.24193366,18.01927415
22,221,29,2215,100,101,100101,10022,10122,10010122,1001,1011,1001011,35,1,1057.670519,25.01673836,2.717788175,83.34935678,47.42602905,66.44344099,10.80242878,16.04984343
22,221,29,2215,65,7,657,6522,722,65722,651,71,6571,36,1,1288.057481,26.05232937,2.8617885,82.68182137,48.0769598,64.68098725,9.322908864,16.98788999
22,221,29,2215,84,61,8461,8422,6122,846122,841,611,84611,37,1,1133.004667,25.91010465,2.840082049,82.70602006,48.26795783,65.30434339,12.11531559,15.41180236
22,221,29,2215,16,42,1642,1622,4222,164222,161,421,16421,38,1,969.782037,25.43462879,2.473719828,84.3605001,47.36235566,67.16686698,12.26764206,15.74585503
22,221,29,2215,34,62,3462,3422,6222,346222,341,621,34621,39,1,990.6412741,26.4460911,2.843318577,82.48075984,48.95763095,65.2143977,11.30502074,15.01457307
22,221,29,2215,19,30,1930,1922,3022,193022,191,301,19301,40,1,912.7049185,26.43330443,2.547067292,83.72641659,48.77477563,65.73630793,11.81574199,14.83330072
22,221,29,2216,65,88,6588,6522,8822,658822,651,881,65881,41,1,883.1097037,26.23712564,2.84835922,82.46081483,47.49306558,67.24133338,11.35876518,14.07159063
22,221,29,2216,27,63,2763,2722,6322,276322,271,631,27631,42,1,910.3928741,25.76604842,2.736803884,82.87284965,46.63082843,67.08012782,11.4825182,14.78530946
22,221,29,2216,21,45,2145,2122,4522,214522,211,451,21451,43,1,1005.018148,25.79841584,2.835025212,82.30743494,47.27488206,65.78701259,10.75963574,15.83892105
22,221,29,2216,62,40,6240,6222,4022,624022,621,401,62401,44,1,826.0765407,25.99266453,2.784491831,81.39280941,47.77055329,64.09917771,11.40832776,14.35723008
22,221,29,2216,22,75,2275,2222,7522,227522,221,751,22751,45,1,1136.196222,25.62126525,2.651746559,83.1325046,47.73311496,64.86281437,10.56260818,17.11767915
22,221,29,2216,45,69,4569,4522,6922,456922,451,691,45691,46,1,859.8724296,26.70133423,2.931278815,81.87698552,49.09543898,63.76496016,12.05007547,14.82101702
22,221,29,2216,72,76,7276,7222,7622,727622,721,761,72761,47,1,1018.87997,25.53684575,2.719872101,82.98015613,47.62228135,64.78792052,10.97811403,16.98778863
22,221,29,2216,73,56,7356,7322,5622,735622,731,561,73561,48,1,916.5911852,25.2159954,2.721517618,83.36694639,47.56771782,65.14048265,11.72254964,16.77089051
22,221,30,2217,44,32,4432,4422,3222,443222,441,321,44321,49,1,981.853963,26.90261552,2.982871764,81.91062483,48.78691734,62.18569316,11.31774632,13.11602278
22,221,30,2217,56,44,5644,5622,4422,564422,561,441,56441,50,1,1086.747741,25.42683973,2.78956576,82.67522124,46.91376372,64.2548307,10.76466617,15.844722
22,221,30,2217,89,92,8992,8922,9222,899222,891,921,89921,51,1,1200.643889,27.56756395,3.306215448,80.83026955,49.83329622,62.59597926,11.28196732,12.45023258
22,221,30,2217,91,103,91103,9122,10322,9110322,911,1031,911031,52,1,1017.567378,26.28199709,2.94142892,82.15522808,48.02034203,62.81667511,11.17694093,14.33490681
22,221,31,2217,87,73,8773,8722,7322,877322,871,731,87731,53,1,902.5994222,23.89297068,2.502453235,84.26387098,44.64905662,65.93198315,9.422487013,17.64939
22,221,31,2217,44,64,4464,4422,6422,446422,441,641,44641,54,1,995.4555556,-999,2.144484482,86.20435731,44.72210895,67.79718651,13.77057586,14.4250932
22,221,31,2217,51,35,5135,5122,3522,513522,511,351,51351,55,1,1122.848,24.6745679,2.632012033,84.63876254,45.56196721,64.70662576,9.050081425,16.75247678
22,221,31,2217,13,73,1373,1322,7322,137322,131,731,13731,56,1,1132.635111,23.20122614,2.357280483,84.89791636,44.08789083,66.41164276,9.332830784,18.7440242
22,221,31,2218,87,13,8713,8722,1322,871322,871,131,87131,57,1,1193.705333,26.0623797,2.737972474,82.87156972,47.97243539,64.4515287,10.62967061,14.77902385
22,221,31,2218,18,3,183,1822,322,18322,181,31,1831,58,1,1147.352963,26.3797843,2.789067097,82.70607493,48.27370128,63.91536666,11.38104512,14.08860833
22,221,31,2218,92,93,9293,9222,9322,929322,921,931,92931,59,1,1269.154815,28.6954709,3.137232739,81.33572067,50.63923357,63.4007362,10.73362997,12.57748945
22,221,31,2218,62,85,6285,6222,8522,628522,621,851,62851,60,1,1036.788741,25.96548818,2.829795445,82.36172839,48.06728033,64.11268459,11.21406486,14.55703796
22,221,31,2218,24,15,2415,2422,1522,241522,241,151,24151,61,1,843.943963,25.69276429,2.674617227,82.38071253,46.2917234,63.75784016,10.17077398,16.46808476
22,221,31,2218,83,55,8355,8322,5522,835522,831,551,83551,62,1,1013.152711,25.78395149,2.538365497,83.21575781,46.72141076,64.84774836,8.99664202,16.46870485
22,221,31,2218,11,77,1177,1122,7722,117722,111,771,11771,63,1,1060.440296,25.47077558,2.402483456,83.77832754,46.6697901,65.76460154,9.482127326,16.78665851
22,221,31,2218,76,82,7682,7622,8222,768222,761,821,76821,64,1,956.0544148,24.58920322,2.440023998,83.67904418,45.54530692,66.15006938,8.5603642,18.69947487
22,221,31,2219,37,11,3711,3722,1122,371122,371,111,37111,65,1,1014.75517,26.70854254,2.877602936,81.78689577,48.19476921,63.66018063,10.98222493,15.1317405
22,221,31,2219,16,37,1637,1622,3722,163722,161,371,16371,66,1,1015.886311,25.17281267,2.639332384,83.02776373,46.92911433,65.12016916,11.44423069,15.86558112
22,221,31,2219,20,26,2026,2022,2622,202622,201,261,20261,67,1,1025.154074,27.9001513,3.278993748,80.40883525,50.51087278,61.74332723,10.94860181,13.50124806
22,221,31,2219,37,53,3753,3722,5322,375322,371,531,37531,68,1,1087.789896,26.68771773,2.959588781,81.30104528,48.67295176,63.07180565,11.17697597,15.37985285
22,221,31,2219,12,4,124,1222,422,12422,121,41,1241,69,1,1254.96977,28.28026085,3.253739259,80.03043542,50.18628038,62.01873305,11.51156529,13.77570437
22,221,31,2219,39,19,3919,3922,1922,391922,391,191,39191,70,1,1054.135259,28.57388785,3.247610335,79.61769948,51.01960003,61.09661754,12.27998711,12.86135934
22,221,31,2219,60,57,6057,6022,5722,605722,601,571,60571,71,1,951.7572037,27.76430471,3.213158176,80.19189326,49.818628,61.74588699,12.38874694,13.52256504
22,221,31,2219,98,101,98101,9822,10122,9810122,981,1011,981011,72,1,1037.773301,27.57006089,2.978674577,80.81617391,50.04101865,63.1837605,11.63462932,14.20711764
22,221,31,22110,78,27,7827,7822,2722,782722,781,271,78271,73,1,979.2022948,28.231491,3.082013421,80.76616409,50.43402288,63.11226365,10.9533415,14.62170756
22,221,31,22110,99,100,99100,9922,10022,9910022,991,1001,991001,74,1,1016.414095,27.13119534,2.646810179,82.56021753,48.55445429,64.23811431,11.21999496,15.65748818
22,221,31,22110,28,62,2862,2822,6222,286222,281,621,28621,75,1,968.132563,-999,2.144492688,86.28682329,44.69342927,67.86114599,14.24848671,13.99472878
22,221,31,22110,37,70,3770,3722,7022,377022,371,701,37701,76,1,1244.253763,26.39855942,2.524793089,83.40193662,47.30170277,66.35592766,10.14219162,17.31393383
22,221,31,22110,31,75,3175,3122,7522,317522,311,751,31751,77,1,1118.404133,24.45968854,2.299300411,84.34564379,44.97060913,65.93975466,9.738303045,18.1726141
22,221,31,22110,30,7,307,3022,722,30722,301,71,3071,78,1,1120.272889,25.80691713,2.47968781,82.79123507,47.24520236,64.79594693,9.758110161,16.34714594
22,221,31,22110,30,67,3067,3022,6722,306722,301,671,30671,79,1,1115.908741,27.1123123,2.721185578,81.23499499,48.92659239,63.26496601,10.68770553,14.40876578
22,221,31,22110,63,36,6336,6322,3622,633622,631,361,63361,80,1,1281.857244,26.46682749,2.719407208,81.73052332,48.14425288,63.37157688,10.63476431,15.26323389
22,221,31,22111,25,67,2567,2522,6722,256722,251,671,25671,81,1,1121.326444,27.11168875,2.999958923,81.56925248,48.93947263,62.58484759,10.63728477,14.37763859
22,221,31,22111,79,86,7986,7922,8622,798622,791,861,79861,82,1,1096.041556,27.13525348,2.948769102,81.22522439,49.52628403,62.02863823,11.16648564,14.49848108
22,221,31,22111,82,21,8221,8222,2122,822122,821,211,82211,83,1,1065.352622,25.45208727,2.370926818,83.98604856,47.23615891,65.02904447,10.65511263,15.8591277
22,221,31,22111,66,67,6667,6622,6722,666722,661,671,66671,84,1,1073.25317,26.10928355,2.735544677,81.8636421,47.92571939,63.22674124,10.72411052,14.95887206
22,221,31,22111,7,51,751,722,5122,75122,71,511,7511,85,1,1129.256348,26.54319169,2.778987922,81.42758066,48.01157081,64.05536566,10.8466001,14.94861374
22,221,31,22111,62,85,6285,6222,8522,628522,621,851,62851,86,1,1071.591348,26.33083278,2.878876717,81.23388441,48.32536777,62.67662849,11.48653154,15.36010035
22,221,31,22111,75,84,7584,7522,8422,758422,751,841,75841,87,1,1289.223481,25.61763475,2.617804258,81.89187034,47.97851418,63.64055604,10.63072419,16.94020989
22,221,31,22111,31,22,3122,3122,2222,312222,311,221,31221,88,1,1151.548963,25.28210964,2.517885216,82.90221534,46.6082098,63.66608894,11.08621265,16.84687526
22,221,31,22112,3,46,346,322,4622,34622,31,461,3461,89,1,1190.418741,26.43276231,2.544814703,84.79440497,49.72242017,62.84227633,9.121037396,15.76492729
22,221,31,22112,55,56,5556,5522,5622,555622,551,561,55561,90,1,1133.287185,26.28606983,2.379118611,83.78954438,48.73041084,64.87066377,9.390874403,16.16907791
22,221,31,22112,21,83,2183,2122,8322,218322,211,831,21831,91,1,1101.239104,25.47920601,2.335341609,82.98836927,48.28260599,65.40491966,9.302948794,16.638661
22,221,31,22112,39,25,3925,3922,2522,392522,391,251,39251,92,1,1030.281185,27.08483136,2.688441991,81.17320624,49.87835803,63.15343122,10.01098228,14.84980229
22,221,31,22112,96,99,9699,9622,9922,969922,961,991,96991,93,1,1087.801111,26.89046906,2.614015951,81.33675021,49.83075946,62.81773447,9.046691627,15.51473528
22,221,31,22112,72,76,7276,7222,7622,727622,721,761,72761,94,1,1165.273756,25.34284806,2.360073796,83.47211163,48.17129956,63.54700911,9.66582864,17.00858867
22,221,31,22112,84,39,8439,8422,3922,843922,841,391,84391,95,1,1271.70037,26.45062607,2.644584085,80.281164,49.6309302,64.01482153,8.908553923,15.74524519
22,221,31,22112,27,74,2774,2722,7422,277422,271,741,27741,96,1,1000.437556,24.89634694,2.193937137,85.36362327,47.19829151,65.34943848,9.975330083,17.33288014
22,221,32,22113,18,68,1868,1822,6822,186822,181,681,18681,97,1,1215.985037,27.44623781,2.694417628,80.86401639,49.41668281,63.31120208,11.60202742,13.8927199
22,221,32,22113,50,82,5082,5022,8222,508222,501,821,50821,98,1,916.8908667,23.87731941,2.049996155,86.63981155,45.554399,66.56822021,11.21968718,17.63173466
22,221,32,22113,83,81,8381,8322,8122,838122,831,811,83811,99,1,1035.780719,23.5980558,2.030632343,85.70412432,45.77411869,66.3311413,10.79270878,18.47567933
22,221,32,22113,89,92,8992,8922,9222,899222,891,921,89921,100,1,1233.937556,27.12950459,2.753435705,80.22555216,49.97577633,62.35078926,11.39976386,14.66770477
22,221,32,22113,33,64,3364,3322,6422,336422,331,641,33641,101,1,1091.966904,26.63764793,2.722532346,79.3194727,49.87546587,63.77142479,11.40040209,13.49250988
22,221,32,22113,46,60,4660,4622,6022,466022,461,601,46601,102,1,824.2344074,23.8355003,2.230770554,82.90430362,47.32762441,64.81063897,11.34645633,16.52714609
22,221,32,22113,43,8,438,4322,822,43822,431,81,4381,103,1,1079.987178,25.21167599,2.223201231,83.18092788,49.80397164,61.55797507,8.631138729,15.32695444
22,221,32,22113,70,11,7011,7022,1122,701122,701,111,70111,104,1,1073.629926,24.49637953,2.069763624,83.43897881,48.51701377,65.66683114,10.8025546,16.66615956
22,221,32,22114,28,34,2834,2822,3422,283422,281,341,28341,105,1,974.7478519,24.24065548,1.873894811,85.8691618,47.56711946,66.58379543,10.41656436,17.47089416
22,221,32,22114,79,41,7941,7922,4122,794122,791,411,79411,106,1,935.02,24.15333971,1.959575765,84.92287098,48.29198765,67.32041346,11.34823516,16.30622458
22,221,32,22114,34,41,3441,3422,4122,344122,341,411,34411,107,1,957.0986667,25.18526912,2.286681033,82.24219493,48.1310322,65.43558575,10.31600613,16.89698927
22,221,32,22114,49,77,4977,4922,7722,497722,491,771,49771,108,1,1221.560156,26.670275,2.42161511,82.93142636,48.15986221,63.71945048,9.30157352,16.31158019
22,221,32,22114,47,68,4768,4722,6822,476822,471,681,47681,109,1,1115.764777,25.92536142,2.632179496,82.26745498,47.72911509,64.89123427,11.65272861,15.46236295
22,221,32,22114,70,11,7011,7022,1122,701122,701,111,70111,110,1,988.8434933,25.81756405,2.424405578,83.74763856,47.36832564,65.21664495,11.81135204,15.48390721
22,221,32,22114,33,1,331,3322,122,33122,331,11,3311,111,1,984.8551511,26.56831539,3.094826258,82.00078174,48.34250078,64.71603949,11.36903941,14.7349432
22,221,32,22114,57,73,5773,5722,7322,577322,571,731,57731,112,1,1058.378394,25.4471474,2.740910519,83.62369636,47.40878901,64.73315941,10.93502003,17.23044718
22,221,33,22115,32,78,3278,3222,7822,327822,321,781,32781,113,1,1096.916428,25.1386342,2.559951667,84.25490415,46.97275525,65.74233737,10.09325788,15.60181235
22,221,33,22115,75,4,754,7522,422,75422,751,41,7541,114,1,1176.162668,25.49505691,2.728799499,82.80778908,47.0412635,64.49248798,10.13418412,16.01266974
22,221,33,22115,21,55,2155,2122,5522,215522,211,551,21551,115,1,1028.08163,25.45229349,2.561751287,83.6982486,48.34946758,65.23537137,11.29838786,14.52004731
22,221,33,22115,29,70,2970,2922,7022,297022,291,701,29701,116,1,887.4148741,25.86041709,2.468035669,83.66794183,48.61035919,64.01833108,11.09817585,15.08065728
22,221,33,22115,35,37,3537,3522,3722,353722,351,371,35371,117,1,963.7617926,25.11103274,2.789117846,83.70959433,47.75598379,65.51249745,11.27884082,14.9602872
22,221,33,22115,63,59,6359,6322,5922,635922,631,591,63591,118,1,1134.97803,26.06789516,2.571792847,83.98982975,48.6712449,64.81497624,10.09541706,15.45779255
22,221,33,22115,68,87,6887,6822,8722,688722,681,871,68871,119,1,1212.947511,26.23349791,2.77755249,82.55691267,48.68984784,64.52895836,10.57966512,14.80911175
22,221,33,22115,6,20,620,622,2022,62022,61,201,6201,120,1,1013.074385,25.72484532,2.772209678,82.91998428,48.05042236,63.89788838,10.16084254,15.95315785
22,221,33,22116,10,28,1028,1022,2822,102822,101,281,10281,121,1,960.6529852,23.7602911,2.090365293,86.10279124,44.13252376,68.30469739,10.69401136,18.42293858
22,221,33,22116,57,33,5733,5722,3322,573322,571,331,57331,122,1,1019.736985,27.21795041,3.001107648,80.98468116,49.3881398,62.04981992,11.64939787,13.64411886
22,221,33,22116,78,9,789,7822,922,78922,781,91,7891,123,1,992.6558519,25.44306292,2.587497685,83.37863834,47.48343693,64.22448227,10.28312993,16.9534818
22,221,33,22116,14,63,1463,1422,6322,146322,141,631,14631,124,1,985.5346667,25.17862869,2.212655033,84.80641543,46.50449689,65.71737822,10.43380619,16.33683567
22,221,34,22116,31,61,3161,3122,6122,316122,311,611,31611,125,1,900.0155556,24.86710839,2.304926847,84.95081257,46.32897606,65.34050558,10.325935,17.54511573
22,221,34,22116,80,21,8021,8022,2122,802122,801,211,80211,126,1,830.143437,24.50879852,2.27527273,85.4020928,46.02363069,66.46229338,10.13348681,17.75283969
22,221,34,22116,61,54,6154,6122,5422,615422,611,541,61541,127,1,993.8357407,28.13794996,3.221059765,81.30357017,51.08294339,61.73684218,8.328821927,16.15879828
22,221,34,22116,75,54,7554,7522,5422,755422,751,541,75541,128,1,911.5865556,25.80458703,2.697200801,83.13384518,49.24576261,63.25874589,8.352744528,18.65559309
22,221,29,22117,50,80,5080,5022,8022,508022,501,801,50801,1,2,622.4141481,22.99719057,2.518378751,82.58439335,44.3427404,65.47673688,10.50037522,19.09267673
22,221,29,22117,104,102,104102,10422,10222,10410222,1041,1021,1041021,2,2,832.8618519,24.90461935,2.834456086,82.52036234,47.11927656,64.47861854,12.4576828,15.59954924
22,221,29,22117,24,3,243,2422,322,24322,241,31,2431,4,2,890.5746667,24.85797777,2.871658002,82.01785513,47.38260627,63.0886034,12.35809755,16.65212604
22,221,29,22117,96,98,9698,9622,9822,969822,961,981,96981,6,2,761.0883704,25.4947341,2.970359777,81.78312491,48.70607308,62.72899578,10.3432432,16.58436584
22,221,29,22117,49,55,4955,4922,5522,495522,491,551,49551,7,2,897.2601304,26.06150891,2.905767243,81.83803935,49.10733109,62.94740578,9.592339105,15.55274272
22,221,29,22117,104,92,10492,10422,9222,1049222,1041,921,104921,8,2,876.6866652,27.49470187,3.258449053,80.22266432,50.54174561,61.46751882,10.48553823,14.05475557
22,221,29,22118,70,77,7077,7022,7722,707722,701,771,70771,9,2,968.6543852,26.55131836,2.932516871,81.53846678,49.16660751,64.42647527,12.13744312,15.61726213
22,221,29,22118,2,13,213,222,1322,21322,21,131,2131,10,2,782.2050837,25.24013127,2.85995792,82.44976429,48.25451446,66.07903556,13.08842635,15.59980509
22,221,29,22118,74,52,7452,7422,5222,745222,741,521,74521,11,2,847.2787659,24.78481848,2.469580499,83.57173854,46.78158081,68.32076235,11.32036401,17.01972416
22,221,29,22118,38,14,3814,3822,1422,381422,381,141,38141,12,2,821.2306993,24.22776672,2.475181644,84.18096625,45.68494493,69.0036378,12.50523591,17.92979694
22,221,29,22118,99,101,99101,9922,10122,9910122,991,1011,991011,13,2,795.703437,25.95977882,2.444510767,84.54019623,47.81923915,68.44065539,10.28167064,15.13894685
22,221,29,22118,48,52,4852,4822,5222,485222,481,521,48521,14,2,813.0307037,25.19303519,2.704408843,83.01024538,47.55205688,65.43554156,11.65461657,14.80012776
22,221,29,22118,61,25,6125,6122,2522,612522,611,251,61251,15,2,1113.45157,27.61630868,2.960151382,81.28953541,50.24448418,63.41524545,10.63562069,13.6345148
22,221,29,22118,71,73,7173,7122,7322,717322,711,731,71731,16,2,903.9435926,24.68107495,2.502454594,84.56745609,45.74807509,67.42446362,11.24766774,16.2410901
22,221,29,22119,43,78,4378,4322,7822,437822,431,781,43781,17,2,922.4684815,26.37772772,2.654048336,82.97818007,48.53321132,65.64094091,10.3495382,15.46678004
22,221,29,22119,104,91,10491,10422,9122,1049122,1041,911,104911,18,2,800.6833556,26.28435859,2.492900646,84.07016586,47.6165943,66.99838331,11.61116563,15.47798815
22,221,29,22119,52,5,525,5222,522,52522,521,51,5251,19,2,932.1186667,26.70866058,2.647714537,83.12620804,48.99330073,65.86856061,10.38875094,14.83080897
22,221,29,22119,17,88,1788,1722,8822,178822,171,881,17881,20,2,938.9211259,26.61561916,2.675929836,82.8692053,49.51485354,66.75805431,10.38523933,15.01010326
22,221,29,22119,47,3,473,4722,322,47322,471,31,4731,21,2,1209.923363,26.44529124,3.05489712,81.61489355,49.10552656,63.61026251,11.68365426,14.76228138
22,221,29,22119,12,22,1222,1222,2222,122222,121,221,12221,22,2,910.2317037,24.87766828,2.636768096,83.81254669,47.21299996,67.26015426,12.7883477,16.02034227
22,221,29,22119,71,64,7164,7122,6422,716422,711,641,71641,23,2,980.0282222,25.83801187,2.741193886,83.28593766,48.14095933,66.72761343,11.96112908,16.00069322
22,221,29,22119,49,10,4910,4922,1022,491022,491,101,49101,24,2,947.3736296,25.75331741,2.790005453,83.10087957,47.88738937,65.7041589,12.65360037,14.6275873
22,221,29,22120,52,5,525,5222,522,52522,521,51,5251,25,2,1002.755319,24.55260664,2.721091339,83.55311662,47.40292178,66.41084102,12.03271032,15.86530557
22,221,29,22120,89,102,89102,8922,10222,8910222,891,1021,891021,26,2,972.0959111,-999,2.182838655,86.3198741,45.13721815,68.11799088,14.49279769,14.27564702
22,221,29,22120,97,98,9798,9722,9822,979822,971,981,97981,27,2,879.6862222,23.87167948,2.388273995,85.03286122,46.32902378,68.51957406,12.30949905,16.69679354
22,221,29,22120,50,18,5018,5022,1822,501822,501,181,50181,28,2,999.5626296,24.34959378,2.537065824,84.51805197,46.32642212,67.53363875,12.28164684,15.99076268
22,221,29,22120,18,24,1824,1822,2422,182422,181,241,18241,29,2,999.1537037,25.38389104,2.762881847,83.06440036,48.12557415,65.15704837,12.7189913,15.22037106
22,221,29,22120,10,79,1079,1022,7922,107922,101,791,10791,30,2,913.6691037,26.18429493,2.83420826,82.48602634,48.27299269,63.42391273,14.13133837,14.56316012
22,221,29,22120,82,21,8221,8222,2122,822122,821,211,82211,31,2,911.7502963,25.29837972,2.808759036,82.69323135,48.24888957,63.92841382,11.86935821,15.54729721
22,221,29,22120,45,69,4569,4522,6922,456922,451,691,45691,32,2,791.3186222,26.89906318,3.018126146,81.33866843,49.82262057,63.04142654,12.87877158,13.88048088
22,221,29,22121,78,50,7850,7822,5022,785022,781,501,78501,33,2,878.259763,24.46985802,2.587538703,84.25073147,46.31168363,68.03681767,10.79795585,16.10365006
22,221,29,22121,17,7,177,1722,722,17722,171,71,1771,34,2,1052.311793,25.70025547,2.756167676,82.88261431,48.10337657,65.94855226,11.19098598,15.57086121
22,221,29,22121,99,101,99101,9922,10122,9910122,991,1011,991011,35,2,944.378,27.15581187,2.633035148,82.10129402,49.59815602,65.61312806,11.52096431,13.48371892
22,221,29,22121,69,34,6934,6922,3422,693422,691,341,69341,36,2,1155.375704,25.7391035,3.010613403,82.09862412,48.22728946,64.23684139,11.40600319,15.34401546
22,221,29,22121,57,71,5771,5722,7122,577122,571,711,57711,37,2,1080.618,26.61661902,2.853043633,82.55111121,49.26395194,65.16786737,12.07638454,14.37048948
22,221,29,22121,17,51,1751,1722,5122,175122,171,511,17511,38,2,971.8731778,26.10216624,2.731902478,83.07697416,48.89244583,65.51773904,12.48287741,14.55149964
22,221,29,22121,17,51,1751,1722,5122,175122,171,511,17511,39,2,1064.326519,26.53614872,2.775093897,82.84329654,48.91625501,64.86911271,10.96189875,15.6844156
22,221,29,22121,25,65,2565,2522,6522,256522,251,651,25651,40,2,965.3781481,27.62154311,3.143631062,81.16642773,50.58929692,62.95480885,11.92673018,13.33302196
22,221,29,22122,45,34,4534,4522,3422,453422,451,341,45341,41,2,1040.533259,27.02949456,3.104381227,80.93421739,49.20774296,63.25596283,10.91176885,14.07159797
22,221,29,22122,69,10,6910,6922,1022,691022,691,101,69101,42,2,895.1374296,26.37116643,3.09889843,80.96324403,48.13489254,64.51321064,11.61460317,14.19698321
22,221,29,22122,38,74,3874,3822,7422,387422,381,741,38741,43,2,1121.0472,24.20968366,2.807493762,82.52244541,46.01819378,67.77822479,10.67635493,16.85157786
22,221,29,22122,1,38,138,122,3822,13822,11,381,1381,44,2,983.1037037,25.32506157,2.847853076,82.3194824,47.66660318,67.002521,13.23942142,14.44269593
22,221,29,22122,4,25,425,422,2522,42522,41,251,4251,45,2,1291.838963,27.33939104,2.783648697,82.20203591,49.54645823,63.75178265,11.46521138,15.20762086
22,221,29,22122,87,71,8771,8722,7122,877122,871,711,87711,46,2,1088.826104,26.38229392,2.851378071,82.30667288,48.74247813,64.00961529,12.11361461,15.65677342
22,221,29,22122,51,82,5182,5122,8222,518222,511,821,51821,47,2,990.0516444,26.11522994,2.717196602,83.11116504,48.10530111,64.45369568,11.11021529,16.56481473
22,221,29,22122,20,37,2037,2022,3722,203722,201,371,20371,48,2,1033.500222,25.53992852,2.664753578,83.10224129,47.93451751,64.85713701,10.89923697,17.10006679
22,221,30,22123,70,77,7077,7022,7722,707722,701,771,70771,49,2,1127.997644,27.52318763,2.952716852,81.24140428,48.90799228,61.43296398,11.39627858,13.9970876
22,221,30,22123,92,93,9293,9222,9322,929322,921,931,92931,50,2,1188.698659,27.64089729,2.950815726,81.49511761,50.05989805,62.39348024,10.748589,12.92233781
22,221,30,22123,89,101,89101,8922,10122,8910122,891,1011,891011,51,2,1111.186133,26.39513952,2.595644789,83.43148704,47.286536,64.05544548,10.35104317,14.67784625
22,221,30,22123,54,67,5467,5422,6722,546722,541,671,54671,52,2,1127.860185,27.14863327,2.98429864,81.31471397,49.65068859,61.81964033,11.72433283,13.09042854
22,221,31,22123,28,79,2879,2822,7922,287922,281,791,28791,53,2,1073.440341,24.07303314,2.535557742,85.13114078,45.1912108,65.13167419,10.17455148,16.48778172
22,221,31,22123,51,6,516,5122,622,51622,511,61,5161,54,2,1140.166407,24.97844629,2.702932498,83.90393135,46.47700877,64.21168206,9.174588819,16.3625773
22,221,31,22123,79,82,7982,7922,8222,798222,791,821,79821,55,2,1013.098741,23.48040327,2.492631066,84.55667829,45.23083427,66.03385997,9.311307337,17.41321757
22,221,31,22123,8,14,814,822,1422,81422,81,141,8141,56,2,1076.421467,24.23174265,2.482546696,84.4194078,45.98558624,65.05942188,9.072571741,17.65227381
22,221,31,22124,60,73,6073,6022,7322,607322,601,731,60731,57,2,1074.347615,23.36392621,2.077512926,86.82917513,43.41763294,69.36784296,10.77024039,18.6422262
22,221,31,22124,100,102,100102,10022,10222,10010222,1001,1021,1001021,58,2,1064.806622,26.05396081,2.600450452,83.61043733,48.92139346,65.42024289,11.31862171,15.37320927
22,221,31,22124,69,28,6928,6922,2822,692822,691,281,69281,59,2,1022.655444,25.40001501,2.74738171,83.56436324,46.70887286,65.50714007,11.51009592,14.42488523
22,221,31,22124,24,3,243,2422,322,24322,241,31,2431,60,2,998.6763259,26.89505652,3.049835072,81.69127415,49.15412353,62.85347152,11.77136614,13.55435683
22,221,31,22124,48,74,4874,4822,7422,487422,481,741,48741,61,2,845.6576741,25.41804409,2.373755668,84.01595448,45.147454,65.48244592,10.16118805,16.38707204
22,221,31,22124,72,80,7280,7222,8022,728022,721,801,72801,62,2,1160.653444,25.94950967,2.603277493,82.70443793,47.05870143,63.6379398,9.162269909,16.54388431
22,221,31,22124,78,9,789,7822,922,78922,781,91,7891,63,2,1122.646267,26.88593201,2.933353096,81.53642426,48.1133351,62.96432021,9.702643934,15.42313677
22,221,31,22124,88,20,8820,8822,2022,882022,881,201,88201,64,2,1081.352519,26.15126191,2.600460566,82.84264078,47.45468084,64.19883307,10.45098427,15.63557505
22,221,31,22125,79,34,7934,7922,3422,793422,791,341,79341,65,2,1165.848074,26.69071626,2.846529808,81.79776841,48.95320155,64.30937352,10.21784598,15.13716273
22,221,31,22125,38,14,3814,3822,1422,381422,381,141,38141,66,2,967.481563,25.81697817,2.477538275,84.01790264,46.41819184,66.40790792,11.12202584,16.05584292
22,221,31,22125,69,79,6979,6922,7922,697922,691,791,69791,67,2,1126.538593,27.46399586,3.021671262,81.06230144,49.46305228,62.6884351,11.29114865,14.51240793
22,221,31,22125,52,63,5263,5222,6322,526322,521,631,52631,68,2,1113.844622,26.93901346,2.601068565,82.62837201,48.7410355,64.49959517,10.83472722,15.40275782
22,221,31,22125,13,33,1333,1322,3322,133322,131,331,13331,69,2,1110.497876,27.73559057,3.018166911,80.81478826,49.88109204,62.88241732,11.59190669,14.14435184
22,221,31,22125,87,57,8757,8722,5722,875722,871,571,87571,70,2,1108.038087,27.06957728,2.950899178,81.17652105,49.72267956,63.00708721,11.64728597,14.8688586
22,221,31,22125,9,63,963,922,6322,96322,91,631,9631,71,2,1196.189637,26.62971579,2.880725084,81.67413676,48.34786744,63.50488856,11.36485826,15.39202807
22,221,31,22125,46,13,4613,4622,1322,461322,461,131,46131,72,2,1020.716027,25.95404472,2.737244393,82.29485674,48.00859009,64.47928179,12.23101884,15.8926756
22,221,31,22126,23,13,2313,2322,1322,231322,231,131,23131,73,2,1216.873114,25.85175936,2.568990876,82.88048546,47.6989928,65.58260876,9.964075005,18.27074301
22,221,31,22126,17,6,176,1722,622,17622,171,61,1761,74,2,1144.333031,27.14379614,2.722122804,82.64727195,48.7209683,64.29767761,11.62654839,15.3680969
22,221,31,22126,49,10,4910,4922,1022,491022,491,101,49101,75,2,1153.343881,26.03452108,2.321736187,84.8480885,46.83825904,67.17095706,10.89443921,16.40678036
22,221,31,22126,58,77,5877,5822,7722,587722,581,771,58771,76,2,1107.035926,26.81221537,2.656277135,82.82117643,48.65232491,64.887828,11.62913607,15.5161643
22,221,31,22126,15,3,153,1522,322,15322,151,31,1531,77,2,1225.6796,25.42388047,2.827402676,81.38494982,46.80575133,63.95082401,10.9452397,15.28286386
22,221,31,22126,99,102,99102,9922,10222,9910222,991,1021,991021,78,2,1045.39437,25.50534931,2.787152253,82.08848738,47.36291725,63.60214449,11.87195535,15.19171534
22,221,31,22126,50,24,5024,5022,2422,502422,501,241,50241,79,2,914.515363,24.78287773,2.470977533,83.43428722,45.59786803,65.17251413,10.43495703,16.92316436
22,221,31,22126,15,68,1568,1522,6822,156822,151,681,15681,80,2,1127.574593,25.18619552,2.343067927,83.44327136,46.56153845,65.93559166,11.85905213,15.41900243
22,221,31,22127,41,85,4185,4122,8522,418522,411,851,41851,81,2,1122.068793,24.98440185,2.470942314,83.20835392,46.58362437,64.69158172,10.41611459,16.7811966
22,221,31,22127,97,101,97101,9722,10122,9710122,971,1011,971011,82,2,1243.666,28.09735011,2.973717696,80.79990616,49.91362386,62.68857242,10.78410951,13.28789012
22,221,31,22127,88,42,8842,8822,4222,884222,881,421,88421,83,2,928.3627407,25.55867221,2.258583414,84.40777081,46.60570311,65.19154005,10.64823678,15.74805792
22,221,31,22127,2,50,250,222,5022,25022,21,501,2501,84,2,902.6998963,25.5835978,2.304425463,84.86419772,45.76829542,65.03820082,10.60768206,16.91902706
22,221,31,22127,44,45,4445,4422,4522,444522,441,451,44451,85,2,1129.999289,27.01973403,2.994254007,80.88343735,48.9851285,62.16553514,10.63623032,14.88910533
22,221,31,22127,15,3,153,1522,322,15322,151,31,1531,86,2,1122.201437,26.06086607,2.739191412,81.48949725,48.27269006,62.5454571,11.50144761,15.86341059
22,221,31,22127,64,48,6448,6422,4822,644822,641,481,64481,87,2,984.6842815,26.48338985,2.707040656,81.61237991,48.01738936,62.33897344,11.48972694,14.91476052
22,221,31,22127,23,71,2371,2322,7122,237122,231,711,23711,88,2,1116.352926,27.00662507,2.993614958,80.49898465,49.13585623,62.26622522,11.23839959,15.10006547
22,221,31,22128,76,80,7680,7622,8022,768022,761,801,76801,89,2,1116.017185,24.44954012,2.301122408,83.42367994,47.68367355,66.23978296,8.109297846,18.78832549
22,221,31,22128,8,14,814,822,1422,81422,81,141,8141,90,2,1139.1104,26.07430795,2.47933862,82.67796792,48.67337379,64.46045828,9.501560141,16.20712697
22,221,31,22128,55,79,5579,5522,7922,557922,551,791,55791,91,2,1129.017467,26.37984367,2.544196644,81.72911979,49.2237707,64.56417168,9.385251145,15.5521813
22,221,31,22128,65,16,6516,6522,1622,651622,651,161,65161,92,2,1132.565704,26.58779747,2.618082916,81.63257594,49.36731577,63.55989172,10.47034455,14.87542986
22,221,31,22128,104,93,10493,10422,9322,1049322,1041,931,104931,93,2,910.9512148,25.86123285,2.263328453,83.99113216,47.55123748,63.96214371,9.71754863,17.06195571
22,221,31,22128,27,52,2752,2722,5222,275222,271,521,27521,94,2,881.2746963,26.34480944,2.159571868,81.56663325,48.97489478,62.99449492,11.07813098,14.79057622
22,221,31,22128,38,27,3827,3822,2722,382722,381,271,38271,95,2,994.6085556,25.81362533,2.477741814,82.29932009,48.73038849,63.48416707,9.247671487,16.7585785
22,221,31,22128,100,103,100103,10022,10322,10010322,1001,1031,1001031,96,2,1087.262667,26.46425171,2.48353128,81.34588842,49.66362788,63.22109621,9.330898064,15.54083506
22,221,32,22129,92,95,9295,9222,9522,929522,921,951,92951,97,2,1078.999459,24.83050908,2.204198197,84.43875559,46.01738664,64.14101579,11.08511365,17.92401205
22,221,32,22129,83,69,8369,8322,6922,836922,831,691,83691,98,2,960.1873481,24.35584659,2.369572136,83.4780769,47.34856495,64.78952696,11.81666917,15.7081596
22,221,32,22129,2,23,223,222,2322,22322,21,231,2231,99,2,1114.562074,26.17420139,2.583706052,80.78791989,49.0771269,63.74464682,11.28883781,15.29587888
22,221,32,22129,8,9,89,822,922,8922,81,91,891,100,2,1097.154311,26.32993856,2.621509826,80.96191392,49.00604189,62.57617318,11.32448709,15.60178316
22,221,32,22129,30,31,3031,3022,3122,303122,301,311,30311,101,2,1015.988119,24.32106787,2.182214327,81.90585782,47.74795634,66.1431272,9.996473911,17.22601196
22,221,32,22129,1,78,178,122,7822,17822,11,781,1781,102,2,1062.287733,25.24788085,2.43245745,81.12594896,49.30637047,64.21174358,10.83888442,15.71787285
22,221,32,22129,61,19,6119,6122,1922,611922,611,191,61191,103,2,1053.782778,26.0715319,2.955183935,78.57755039,49.8303021,64.69679695,10.64078848,13.6510525
22,221,32,22129,26,70,2670,2622,7022,267022,261,701,26701,104,2,958.7019852,25.76626682,2.460693045,80.43179871,49.68150855,62.88835435,10.60458245,14.72353169
22,221,32,22130,101,102,101102,10122,10222,10110222,1011,1021,1011021,105,2,1082.976467,23.79902298,2.14499985,82.01265106,48.07458516,65.48777887,10.5635991,16.77983253
22,221,32,22130,37,26,3726,3722,2622,372622,371,261,37261,106,2,1026.069044,25.19659542,2.236321097,81.7155693,49.00084712,64.20598889,11.08351169,15.42036417
22,221,32,22130,53,75,5375,5322,7522,537522,531,751,53751,107,2,1244.137141,24.97460233,2.491720973,81.91987752,47.67662393,65.33600049,10.38780281,17.09110481
22,221,32,22130,35,42,3542,3522,4222,354222,351,421,35421,108,2,894.298363,25.7175321,2.369461607,82.35607002,49.48508887,65.68366339,12.43784963,14.91989163
22,221,32,22130,47,2,472,4722,222,47222,471,21,4721,109,2,1072.453043,27.35455034,3.096845219,81.19109737,48.77985768,64.80598617,11.31488721,13.4343975
22,221,32,22130,36,66,3666,3622,6622,366622,361,661,36661,110,2,1051.61987,25.04709547,2.603928587,82.75878064,47.31525124,65.19314531,11.48915119,16.17552111
22,221,32,22130,104,92,10492,10422,9222,1049222,1041,921,104921,111,2,1093.441415,28.49787661,3.427942261,80.44249848,50.53621654,62.95212488,10.5735618,12.1916981
22,221,32,22130,35,53,3553,3522,5322,355322,351,531,35531,112,2,1339.831716,26.25281199,2.946956422,82.1554766,47.57737576,65.34068345,9.984677458,16.29407929
22,221,33,22131,104,93,10493,10422,9322,1049322,1041,931,104931,113,2,1002.573963,25.47393332,2.646004676,82.74359636,47.24102193,64.04787006,11.08876807,14.22927898
22,221,33,22131,72,21,7221,7222,2122,722122,721,211,72211,114,2,1167.380204,25.27828041,2.488397338,84.43818399,46.9157788,66.24643222,10.955602,14.530981
22,221,33,22131,53,26,5326,5322,2622,532622,531,261,53261,115,2,981.0862815,24.82552077,2.20414385,83.9740757,47.26744016,66.16785807,11.32618758,14.97602962
22,221,33,22131,88,16,8816,8822,1622,881622,881,161,88161,116,2,987.0876815,25.5054293,2.423258532,84.7970364,48.05759418,66.68984922,11.23822518,14.37386807
22,221,33,22131,30,67,3067,3022,6722,306722,301,671,30671,117,2,1019.549896,26.46273443,2.65890796,83.06389922,49.08837784,63.15155457,10.68122353,14.17567186
22,221,33,22131,47,49,4749,4722,4922,474922,471,491,47491,118,2,1113.958985,25.08243211,2.391976593,84.69241524,46.89927055,66.15565502,9.742334111,16.62143027
22,221,33,22131,75,4,754,7522,422,75422,751,41,7541,119,2,1082.020348,25.30632591,2.801853626,82.78896942,47.39779145,63.80942058,10.47911135,16.78094413
22,221,33,22131,42,58,4258,4222,5822,425822,421,581,42581,120,2,909.6132667,24.65392364,2.468619325,83.77505705,47.10800087,65.38725367,10.94144786,15.89107174
22,221,33,22132,96,97,9697,9622,9722,969722,961,971,96971,121,2,979.352,26.05308978,2.784365806,82.12884022,48.2572295,63.79206414,10.9029646,14.67481134
22,221,33,22132,42,43,4243,4222,4322,424322,421,431,42431,122,2,862.8505185,24.1898082,2.29254478,85.14563133,46.27544987,66.8846041,9.88983646,16.63866055
22,221,33,22132,76,83,7683,7622,8322,768322,761,831,76831,123,2,914.4209481,24.73526377,2.380127775,84.8716614,46.82321722,65.51191503,10.06909565,16.9694139
22,221,33,22132,46,23,4623,4622,2322,462322,461,231,46231,124,2,885.4392,25.22618614,2.285398723,84.71446613,46.61178276,65.40492085,10.57918381,16.05284087
22,221,34,22132,27,36,2736,2722,3622,273622,271,361,27361,125,2,831.3381481,25.28636839,2.455121151,84.36010091,47.46813875,65.24276123,10.06973967,16.58929647
22,221,34,22132,32,1,321,3222,122,32122,321,11,3211,126,2,933.6940889,25.21547618,2.562476065,84.0511555,48.65386538,64.65195267,8.262156788,17.99039361
22,221,34,22132,12,84,1284,1222,8422,128422,121,841,12841,127,2,1067.878148,26.87258849,2.941276345,82.43951333,50.07405205,63.51218558,8.751802381,16.66059689
22,221,34,22132,89,91,8991,8922,9122,899122,891,911,89911,128,2,829.4986667,25.3308075,2.215495418,85.22016289,47.87528673,66.12599379,8.920123246,18.09016248
22,221,29,22165,8,9,89,822,922,8922,81,91,891,1,5,875.716963,26.12232855,3.039148019,81.54858007,48.08253116,63.9668821,10.92777784,14.63749871
22,221,29,22165,82,55,8255,8222,5522,825522,821,551,82551,2,5,750.7601778,25.3338478,2.834956787,81.99315355,48.02566084,64.04441917,11.88230132,15.85176733
22,221,29,22165,17,7,177,1722,722,17722,171,71,1771,3,5,798.2891852,26.117099,2.968824207,81.90393878,48.11331317,63.29330312,13.21504868,14.87638082
22,221,29,22165,61,39,6139,6122,3922,613922,611,391,61391,4,5,971.7618519,26.51419364,3.077597468,81.08266064,48.77807784,62.8397927,12.16017341,15.12042988
22,221,29,22165,41,86,4186,4122,8622,418622,411,861,41861,5,5,878.6019259,25.3089108,2.795423153,82.30204104,47.96771199,64.47745812,10.10905136,16.21174234
22,221,29,22165,74,59,7459,7422,5922,745922,741,591,74591,6,5,756.6120593,24.05305238,2.444075226,84.28006657,46.20716083,65.46331554,8.845297498,19.6860872
22,221,29,22165,81,69,8169,8122,6922,816922,811,691,81691,7,5,681.7963763,25.29442321,2.905257774,81.16301315,48.10863923,63.68130314,9.630350496,16.59039687
22,221,29,22165,92,96,9296,9222,9622,929622,921,961,92961,8,5,841.8299163,26.90708902,3.11824184,81.34192398,49.52536007,62.09113225,9.14356689,14.64520319
22,221,29,22166,64,8,648,6422,822,64822,641,81,6481,9,5,909.4144178,25.21232185,2.903418562,82.02206044,47.23538023,65.0764625,12.06418922,16.54095122
22,221,29,22166,20,29,2029,2022,2922,202922,201,291,20291,10,5,863.0733244,25.30604703,3.0315664,81.72104509,47.806797,64.94170168,11.7372929,15.46852526
22,221,29,22166,89,90,8990,8922,9022,899022,891,901,89901,11,5,783.7132385,24.67655074,2.476987543,83.51078065,45.95839293,66.87847333,12.18989236,17.59087306
22,221,29,22166,77,80,7780,7722,8022,778022,771,801,77801,12,5,881.2972741,24.09940107,2.897282855,81.79161648,47.08948895,65.94231648,12.6326643,17.33452187
22,221,29,22166,26,72,2672,2622,7222,267222,261,721,26721,13,5,1183.941333,25.93378106,2.847736996,82.42453855,48.33100883,64.46302874,9.614222808,15.36435089
22,221,29,22166,22,61,2261,2222,6122,226122,221,611,22611,14,5,1121.776622,25.88882148,2.927679481,82.17891245,48.12915788,64.38791274,10.67785564,14.81047753
22,221,29,22166,31,4,314,3122,422,31422,311,41,3141,15,5,958.0161556,24.97962172,2.596480399,84.00596686,46.90122484,66.63141328,11.20014767,15.360292
22,221,29,22166,33,43,3343,3322,4322,334322,331,431,33431,16,5,805.9916148,25.53955995,2.70925838,83.16622401,47.48784359,65.96978859,10.96305436,14.58204329
22,221,29,22167,70,76,7076,7022,7622,707622,701,761,70761,17,5,988.3775185,26.1181401,2.509326757,83.84862872,47.88845982,66.37379851,9.154313395,16.87821989
22,221,29,22167,81,10,8110,8122,1022,811022,811,101,81101,18,5,870.0780593,24.93830292,2.545134266,83.30616286,47.34295902,66.86968335,9.219481462,17.24332311
22,221,29,22167,58,70,5870,5822,7022,587022,581,701,58701,19,5,1033.652222,27.32924069,2.737432196,82.68638328,49.41378203,65.44596112,10.16730358,14.55549865
22,221,29,22167,88,29,8829,8822,2922,882922,881,291,88291,20,5,890.5730593,26.37944734,2.881735392,82.2566694,48.43570572,64.49660277,9.732973977,15.46598795
22,221,29,22167,89,102,89102,8922,10222,8910222,891,1021,891021,21,5,1039.898919,25.6609612,2.830434891,83.54743929,47.48223142,65.121566,12.71233866,14.96296212
22,221,29,22167,67,65,6765,6722,6522,676522,671,651,67651,22,5,907.7251852,26.56079055,3.11723587,81.20001582,49.6265896,64.33615082,12.25323753,13.67580798
22,221,29,22167,54,19,5419,5422,1922,541922,541,191,54191,23,5,1010.8936,27.54766729,2.991784591,82.18767174,49.63932063,63.50425595,12.31433651,14.34688416
22,221,29,22167,32,64,3264,3222,6422,326422,321,641,32641,24,5,902.9635926,26.08726722,2.894391818,82.65465239,47.65930226,64.59009799,12.37043082,15.89812585
22,221,29,22168,46,13,4613,4622,1322,461322,461,131,46131,25,5,868.2723333,23.86388078,2.637719914,83.52870818,46.79386707,67.69739914,12.92571989,16.07163719
22,221,29,22168,64,43,6443,6422,4322,644322,641,431,64431,26,5,932.1811185,24.21885649,2.673292731,83.62739973,46.49671442,67.12720083,12.03013523,16.71328163
22,221,29,22168,49,45,4945,4922,4522,494522,491,451,49451,27,5,912.8604,23.69900813,2.262696044,85.06869424,45.81748792,69.70224518,11.65717439,16.32598902
22,221,29,22168,69,79,6979,6922,7922,697922,691,791,69791,28,5,998.3462222,24.75220479,2.925683432,82.71322909,46.79965237,65.71597207,12.3382884,15.71978511
22,221,29,22168,25,65,2565,2522,6522,256522,251,651,25651,29,5,987.5494074,27.22082067,3.42952576,79.87561614,50.64611032,61.84268442,12.22536633,13.04151224
22,221,29,22168,11,72,1172,1122,7222,117222,111,721,11721,30,5,1002.196341,25.35009665,2.773194608,82.91590979,47.81749926,64.21458728,13.27877487,15.06761867
22,221,29,22168,56,33,5633,5622,3322,563322,561,331,56331,31,5,1022.899007,26.28204827,3.125371723,81.50592285,49.62300125,63.31627876,13.28179773,13.75731042
22,221,29,22168,11,72,1172,1122,7222,117222,111,721,11721,32,5,943.8919259,24.49847694,2.606727118,84.00692682,46.69191198,65.87349987,13.72631639,15.26106049
22,221,29,22169,44,8,448,4422,822,44822,441,81,4481,33,5,1142.812593,25.58016594,2.587045226,84.5105851,47.63126889,67.18063854,10.45267714,16.20782381
22,221,29,22169,96,97,9697,9622,9722,969722,961,971,96971,34,5,920.500563,26.18465553,2.929185399,82.08437485,49.25157801,64.85707448,11.73594613,14.11471177
22,221,29,22169,82,49,8249,8222,4922,824922,821,491,82491,35,5,1051.645926,23.93028211,2.45050856,84.77398304,46.32370911,68.47157294,10.35702988,16.82640278
22,221,29,22169,104,90,10490,10422,9022,1049022,1041,901,104901,36,5,1001.089622,24.73460268,2.405819903,84.6931263,46.74551331,66.66007382,9.440298797,18.80999975
22,221,29,22169,10,28,1028,1022,2822,102822,101,281,10281,37,5,926.539363,24.58486735,2.145949595,85.87984882,45.96883738,69.88892564,11.49152897,16.61124671
22,221,29,22169,77,83,7783,7722,8322,778322,771,831,77831,38,5,970.5580593,24.69509473,2.500816648,84.15970057,47.25013795,67.62094476,11.46245268,16.54052276
22,221,29,22169,50,47,5047,5022,4722,504722,501,471,50471,39,5,1010.009148,25.73812339,2.667968648,83.60680209,47.7502023,66.41916234,11.9769681,15.3595009
22,221,29,22169,90,92,9092,9022,9222,909222,901,921,90921,40,5,1123.581259,26.56098253,2.78145059,82.64112821,49.46863235,64.40546584,11.58702838,15.05522634
22,221,29,22170,32,8,328,3222,822,32822,321,81,3281,41,5,1184.36817,25.62758736,2.910765472,81.97574003,47.91539273,65.6576988,10.18061753,15.3058336
22,221,29,22170,36,5,365,3622,522,36522,361,51,3651,42,5,1045.076785,26.16375866,3.158932921,80.85491291,48.75801325,63.25881486,11.54345905,14.50055614
22,221,29,22170,54,39,5439,5422,3922,543922,541,391,54391,43,5,1191.562296,26.40427118,3.047016058,80.65666022,48.89730971,63.91662672,11.22166434,14.79693156
22,221,29,22170,90,91,9091,9022,9122,909122,901,911,90911,44,5,1090.831556,25.58178417,2.919685547,81.79042502,47.89243126,65.81917855,11.48137217,14.61422002
22,221,29,22170,56,33,5633,5622,3322,563322,561,331,56331,45,5,978.8907111,25.86832499,2.757547516,83.38640135,47.96660025,66.71888702,13.58492316,14.63721797
22,221,29,22170,32,64,3264,3222,6422,326422,321,641,32641,46,5,1000.484741,26.3026792,2.792856624,82.3475418,48.3168929,64.24804826,11.32692648,15.72759097
22,221,29,22170,88,42,8842,8822,4222,884222,881,421,88421,47,5,920.7988963,25.91719933,2.584505207,83.75938104,47.47750987,66.81489606,11.98617794,15.15958938
22,221,29,22170,91,92,9192,9122,9222,919222,911,921,91921,48,5,1306.774533,27.2066652,3.030427451,81.56163212,49.5151122,63.14969455,9.624130144,14.69922569
22,221,30,22171,15,68,1568,1522,6822,156822,151,681,15681,49,5,1118.297052,25.5912249,2.671149387,83.27092124,47.43127779,65.50997939,10.25575151,14.67946075
22,221,30,22171,88,29,8829,8822,2922,882922,881,291,88291,50,5,1019.852296,26.94045105,2.971962813,82.05245184,48.90405153,63.00615539,11.48666356,13.07111964
22,221,30,22171,62,86,6286,6222,8622,628622,621,861,62861,51,5,1193.773111,26.44739813,3.048581565,81.41652663,49.26365972,62.73883211,10.22482115,13.4942463
22,221,30,22171,91,93,9193,9122,9322,919322,911,931,91931,52,5,1058.234881,26.13822855,2.655483691,82.97841291,48.04145961,64.04180454,10.46859174,14.54589171
22,221,31,22171,81,28,8128,8122,2822,812822,811,281,81281,53,5,1103.916511,23.42107415,2.407470596,85.54440675,44.05468747,66.2095958,9.239105504,17.50741274
22,221,31,22171,6,88,688,622,8822,68822,61,881,6881,54,5,1124.163881,24.73662485,2.551017395,83.74839237,46.4592004,64.90214867,9.081931628,16.54288342
22,221,31,22171,54,67,5467,5422,6722,546722,541,671,54671,55,5,1207.598815,26.29276254,2.955297025,82.61952643,48.08457408,63.39367229,9.39611909,14.66043615
22,221,31,22171,93,96,9396,9322,9622,939622,931,961,93961,56,5,1097.834741,26.64239995,2.860454732,81.81564258,48.47635753,61.44506165,8.301806237,14.7375418
22,221,31,22172,1,48,148,122,4822,14822,11,481,1481,57,5,1085.842696,24.53908187,2.663913505,83.19839558,46.08710519,66.27092458,10.76980699,15.46268954
22,221,31,22172,56,83,5683,5622,8322,568322,561,831,56831,58,5,1099.974548,24.83254768,2.653699707,83.59533271,47.10946528,65.96519218,10.89443436,15.65116854
22,221,31,22172,92,94,9294,9222,9422,929422,921,941,92941,59,5,1261.02623,28.08192404,3.173328171,81.3900418,50.3168107,62.96349129,11.16172926,11.93671556
22,221,31,22172,51,20,5120,5122,2022,512022,511,201,51201,60,5,1042.192548,25.85405801,2.790451608,83.32446532,47.48844434,65.00715221,11.68271896,14.46339221
22,221,31,22172,6,16,616,622,1622,61622,61,161,6161,61,5,1075.675333,26.65190955,2.77200128,82.82895433,47.59833686,64.10830781,9.594673776,15.40767576
22,221,31,22172,2,87,287,222,8722,28722,21,871,2871,62,5,1004.673556,25.92414558,2.578215692,82.89863468,47.55060259,64.45329445,9.821234688,15.53621074
22,221,31,22172,4,19,419,422,1922,41922,41,191,4191,63,5,1211.41643,27.81535983,3.141946561,80.64493774,49.06362344,62.68331694,9.382143645,13.96833925
22,221,31,22172,33,1,331,3322,122,33122,331,11,3311,64,5,1019.380852,27.52114491,2.993918159,81.08407935,49.46891115,62.75541447,10.41309371,14.08914516
22,221,31,22173,33,32,3332,3322,3222,333222,331,321,33321,65,5,1143.662296,28.31510236,3.233056819,80.29974649,50.27892088,62.90411132,11.14091879,12.75654299
22,221,31,22173,7,51,751,722,5122,75122,71,511,7511,66,5,1246.773956,27.82840426,2.944472563,81.2589864,49.35807473,62.71326112,11.18328454,14.03373049
22,221,31,22173,59,12,5912,5922,1222,591222,591,121,59121,67,5,1256.709333,27.13296691,2.890423622,81.63728914,49.00823036,63.05474417,10.98028518,16.06930415
22,221,31,22173,1,8,18,122,822,1822,11,81,181,68,5,1203.882252,27.18344238,2.954752048,81.43466342,48.82766751,63.15211124,11.59495521,14.99109449
22,221,31,22173,44,1,441,4422,122,44122,441,11,4411,69,5,1103.901656,27.94562859,3.133777059,80.57892908,50.06742029,62.39713962,11.82403486,14.32274527
22,221,31,22173,63,66,6366,6322,6622,636622,631,661,63661,70,5,1089.10983,27.8240034,2.852532339,81.15977603,48.87489481,62.70980316,11.65769232,14.74881069
22,221,31,22173,8,38,838,822,3822,83822,81,381,8381,71,5,1167.245901,27.97148695,3.113150412,80.53930154,50.18102345,62.44625004,11.30776089,14.8904084
22,221,31,22173,55,45,5545,5522,4522,554522,551,451,55451,72,5,1106.326711,27.94738184,2.937183985,81.07415008,49.89578782,63.57440996,12.00169989,13.64590754
22,221,31,22174,92,94,9294,9222,9422,929422,921,941,92941,73,5,1274.984799,29.26448392,3.38927381,79.42700358,51.64299103,61.96957364,10.30812736,12.38664023
22,221,31,22174,50,24,5024,5022,2422,502422,501,241,50241,74,5,1036.556183,25.07761863,2.40394004,84.52908658,46.3549539,67.09887304,11.12358403,17.62987102
22,221,31,22174,43,78,4378,4322,7822,437822,431,781,43781,75,5,1103.230459,25.50973988,2.464144805,84.0198401,46.64925503,66.33641653,10.71994197,17.18157084
22,221,31,22174,3,23,323,322,2322,32322,31,231,3231,76,5,1003.813333,26.7825404,2.437947545,83.23682776,48.15199328,65.08527187,13.14579539,15.44017819
22,221,31,22174,25,67,2567,2522,6722,256722,251,671,25671,77,5,1044.394296,25.9763474,2.840849851,81.61391854,47.58903979,63.38173565,10.57229403,15.17845261
22,221,31,22174,91,94,9194,9122,9422,919422,911,941,91941,78,5,1140.337393,27.12144269,2.866018716,81.23240307,48.66945743,62.47658961,11.30657294,14.25597364
22,221,31,22174,51,6,516,5122,622,51622,511,61,5161,79,5,1235.736815,26.21495988,2.782476114,81.63197798,47.23617169,64.01836181,9.781826391,15.81715096
22,221,31,22174,104,101,104101,10422,10122,10410122,1041,1011,1041011,80,5,1025.999222,26.3960041,2.759662668,81.72205395,48.03975352,63.62779236,11.22649056,14.3781304
22,221,31,22175,83,3,833,8322,322,83322,831,31,8331,81,5,1142.507422,24.36964872,2.555773091,83.62576866,45.18549326,66.03950353,10.16518315,17.60843866
22,221,31,22175,89,100,89100,8922,10022,8910022,891,1001,891001,82,5,997.3538296,24.741296,2.364095776,83.50531024,45.91366735,65.0349745,10.94374076,16.4481811
22,221,31,22175,25,19,2519,2522,1922,251922,251,191,25191,83,5,1122.144504,26.80053479,2.973391898,81.18483858,48.58830823,62.95724535,9.248811659,14.44012968
22,221,31,22175,78,14,7814,7822,1422,781422,781,141,78141,84,5,971.5584444,24.94854695,2.658104307,82.70761623,46.82668345,64.27365539,11.25083255,15.861958
22,221,31,22175,68,60,6860,6822,6022,686022,681,601,68601,85,5,997.3453407,26.5914267,2.827034883,81.43589855,48.63127016,62.90326832,11.70465879,14.43071182
22,221,31,22175,55,45,5545,5522,4522,554522,551,451,55451,86,5,1100.530015,26.46661119,2.685528136,81.72206066,48.29835785,62.96068702,11.31426512,15.15590505
22,221,31,22175,37,26,3726,3722,2622,372622,371,261,37261,87,5,1193.090274,26.01132791,2.774602892,81.41322164,48.05925609,63.01284313,10.5393672,16.29238542
22,221,31,22175,10,62,1062,1022,6222,106222,101,621,10621,88,5,1111.304852,25.12682174,2.440773493,82.78373062,47.31300915,64.2728663,10.77674095,16.9684489
22,221,31,22176,84,4,844,8422,422,84422,841,41,8441,89,5,1290.183333,-999,2.734362092,81.27958419,48.80045902,64.59265488,9.754905387,15.93000846
22,221,31,22176,9,74,974,922,7422,97422,91,741,9741,90,5,1079.127407,-999,2.333332419,83.74098949,46.26798925,65.7622057,9.899923958,18.80025423
22,221,31,22176,14,52,1452,1422,5222,145222,141,521,14521,91,5,1021.740385,24.01860975,2.117839607,86.11786672,45.59366384,68.45844909,9.622327032,18.16374741
22,221,31,22176,13,57,1357,1322,5722,135722,131,571,13571,92,5,1078.141541,25.57184345,2.708983056,82.61775161,48.69528726,63.49590388,10.35033663,16.40216557
22,221,31,22176,88,35,8835,8822,3522,883522,881,351,88351,93,5,1038.119333,25.68409085,2.56085906,82.32558795,47.7416784,63.93428975,9.24974844,16.63733496
22,221,31,22176,89,103,89103,8922,10322,8910322,891,1031,891031,94,5,1012.12997,24.92280863,2.438335623,83.37772649,47.49526706,64.15007551,10.18680579,17.04470309
22,221,31,22176,34,85,3485,3422,8522,348522,341,851,34851,95,5,1092.036296,25.80000969,2.704307241,80.59451274,47.88071595,63.83559592,9.661261397,15.74061962
22,221,31,22176,9,27,927,922,2722,92722,91,271,9271,96,5,1048.071704,25.60811227,2.516943621,81.34425605,48.89615672,63.54009719,9.51319568,15.50468121
22,221,32,22177,90,91,9091,9022,9122,909122,901,911,90911,97,5,1231.7208,25.57781202,2.376206998,81.82748203,47.96624264,64.7042293,11.43347521,15.28467145
22,221,32,22177,90,102,90102,9022,10222,9010222,901,1021,901021,98,5,1188.027259,24.95502966,2.483783447,82.29764721,46.80227962,64.27836968,11.64974383,15.96677894
22,221,32,22177,65,7,657,6522,722,65722,651,71,6571,99,5,1284.772452,26.72145591,2.643180695,81.27714656,48.88551508,63.46080199,11.46082248,14.62480358
22,221,32,22177,2,87,287,222,8722,28722,21,871,2871,100,5,1003.390815,25.52951476,2.391295558,82.19039362,47.80518092,65.81285927,12.0602841,15.7391804
22,221,32,22177,2,13,213,222,1322,21322,21,131,2131,101,5,991.6472889,25.81073134,2.644738687,80.38891562,48.42194838,64.58105067,11.52203478,14.4236942
22,221,32,22177,104,103,104103,10422,10322,10410322,1041,1031,1041031,102,5,894.0652889,25.40285069,2.370931238,83.66157931,49.79366333,61.34853294,10.5669835,15.08905212
22,221,32,22177,41,40,4140,4122,4022,414022,411,401,41401,103,5,902.9361037,23.5916056,2.139256419,82.25467825,46.87056313,66.89262899,12.14186551,16.21070711
22,221,32,22177,64,43,6443,6422,4322,644322,641,431,64431,104,5,1085.333933,24.42360642,2.11327284,82.46758409,48.11194692,65.41809244,11.46593931,15.99449659
22,221,32,22178,48,9,489,4822,922,48922,481,91,4891,105,5,1037.794148,24.15480228,2.292017779,81.15851396,47.68865946,65.10380784,11.05805586,15.67895892
22,221,32,22178,44,64,4464,4422,6422,446422,441,641,44641,106,5,1127.22483,25.68621177,2.367915521,81.36218098,48.82191172,63.69347561,11.28952035,15.96496197
22,221,32,22178,60,87,6087,6022,8722,608722,601,871,60871,107,5,1009.917985,25.50528467,2.597553864,80.84970589,48.61192688,65.07942538,11.22331696,15.6822671
22,221,32,22178,31,75,3175,3122,7522,317522,311,751,31751,108,5,1025.051785,24.96154634,2.456216441,83.20371947,47.80219057,63.87027618,11.38478196,16.22525003
22,221,32,22178,23,60,2360,2322,6022,236022,231,601,23601,109,5,918.160737,26.08522541,2.96601304,82.56799624,47.09472607,65.59238818,12.23098431,14.07427508
22,221,32,22178,84,39,8439,8422,3922,843922,841,391,84391,110,5,1041.136756,27.08048877,3.093248584,81.87221861,48.64069227,63.88021343,11.94440306,14.59375237
22,221,32,22178,13,71,1371,1322,7122,137122,131,711,13711,111,5,1070.09843,26.04940702,2.807884897,83.25718089,47.04844067,65.86255252,11.32096986,15.80279229
22,221,33,22178,1,43,143,122,4322,14322,11,431,1431,112,5,1157.067471,25.11922057,2.616494745,83.05800458,46.8515445,65.79619741,10.64080318,15.58570858
22,221,33,22179,71,44,7144,7122,4422,714422,711,441,71441,113,5,1047.494425,25.41156123,2.607892515,83.39193604,47.28252135,65.34733865,11.53396355,14.61054695
22,221,33,22179,89,101,89101,8922,10122,8910122,891,1011,891011,114,5,982.4638444,24.52820345,2.403444097,84.50455284,46.83067556,66.15899281,11.47075962,15.35413736
22,221,33,22179,60,56,6056,6022,5622,605622,601,561,60561,115,5,1077.84823,24.8741219,2.644685477,83.69784362,47.46610196,65.91037096,10.96431749,15.47624305
22,221,33,22179,81,10,8110,8122,1022,811022,811,101,81101,116,5,846.1633407,23.46849026,2.244435854,86.08080535,45.41403695,67.8253124,10.95085596,17.37504995
22,221,33,22179,93,94,9394,9322,9422,939422,931,941,93941,117,5,891.3287111,26.01405698,2.576499569,84.01535422,48.10526774,64.82787187,11.61343668,13.56320973
22,221,33,22179,6,16,616,622,1622,61622,61,161,6161,118,5,939.1705556,25.11783615,2.632019271,82.78485757,47.70009911,64.59393042,11.450158,15.54192296
22,221,33,22179,104,91,10491,10422,9122,1049122,1041,911,104911,119,5,896.8795111,25.25873341,2.67450678,83.21667387,46.83284586,65.26605516,11.38115568,15.04348895
22,221,33,22179,89,90,8990,8922,9022,899022,891,901,89901,120,5,984.2692593,23.31444837,2.271156674,85.09596548,44.67757267,67.10756008,10.96296521,18.03532281
22,221,33,22180,67,17,6717,6722,1722,671722,671,171,67171,121,5,956.139437,25.8275063,2.923208428,82.18400132,47.6726636,63.79679105,11.82891903,14.14536197
22,221,33,22180,43,38,4338,4322,3822,433822,431,381,43381,122,5,801.1532,24.56124184,2.526160559,83.61302628,46.20119687,64.95854897,11.68064415,15.84409041
22,221,33,22180,37,53,3753,3722,5322,375322,371,531,37531,123,5,993.2247037,24.42982662,2.536414713,83.02576948,45.95944856,64.37162641,11.0291661,17.31678682
22,221,33,22180,7,6,76,722,622,7622,71,61,761,124,5,875.5035556,26.42388726,2.805421428,81.98745638,48.25134451,63.01428042,10.77295872,15.11785223
22,221,34,22180,66,12,6612,6622,1222,661222,661,121,66121,125,5,773.0825481,25.50015841,2.533730861,83.43161476,46.69498134,64.90004962,11.18769252,16.72061168
22,221,34,22180,73,76,7376,7322,7622,737622,731,761,73761,126,5,723.4644444,23.92724366,2.391469002,84.24305168,46.56253932,67.00152728,9.142170849,19.62783782
22,221,34,22180,78,80,7880,7822,8022,788022,781,801,78801,127,5,739.1066074,25.77624786,2.867864724,82.14469308,49.09641523,63.79725303,8.270458959,17.70229247
22,221,34,22180,53,11,5311,5322,1122,531122,531,111,53111,128,5,854.5000593,24.48742366,2.374533406,84.25901869,47.48058794,65.71274392,9.434333341,18.83121487
22,221,29,22181,73,56,7356,7322,5622,735622,731,561,73561,1,6,738.7527407,25.66698447,2.959226334,81.71294338,47.34016652,64.09732457,11.19647958,15.08294414
22,221,29,22181,53,58,5358,5322,5822,535822,531,581,53581,2,6,862.8305926,26.42153483,3.017192478,81.43323025,48.57221929,63.6929891,11.38844927,15.2945828
22,221,29,22181,22,4,224,2222,422,22422,221,41,2241,4,6,824.0524593,27.09022512,3.273259891,80.39398067,49.40488819,62.32869295,12.29988187,13.9168474
22,221,29,22181,5,66,566,522,6622,56622,51,661,5661,5,6,718.1955704,26.87906946,2.939877075,81.62969443,49.84367292,63.65020041,9.359082228,15.69884224
22,221,29,22181,66,75,6675,6622,7522,667522,661,751,66751,6,6,757.4690741,24.82062416,2.539414195,83.68343944,46.58620238,64.03014329,9.48174877,18.61758499
22,221,29,22181,74,5,745,7422,522,74522,741,51,7451,7,6,652.5320015,24.77599845,2.549618596,82.93680423,47.38935455,64.59640522,9.182703152,17.40804268
22,221,29,22181,100,101,100101,10022,10122,10010122,1001,1011,1001011,8,6,774.8207704,24.62353584,2.441198434,84.09248161,46.54438555,65.11274843,9.326166987,18.2338931
22,221,29,22182,104,101,104101,10422,10122,10410122,1041,1011,1041011,9,6,702.488717,26.31876285,2.882814015,81.80082617,47.9347591,65.96175015,11.85905578,15.52634343
22,221,29,22182,57,56,5756,5722,5622,575622,571,561,57561,10,6,886.4322548,25.11607796,3.082285936,80.90588486,48.44252513,64.53254979,12.04761739,16.42592569
22,221,29,22182,22,54,2254,2222,5422,225422,221,541,22541,11,6,1050.577532,26.20343852,3.064592559,80.80657205,49.4729006,63.5994944,11.36452124,15.71151795
22,221,29,22182,63,36,6336,6322,3622,633622,631,361,63361,12,6,974.986663,25.76306276,2.911320728,81.35574476,48.90428892,64.79236863,10.98483356,16.0643331
22,221,29,22182,54,19,5419,5422,1922,541922,541,191,54191,13,6,960.7945926,26.77239122,2.877516766,81.5415347,49.48513303,63.23846182,10.55029463,14.48477996
22,221,29,22182,31,4,314,3122,422,31422,311,41,3141,14,6,905.9068963,25.69947393,2.638465084,83.42312934,47.64406624,64.97883396,11.22330867,14.89153252
22,221,29,22182,57,73,5773,5722,7322,577322,571,731,57731,15,6,1046.579422,25.64886064,2.640039634,83.28148049,47.2176809,65.25075627,9.752990423,16.76976606
22,221,29,22182,79,34,7934,7922,3422,793422,791,341,79341,16,6,830.3216148,26.42392128,2.944266578,82.427808,47.62935055,64.84348896,9.989825323,13.24329315
22,221,29,22183,34,86,3486,3422,8622,348622,341,861,34861,17,6,983.1410074,27.94889539,3.106749471,81.02185498,50.70477805,62.90769573,9.918896408,14.01863677
22,221,29,22183,97,98,9798,9722,9822,979822,971,981,97981,18,6,757.0178519,25.5869595,2.484277834,85.02670312,46.48201968,68.39543307,9.574384208,16.73849223
22,221,29,22183,101,103,101103,10122,10322,10110322,1011,1031,1011031,19,6,947.4251407,26.93116254,3.012713072,81.34075457,49.43355802,64.6753642,10.04342217,14.68747167
22,221,29,22183,29,32,2932,2922,3222,293222,291,321,29321,20,6,856.0093778,25.58602375,2.63251209,83.23313154,47.6118837,66.36080794,9.303591623,17.24181827
22,221,29,22183,38,9,389,3822,922,38922,381,91,3891,21,6,826.1399259,24.44046369,2.612916104,84.16306071,46.19424793,66.49257656,11.65234892,17.43564027
22,221,29,22183,40,44,4044,4022,4422,404422,401,441,40441,22,6,818.5294815,26.99732072,3.26426964,80.71263856,50.07068306,64.5929989,12.55797215,13.79275827
22,221,29,22183,85,5,855,8522,522,85522,851,51,8551,23,6,1044.253741,25.68341906,3.093788938,81.43951801,49.02180417,64.62002752,11.59380527,15.69980219
22,221,29,22183,35,29,3529,3522,2922,352922,351,291,35291,24,6,851.4135111,27.77348136,3.288275537,79.47279494,50.1204485,59.40167102,11.94774888,12.65691815
22,221,29,22184,45,10,4510,4522,1022,451022,451,101,45101,25,6,636.3234741,24.78001108,2.51751227,84.24100401,46.14272197,67.53029392,12.38865079,15.74553356
22,221,29,22184,65,51,6551,6522,5122,655122,651,511,65511,26,6,815.5592963,25.36412624,2.74307567,82.99524264,48.53175554,66.18568975,12.11591999,15.03271495
22,221,29,22184,67,7,677,6722,722,67722,671,71,6771,27,6,949.3163259,24.77705907,2.773338593,83.14247066,47.26138453,66.09965873,12.50808466,15.75059867
22,221,29,22184,11,80,1180,1122,8022,118022,111,801,11801,28,6,945.7434074,23.67134319,2.524063359,84.41385513,45.892588,67.95302457,12.08947941,17.04938816
22,221,29,22184,36,12,3612,3622,1222,361222,361,121,36121,29,6,911.8905185,25.08008063,2.739491287,83.24329388,47.70504959,65.37299276,13.47818346,15.92992756
22,221,29,22184,93,94,9394,9322,9422,939422,931,941,93941,30,6,890.1856444,27.49722507,3.134334743,81.02478181,50.21661627,62.44064821,13.34522192,12.83717334
22,221,29,22184,52,36,5236,5222,3622,523622,521,361,52361,31,6,1018.863556,25.38885403,3.025418998,81.85429011,48.52633134,63.66368238,11.54881086,15.57694684
22,221,29,22184,72,77,7277,7222,7722,727722,721,771,72771,32,6,1040.797585,25.47127276,2.718674301,83.21209233,46.99335919,63.91382662,13.26266821,16.11071143
22,221,29,22185,16,20,1620,1622,2022,162022,161,201,16201,33,6,890.9134074,25.07044167,2.607790362,83.91027694,47.23231179,66.85024263,11.43323541,15.36877356
22,221,29,22185,41,85,4185,4122,8522,418522,411,851,41851,34,6,936.0823704,23.97958007,2.475247598,84.03344599,46.6643269,67.86065951,11.30282973,16.88249794
22,221,29,22185,53,58,5358,5322,5822,535822,531,581,53581,35,6,1148.974815,25.47696416,2.909293594,82.81605261,47.77372754,65.09733035,10.446329,15.48126973
22,221,29,22185,90,93,9093,9022,9322,909322,901,931,90931,36,6,947.9138889,25.50748052,2.459247726,83.78050803,47.90091442,66.37528537,11.00846479,15.21037729
22,221,29,22185,40,43,4043,4022,4322,404322,401,431,40431,37,6,824.0953333,24.69895299,2.317671233,85.28108506,45.71173096,68.76885102,11.96719818,15.89097984
22,221,29,22185,55,10,5510,5522,1022,551022,551,101,55101,38,6,987.3399852,25.30492137,2.518740528,84.23622996,47.47710807,67.23119376,11.88021074,15.81706028
22,221,29,22185,86,85,8685,8622,8522,868522,861,851,86851,39,6,1150.969926,25.2809901,2.637428899,83.27392744,48.26602303,66.10681588,11.27302464,15.77638612
22,221,29,22185,62,40,6240,6222,4022,624022,621,401,62401,40,6,959.1850296,26.36062197,2.515922315,83.88349096,48.01144842,66.45016818,11.37813869,15.15761772
22,221,29,22186,58,77,5877,5822,7722,587722,581,771,58771,41,6,956.720963,24.96485524,2.7237423,82.73635336,46.25442202,66.64228171,11.25607486,15.76593467
22,221,29,22186,15,46,1546,1522,4622,154622,151,461,15461,42,6,821.2250667,25.17420882,2.784355884,82.32467682,45.83551738,65.02226209,12.15253083,15.26089367
22,221,29,22186,99,102,99102,9922,10222,9910222,991,1021,991021,43,6,950.5742222,24.45989313,2.867272304,82.0303177,45.9572174,66.84551133,10.94398601,16.7286834
22,221,29,22186,19,7,197,1922,722,19722,191,71,1971,44,6,1059.047593,25.10789249,2.940871615,81.74947879,47.36336709,65.08408974,10.44923303,16.25883235
22,221,29,22186,39,17,3917,3922,1722,391722,391,171,39171,45,6,1019.855148,26.15964205,2.74275052,82.60082811,48.45075973,64.30522209,10.46399902,16.97427004
22,221,29,22186,41,86,4186,4122,8622,418622,411,861,41861,46,6,973.0958519,25.57463193,2.531625421,83.76594453,47.9909994,66.5883131,10.90402294,16.05503943
22,221,29,22186,62,41,6241,6222,4122,624122,621,411,62411,47,6,974.3202074,24.84577734,2.216431954,85.4624692,45.33726062,68.34153714,10.68322635,17.74642171
22,221,29,22186,59,31,5931,5922,3122,593122,591,311,59311,48,6,1043.629874,25.13676734,2.655336805,83.29113135,48.11330045,66.25442727,10.36913536,17.55293493
22,221,30,22187,42,26,4226,4222,2622,422622,421,261,42261,49,6,913.3519778,26.71491787,3.007985843,81.22177209,49.06646574,61.89701281,10.19463613,13.86154448
22,221,30,22187,15,47,1547,1522,4722,154722,151,471,15471,50,6,937.991437,25.51463317,2.565055193,83.92907795,46.47568271,65.59999371,10.90197618,15.25888964
22,221,30,22187,76,21,7621,7622,2122,762122,761,211,76211,51,6,896.674963,24.82394608,2.414460225,84.04646345,45.49467549,65.66892107,9.763299701,16.52060554
22,221,30,22187,39,17,3917,3922,1722,391722,391,171,39171,52,6,982.3922963,27.44427464,3.056347014,81.56233445,49.68537823,62.18040173,11.12409658,13.62613399
22,221,31,22187,21,81,2181,2122,8122,218122,211,811,21811,53,6,1025.519259,22.08907557,2.282250832,85.39288961,42.29394593,68.31324556,8.607752957,19.51592678
22,221,31,22187,68,23,6823,6822,2322,682322,681,231,68231,54,6,862.0453111,25.86051514,2.767931653,83.44461311,47.78482565,64.1686906,9.909360924,14.96764773
22,221,31,22187,49,81,4981,4922,8122,498122,491,811,49811,55,6,848.9584444,24.24251319,2.589059578,84.35133975,44.80456751,65.69841747,9.360098409,16.41509803
22,221,31,22187,27,5,275,2722,522,27522,271,51,2751,56,6,927.3735407,27.41443247,3.12636452,81.65063756,49.71221237,62.58279238,8.945895103,14.08248693
22,221,31,22188,96,98,9698,9622,9822,969822,961,981,96981,57,6,965.5858815,25.50583074,2.814247089,82.73431583,47.14753279,65.33973059,10.74972369,15.77780018
22,221,31,22188,18,68,1868,1822,6822,186822,181,681,18681,58,6,1154.728148,27.47355987,2.847368229,82.37261259,49.26147389,64.18356942,11.62239303,13.32699787
22,221,31,22188,4,54,454,422,5422,45422,41,541,4541,59,6,1153.739378,27.49006039,3.122230515,81.44508861,49.68025082,62.6709974,11.22655127,13.28453734
22,221,31,22188,12,22,1222,1222,2222,122222,121,221,12221,60,6,984.499037,25.93072452,2.733692349,83.39324221,47.30578943,64.86511019,11.65316223,14.95131731
22,221,31,22188,91,103,91103,9122,10322,9110322,911,1031,911031,61,6,892.736837,25.82927154,2.775251528,82.11079455,46.90649707,64.5189644,9.617146893,15.53177944
22,221,31,22188,56,32,5632,5622,3222,563222,561,321,56321,62,6,872.1747481,27.24746946,2.954839463,81.64953754,48.72474329,62.95936917,10.51577333,14.3626736
22,221,31,22188,63,66,6366,6322,6622,636622,631,661,63661,63,6,882.8190222,26.56928211,2.72833603,82.25814464,47.84103006,63.65541947,10.12113631,14.9378002
22,221,31,22188,20,37,2037,2022,3722,203722,201,371,20371,64,6,918.5207407,24.96836887,2.620643558,82.90712283,46.04761877,65.01449807,10.31552317,17.25674625
22,221,31,22189,83,55,8355,8322,5522,835522,831,551,83551,65,6,923.8387852,26.64407475,2.869789075,82.09317171,48.2612687,63.90191123,11.29817209,14.34148944
22,221,31,22189,25,30,2530,2522,3022,253022,251,301,25301,66,6,1021.478785,28.18044095,3.009323498,80.53469029,50.08137267,61.74980318,12.07955015,13.85083127
22,221,31,22189,98,102,98102,9822,10222,9810222,981,1021,981021,67,6,1249.739111,28.05930496,2.897093993,82.03510952,49.80524068,63.86745489,10.97768071,14.51421313
22,221,31,22189,89,100,89100,8922,10022,8910022,891,1001,891001,68,6,927.6480741,27.06986306,2.693068093,81.77741077,48.20042923,63.42488393,11.90474765,15.91231489
22,221,31,22189,3,46,346,322,4622,34622,31,461,3461,69,6,1123.84915,26.67289424,3.083036287,81.1315798,48.67176003,62.93677603,12.43305676,14.89840456
22,221,31,22189,90,92,9092,9022,9222,909222,901,921,90921,70,6,1076.013148,27.05083806,2.958693537,81.13557317,49.02811078,61.04942427,11.58603405,15.17673517
22,221,31,22189,50,18,5018,5022,1822,501822,501,181,50181,71,6,937.2083348,26.57584628,2.82602976,81.80746436,48.1631958,63.96449645,10.48524324,16.13871808
22,221,31,22189,84,5,845,8422,522,84522,841,51,8451,72,6,1060.35699,28.90792435,3.029134039,80.81266846,51.16485395,62.62363526,11.67212912,13.76660559
22,221,31,22190,27,63,2763,2722,6322,276322,271,631,27631,73,6,986.5590889,27.12204445,2.541905684,83.3943869,48.71841111,65.19977573,11.38856203,14.93818602
22,221,31,22190,60,57,6057,6022,5722,605722,601,571,60571,74,6,888.5761244,26.64045557,2.69368184,82.42846509,48.49394699,63.91974563,11.24461273,16.23626649
22,221,31,22190,89,103,89103,8922,10322,8910322,891,1031,891031,75,6,882.4376667,25.59554084,2.418536742,83.84802443,47.03660009,65.83109814,11.1794866,16.97310502
22,221,31,22190,15,2,152,1522,222,15222,151,21,1521,76,6,981.7463704,26.48095612,2.426126562,83.94860635,47.18088363,65.39561023,11.12437117,17.53508908
22,221,31,22190,54,30,5430,5422,3022,543022,541,301,54301,77,6,1164.256267,27.66806672,3.001461157,80.52093688,49.09668746,63.16366899,10.01116457,13.83173298
22,221,31,22190,17,65,1765,1722,6522,176522,171,651,17651,78,6,1088.906341,27.84309904,2.97604265,80.62277586,49.42596944,61.63513624,10.93041526,13.32612195
22,221,31,22190,29,70,2970,2922,7022,297022,291,701,29701,79,6,1035.535081,26.61860895,2.585564987,82.28425954,48.4508221,64.26107502,10.98038382,14.58183385
22,221,31,22190,68,3,683,6822,322,68322,681,31,6831,80,6,1264.530622,26.74305276,2.885118402,80.68574294,48.58321816,63.39510929,11.28874306,14.59865139
22,221,31,22191,48,73,4873,4822,7322,487322,481,731,48731,81,6,983.8432741,24.23848455,2.503448229,84.16976583,44.51897158,66.3294872,9.953175531,17.87320017
22,221,31,22191,12,84,1284,1222,8422,128422,121,841,12841,82,6,1116.07877,25.73230648,2.679884984,82.47769096,47.85814629,63.7143557,11.55596763,15.19057127
22,221,31,22191,16,35,1635,1622,3522,163522,161,351,16351,83,6,1131.42437,26.00411447,2.635844922,82.46074358,47.70844669,63.80242074,10.20217475,15.93054418
22,221,31,22191,95,97,9597,9522,9722,959722,951,971,95971,84,6,1255.981689,28.13423106,2.880250806,80.54021108,50.0749684,62.12195276,11.29688854,13.47101095
22,221,31,22191,99,100,99100,9922,10022,9910022,991,1001,991001,85,6,992.5182963,25.29144281,2.501505561,83.01864814,46.65568038,63.97957338,11.06254883,15.97607492
22,221,31,22191,58,11,5811,5822,1122,581122,581,111,58111,86,6,1185.603281,26.74158451,2.65476182,81.70751609,48.93483067,63.15228534,11.74882101,14.82219173
22,221,31,22191,82,49,8249,8222,4922,824922,821,491,82491,87,6,1061.650881,25.50387498,2.570433004,82.94892538,47.86610625,63.55891762,10.75261592,16.18552266
22,221,31,22191,89,91,8991,8922,9122,899122,891,911,89911,88,6,1059.843259,26.01498225,2.509819031,81.92988864,48.49272999,63.15125533,11.27148703,15.93329574
22,221,31,22192,71,33,7133,7122,3322,713322,711,331,71331,89,6,1022.003704,26.74453494,2.673183407,81.95308199,49.5731545,64.36560746,9.72275016,15.54759555
22,221,31,22192,21,83,2183,2122,8322,218322,211,831,21831,90,6,955.9169481,24.88572387,2.300617801,82.86513308,48.40951987,66.53050349,9.60876524,17.1491772
22,221,31,22192,25,17,2517,2522,1722,251722,251,171,25171,91,6,976.2228148,27.86486921,3.014759016,80.84257451,50.01136646,62.31424817,9.343013185,13.9137193
22,221,31,22192,80,81,8081,8022,8122,808122,801,811,80811,92,6,906.2557333,24.81484522,2.411341441,82.93402127,47.97714822,64.24466939,9.743235871,17.53475609
22,221,31,22192,22,61,2261,2222,6122,226122,221,611,22611,93,6,1178.657763,26.06200258,2.747179895,81.46719023,48.53024438,63.20644839,9.483218402,15.92110697
22,221,31,22192,42,29,4229,4222,2922,422922,421,291,42291,94,6,921.7670519,26.12246282,2.612510484,81.46740716,49.39141336,63.59571831,10.55188473,15.11038707
22,221,31,22192,91,93,9193,9122,9322,919322,911,931,91931,95,6,973.0984741,25.04897271,2.22433191,83.82719852,47.50212988,63.99663616,9.651559334,17.20338369
22,221,31,22192,50,47,5047,5022,4722,504722,501,471,50471,96,6,1078.478148,24.47912486,2.237307603,84.01280247,47.32020156,64.05939381,11.0679239,18.28855713
22,221,32,22193,69,28,6928,6922,2822,692822,691,281,69281,97,6,1102.033704,23.67701202,2.331488094,82.66453845,46.81760557,64.71713578,11.23890529,16.72172693
22,221,32,22193,9,14,914,922,1422,91422,91,141,9141,98,6,985.3871926,23.29873464,2.300552571,84.06314349,45.6562931,64.54273807,11.85534061,18.16971321
22,221,32,22193,18,47,1847,1822,4722,184722,181,471,18471,99,6,1089.941859,25.12444541,2.369064061,82.89929883,47.69171294,64.63259506,11.79561876,15.53947686
22,221,32,22193,19,30,1930,1922,3022,193022,191,301,19301,100,6,929.7554074,-999,2.165322468,86.36476083,44.88749565,68.18746522,13.99336391,14.24101079
22,221,32,22193,58,72,5872,5822,7222,587222,581,721,58721,101,6,1210.494,24.9861786,2.335923056,82.20246324,47.54328274,65.37730976,10.61015894,16.72975675
22,221,32,22193,38,52,3852,3822,5222,385222,381,521,38521,102,6,1065.558444,26.03963011,2.609849194,80.24397271,49.07248792,62.81089456,10.98667269,14.83048621
22,221,32,22193,36,66,3666,3622,6622,366622,361,661,36661,103,6,1020.673348,22.765058,2.121254082,82.28941065,46.13917456,68.3170703,11.0109742,16.94056325
22,221,32,22194,20,53,2053,2022,5322,205322,201,531,20531,105,6,1205.805541,24.28203967,2.282433243,81.35075597,48.16500391,65.79795796,10.65856813,16.6147552
22,221,32,22194,23,60,2360,2322,6022,236022,231,601,23601,106,6,868.9609185,25.9163659,2.460241215,82.92780876,49.85874423,62.78250267,11.73206901,15.05616917
22,221,32,22194,16,20,1620,1622,2022,162022,161,201,16201,107,6,1021.037481,24.69312532,2.366119331,82.11333644,47.45993891,64.81355816,11.51370719,16.3529759
22,221,32,22194,79,86,7986,7922,8622,798622,791,861,79861,108,6,1004.949807,26.71263317,2.663722065,80.60875583,50.23979017,62.04147437,11.73504049,15.3319911
22,221,32,22194,95,97,9597,9522,9722,959722,951,971,95971,109,6,1252.870516,27.42878739,2.881996411,81.39477412,49.54219058,64.3265396,11.68454974,14.36127039
22,221,32,22194,80,81,8081,8022,8122,808122,801,811,80811,110,6,880.0984207,24.72170619,2.699391111,83.26405991,45.91779606,66.51578313,10.27020519,17.80937507
22,221,32,22194,30,51,3051,3022,5122,305122,301,511,30511,111,6,1037.611653,25.16298296,2.602684581,83.88169072,46.61946417,65.57969397,10.80379614,17.45448559
22,221,33,22194,24,2,242,2422,222,24222,241,21,2421,112,6,801.5074622,24.49290684,2.277286402,85.24568893,45.83652595,66.14015826,11.00688806,16.59812092
22,221,33,22195,18,15,1815,1822,1522,181522,181,151,18151,113,6,951.4470274,24.40548478,2.58814581,83.52754412,46.70230455,64.91453152,10.92545916,16.86313913
22,221,33,22195,34,40,3440,3422,4022,344022,341,401,34401,114,6,872.3494444,26.12003305,2.680477197,82.47654785,48.85397403,63.3841667,12.20333092,13.58810297
22,221,33,22195,23,87,2387,2322,8722,238722,231,871,23871,115,6,1070.218704,26.35796186,3.102814834,80.91350545,49.18274339,62.99577863,10.94450625,14.31639923
22,221,33,22195,86,40,8640,8622,4022,864022,861,401,86401,116,6,863.5566963,25.47850722,2.648668849,83.34731685,48.10596212,65.46127468,11.77101716,14.17228528
22,221,33,22195,89,104,89104,8922,10422,8910422,891,1041,891041,117,6,751.224237,24.04892906,2.374100969,84.54794644,46.23612196,66.09595423,11.46675085,15.96046019
22,221,33,22195,70,72,7072,7022,7222,707222,701,721,70721,118,6,986.1807704,24.43419739,2.361961057,84.6580092,46.74680004,66.72397026,11.28235123,15.56927831
22,221,33,22195,5,59,559,522,5922,55922,51,591,5591,119,6,997.9573481,25.64785818,2.832224881,82.40406956,47.78729469,63.76625491,10.8383516,15.50169155
22,221,33,22195,95,99,9599,9522,9922,959922,951,991,95991,120,6,818.1272444,23.96989565,2.468513393,84.05437817,45.53136673,66.24076877,11.25827129,16.39365531
22,221,33,22196,32,8,328,3222,822,32822,321,81,3281,121,6,873.4618667,25.06062094,2.588459189,83.21006205,47.0713799,64.36556045,10.37853191,16.67386735
22,221,33,22196,5,59,559,522,5922,55922,51,591,5591,122,6,942.0215481,26.40361517,2.824219865,80.82369953,48.65257761,62.35856225,10.21062249,15.51812139
22,221,33,22196,38,52,3852,3822,5222,385222,381,521,38521,123,6,782.8080963,24.97495246,2.617127518,83.18300712,46.85391747,63.99302354,11.0886612,16.60442073
22,221,33,22196,6,42,642,622,4222,64222,61,421,6421,124,6,748.2802074,25.03371694,2.381764812,84.10799166,46.90949421,64.51980058,10.51699656,17.02318315
22,221,34,22196,49,69,4969,4922,6922,496922,491,691,49691,125,6,756.0211704,24.85596261,2.518265816,83.80638768,46.56737839,65.42702833,11.1750226,16.80394358
22,221,34,22196,67,6,676,6722,622,67622,671,61,6761,126,6,772.9215704,26.50157896,2.861616837,82.46456597,49.71867601,63.95119247,8.433385305,16.75764861
22,221,34,22196,10,41,1041,1022,4122,104122,101,411,10411,127,6,663.7713704,24.1038639,2.046727586,86.33621188,45.92925124,69.53710384,9.235247599,19.55004031
22,221,34,22196,74,36,7436,7422,3622,743622,741,361,74361,128,6,729.9075556,25.73862964,2.563111253,84.26331718,49.15549228,64.88237474,9.476516452,17.25497885
22,222,29,22233,47,3,473,4722,322,47322,472,32,4732,1,3,1228.163733,26.36601141,3.119964065,81.32715411,48.74024229,62.46194603,11.74457593,15.02738451
22,222,29,22233,63,66,6366,6322,6622,636622,632,662,63662,2,3,1120.741007,25.27975931,2.877579093,81.93133851,47.30170013,63.90407251,12.44282254,16.2905568
22,222,29,22233,35,42,3542,3522,4222,354222,352,422,35422,3,3,954.5025926,24.63069185,2.741002656,82.8982977,46.69448037,64.44093288,12.9893871,16.51303799
22,222,29,22233,76,80,7680,7622,8022,768022,762,802,76802,4,3,998.028037,24.53790054,2.917133396,81.86097015,46.51304042,64.25358423,12.76711243,16.95027434
22,222,29,22233,89,91,8991,8922,9122,899122,892,912,89912,5,3,1031.276148,26.04454508,2.827297069,82.41550066,47.93223955,63.78429297,11.56557595,16.12840456
22,222,29,22233,47,49,4749,4722,4922,474922,472,492,47492,6,3,1078.00717,25.55086408,2.546029111,82.64347911,47.61696205,63.15571559,11.41368783,15.92052862
22,222,29,22233,23,13,2313,2322,1322,231322,232,132,23132,7,3,1176.372347,25.78359469,2.910854807,82.3468616,48.01780393,63.53891768,9.847182243,16.94052264
22,222,29,22233,21,83,2183,2122,8322,218322,212,832,21832,8,3,986.0248926,24.75576107,2.567116957,83.85524907,47.8272059,65.63073116,10.71938004,17.27352779
22,222,29,22234,57,73,5773,5722,7322,577322,572,732,57732,9,3,1038.08517,25.67272413,2.791789656,82.68946801,47.77436379,65.07599549,11.94013711,16.58910297
22,222,29,22234,67,7,677,6722,722,67722,672,72,6772,10,3,1033.323074,26.19962508,2.950453773,81.43328181,48.81786543,64.39196388,13.35830727,14.66096185
22,222,29,22234,68,23,6823,6822,2322,682322,682,232,68232,11,3,1069.575475,26.30967223,2.9475087,82.5315017,48.63898145,65.13177113,12.1661267,15.54523085
22,222,29,22234,29,70,2970,2922,7022,297022,292,702,29702,12,3,998.9250111,27.33461617,3.005843939,81.20461326,49.33038668,63.66225711,13.31337877,14.55310866
22,222,29,22234,73,56,7356,7322,5622,735622,732,562,73562,13,3,1086.461074,24.03790965,2.483826731,84.34886763,46.04591251,68.01613693,11.28982327,17.06250997
22,222,29,22234,49,69,4969,4922,6922,496922,492,692,49692,14,3,910.6722074,24.63492382,2.560825696,84.07363169,46.95983301,67.83639607,12.85294451,15.71377148
22,222,29,22234,81,10,8110,8122,1022,811022,812,102,81102,15,3,1126.682148,24.92710823,2.52571544,83.88066746,46.89196531,66.08529086,10.54179962,15.63525568
22,222,29,22234,74,59,7459,7422,5922,745922,742,592,74592,16,3,1124.739111,25.07987384,2.515346475,84.28645272,46.97435212,66.72375931,11.81915412,15.99342339
22,222,29,22235,16,35,1635,1622,3522,163522,162,352,16352,17,3,1013.613681,25.89747705,2.513266782,83.71925967,47.14454331,66.55110426,11.11394179,16.68060884
22,222,29,22235,79,41,7941,7922,4122,794122,792,412,79412,18,3,1025.090667,25.89879663,2.469199891,83.9443324,48.33100971,66.92466378,12.06631147,15.34096608
22,222,29,22235,19,7,197,1922,722,19722,192,72,1972,19,3,1078.906637,27.41896487,2.766828056,82.6687441,49.95535331,64.22741248,10.01319482,15.0340789
22,222,29,22235,10,79,1079,1022,7922,107922,102,792,10792,20,3,937.5848889,25.25881008,2.566353489,83.70686044,48.09643208,66.59573932,12.15884968,15.54275451
22,222,29,22235,40,45,4045,4022,4522,404522,402,452,40452,21,3,859.4462222,25.5937092,2.648622215,83.30966977,47.50629104,66.61582247,12.82664567,14.68322664
22,222,29,22235,88,20,8820,8822,2022,882022,882,202,88202,22,3,1046.600741,25.22109691,2.634647792,83.75629455,47.07583801,67.21085216,12.88298564,15.65028134
22,222,29,22235,49,10,4910,4922,1022,491022,492,102,49102,23,3,1193.356674,25.36065304,2.664410855,83.54953227,47.13294333,65.9030345,12.35684394,15.49822234
22,222,29,22235,27,5,275,2722,522,27522,272,52,2752,24,3,1062.393244,26.52329348,2.833069567,82.69998236,48.77759502,65.16536682,12.03445343,15.79579194
22,222,29,22236,63,66,6366,6322,6622,636622,632,662,63662,25,3,1267.333037,25.69383552,2.776460051,83.50259647,47.7887943,65.3703367,12.75359714,14.88334529
22,222,29,22236,1,48,148,122,4822,14822,12,482,1482,26,3,1016.678756,24.98546673,2.890971482,83.12634946,46.62830662,64.46737668,13.29420243,14.72945197
22,222,29,22236,65,7,657,6522,722,65722,652,72,6572,27,3,1218.078481,25.73394798,2.589492426,83.87927071,47.43949218,66.16995695,12.79665166,15.47761966
22,222,29,22236,44,8,448,4422,822,44822,442,82,4482,28,3,1384.429941,25.68661356,2.808873773,83.15380621,47.56537752,64.28547163,13.02612976,15.15633448
22,222,29,22236,60,73,6073,6022,7322,607322,602,732,60732,29,3,1245.073511,24.87875566,2.678304717,84.17842806,46.52329718,65.26728378,13.31687688,16.37785831
22,222,29,22236,15,3,153,1522,322,15322,152,32,1532,30,3,1189.370504,24.64741684,2.849957183,83.25251476,46.73335713,64.17894769,14.96726756,15.50788267
22,222,29,22236,58,70,5870,5822,7022,587022,582,702,58702,31,3,1274.08397,25.27179516,2.769375395,82.61014357,48.08331054,64.94442185,13.28326833,15.72034913
22,222,29,22236,66,75,6675,6622,7522,667522,662,752,66752,32,3,1188.691689,24.91516014,2.786834285,82.76412295,47.29237583,63.47569663,12.69065427,16.57377945
22,222,29,22237,64,8,648,6422,822,64822,642,82,6482,33,3,1243.619615,24.50971781,2.605102122,84.18390171,46.27834969,67.30516225,11.84755943,16.89322713
22,222,29,22237,89,103,89103,8922,10322,8910322,892,1032,891032,34,3,1168.718578,24.8262069,2.340669343,84.45148814,47.33953762,68.32076751,12.32512434,15.78768531
22,222,29,22237,72,77,7277,7222,7722,727722,722,772,72772,35,3,1231.322963,24.76730073,2.363429868,84.76392806,46.79451367,68.36381063,10.84494213,16.32795043
22,222,29,22237,104,92,10492,10422,9222,1049222,1042,922,104922,36,3,1345.605926,27.09968621,3.014116004,81.91126062,49.67739676,62.89031861,12.017534,14.46366322
22,222,29,22237,22,54,2254,2222,5422,225422,222,542,22542,37,3,1231.102444,26.81024743,2.791505821,82.65718311,48.95025126,64.69221464,12.81522339,14.59196436
22,222,29,22237,29,32,2932,2922,3222,293222,292,322,29322,38,3,1125.404222,26.15779711,2.577493716,83.54506201,48.28596488,65.30125293,12.59820924,15.26403826
22,222,29,22237,97,98,9798,9722,9822,979822,972,982,97982,39,3,1084.458,25.24203084,2.384512326,84.79620728,47.45889289,67.79717963,12.6996983,15.84283433
22,222,29,22237,104,101,104101,10422,10122,10410122,1042,1012,1041012,40,3,1152.940074,26.86493136,2.528053382,83.93290228,48.4855845,67.16511189,12.93974955,14.26069189
22,222,29,22238,35,29,3529,3522,2922,352922,352,292,35292,41,3,1221.523778,27.12430858,3.052517955,81.16578086,48.34962549,63.4087086,11.50429694,14.63078938
22,222,29,22238,57,71,5771,5722,7122,577122,572,712,57712,42,3,1265.706015,26.93381565,3.127082047,80.52164,48.73147965,62.62855223,11.74056851,14.21793213
22,222,29,22238,80,21,8021,8022,2122,802122,802,212,80212,43,3,1408.607393,25.85297001,2.85684961,82.1429962,47.83966615,65.72421135,12.37083158,14.58938725
22,222,29,22238,86,40,8640,8622,4022,864022,862,402,86402,44,3,1204.536326,24.85802055,2.864785429,82.15338384,47.27111682,66.37927377,14.15088649,14.62929953
22,222,29,22238,61,25,6125,6122,2522,612522,612,252,61252,45,3,1440.875704,27.68841843,2.743206152,82.14850085,50.12579279,63.89299337,11.51512592,15.21048889
22,222,29,22238,12,22,1222,1222,2222,122222,122,222,12222,46,3,1344.336133,26.71135943,2.816305555,82.4935283,48.82269217,63.77229599,12.47636787,15.17754001
22,222,29,22238,25,30,2530,2522,3022,253022,252,302,25302,47,3,1301.579556,28.18221254,3.049205627,81.5454832,50.64548885,62.01298874,12.65464659,14.15797951
22,222,29,22238,98,102,98102,9822,10222,9810222,982,1022,981022,48,3,1433.701437,27.34329001,2.811710936,82.63519294,49.69297205,64.79135111,12.8227224,13.86602013
22,222,30,22239,90,91,9091,9022,9122,909122,902,912,90912,49,3,1197.603711,26.7563468,2.683326976,82.26732866,48.58160963,62.46986668,11.06036243,13.87414237
22,222,30,22239,25,17,2517,2522,1722,251722,252,172,25172,50,3,1191.171081,27.56582608,3.063572343,81.44055455,49.71824535,61.63140613,12.00885973,12.5768051
22,222,30,22239,64,43,6443,6422,4322,644322,642,432,64432,51,3,1330.092504,27.14019298,2.846260613,82.17368737,49.13843899,62.4416491,11.07371169,13.60770279
22,222,30,22239,99,100,99100,9922,10022,9910022,992,1002,991002,52,3,1358.194548,25.78074064,2.672396991,83.30650336,48.05575197,64.85478068,11.65733372,14.62486762
22,222,31,22239,48,52,4852,4822,5222,485222,482,522,48522,53,3,1253.322578,23.9707651,2.384144968,85.25847095,45.0336042,65.52372226,10.40688598,16.88899182
22,222,31,22239,55,79,5579,5522,7922,557922,552,792,55792,54,3,1299.581185,25.48186287,2.752911953,83.25638258,47.85107898,63.32119583,11.22301843,15.3269385
22,222,31,22239,36,5,365,3622,522,36522,362,52,3652,55,3,1291.668059,25.37491643,2.694561545,84.15253233,47.2159711,64.07009814,10.48109979,15.58121717
22,222,31,22239,71,73,7173,7122,7322,717322,712,732,71732,56,3,1404.010341,25.21497702,2.558285778,84.66006477,46.44654228,64.62644887,10.64855887,16.45317138
22,222,31,22240,78,80,7880,7822,8022,788022,782,802,78802,57,3,1294.172178,25.32961172,2.549040653,84.55477491,46.75902551,65.86758223,11.21230478,15.56376928
22,222,31,22240,7,6,76,722,622,7622,72,62,762,58,3,1276.942222,26.26840983,2.584317286,83.675129,48.0654272,64.38385807,11.67760976,14.73788275
22,222,31,22240,50,47,5047,5022,4722,504722,502,472,50472,59,3,1253.291037,26.0868178,2.558471111,83.69732557,47.66996803,64.80073365,12.17873054,13.64938214
22,222,31,22240,16,42,1642,1622,4222,164222,162,422,16422,60,3,1137.958459,26.09075946,2.590573147,83.65184124,47.90042789,64.56662425,12.44176636,14.73376367
22,222,31,22240,56,33,5633,5622,3322,563322,562,332,56332,61,3,1033.521496,26.85038476,2.661479603,82.1552916,47.94091416,63.80330753,11.24288585,13.58263608
22,222,31,22240,87,71,8771,8722,7122,877122,872,712,87712,62,3,1257.956667,26.70472989,2.709524806,82.12096946,48.45784776,63.00817046,10.31806034,15.84118526
22,222,31,22240,84,39,8439,8422,3922,843922,842,392,84392,63,3,1568.115185,28.09184483,3.034731714,80.22867633,49.9025218,63.01252433,10.18497568,13.60001564
22,222,31,22240,38,27,3827,3822,2722,382722,382,272,38272,64,3,1302.374556,26.72411117,2.611208813,82.61817511,48.41658064,63.6722336,10.06916427,15.79459852
22,222,31,22241,97,98,9798,9722,9822,979822,972,982,97982,65,3,1225.712281,26.60297368,2.58207214,83.28578993,47.65216792,65.55809241,12.0064231,15.73414332
22,222,31,22241,43,78,4378,4322,7822,437822,432,782,43782,66,3,1247.856296,27.32418394,2.72305616,81.38125466,49.14419323,63.62675452,12.21456485,13.80865102
22,222,31,22241,54,19,5419,5422,1922,541922,542,192,54192,67,3,1367.48657,28.28806648,2.970527839,80.28110482,50.62151427,61.95325237,11.11968507,13.36881245
22,222,31,22241,39,17,3917,3922,1722,391722,392,172,39172,68,3,1327.285333,27.7914661,2.815649057,80.79985278,49.77997343,62.55319158,12.29927028,13.94168278
22,222,31,22241,101,103,101103,10122,10322,10110322,1012,1032,1011032,69,3,1009.851067,26.92151388,2.617617118,82.40648523,48.40819641,64.47667234,12.33898658,14.45412535
22,222,31,22241,3,23,323,322,2322,32322,32,232,3232,70,3,1397.526639,26.9741444,2.668399443,82.08835403,49.11214134,64.24705009,12.53489043,14.6892314
22,222,31,22241,41,86,4186,4122,8622,418622,412,862,41862,71,3,1307.839471,28.20144388,2.724295566,80.772291,50.1623468,62.89378507,12.09212776,13.18973641
22,222,31,22241,44,45,4445,4422,4522,444522,442,452,44452,72,3,1302.452764,28.045964,2.880602646,80.43002759,50.08359119,62.28224751,12.58562868,13.38535443
22,222,31,22242,55,56,5556,5522,5622,555622,552,562,55562,73,3,1336.526255,27.60102139,2.615611886,82.28630215,49.86062209,64.59990428,11.84655585,14.65719269
22,222,31,22242,82,49,8249,8222,4922,824922,822,492,82492,74,3,1334.462813,26.73478942,2.443488445,83.15674415,49.13925153,65.13454954,12.68842558,15.52647904
22,222,31,22242,91,94,9194,9122,9422,919422,912,942,91942,75,3,1185.228296,27.70772886,2.568128898,82.22489545,49.36864542,63.94134104,12.50441688,14.300638
22,222,31,22242,27,52,2752,2722,5222,275222,272,522,27522,76,3,1190.581474,26.05757919,2.333570298,84.18919896,47.27787462,65.78632204,12.27672561,16.97539595
22,222,31,22242,10,41,1041,1022,4122,104122,102,412,10412,77,3,1183.241911,25.84196005,2.292812254,83.41414823,46.91462425,65.86737664,11.81881588,14.78854888
22,222,31,22242,1,8,18,122,822,1822,12,82,182,78,3,1629.532711,27.29930446,2.971916512,80.72736121,49.10956778,62.34115538,11.00153245,14.76389308
22,222,31,22242,67,17,6717,6722,1722,671722,672,172,67172,79,3,1337.292074,26.61627949,2.763622083,81.75209714,48.29359647,63.64670114,11.34246012,14.51718734
22,222,31,22242,104,91,10491,10422,9122,1049122,1042,912,104912,80,3,1389.014667,26.55465547,2.599349564,81.77881964,48.15172844,62.81369283,11.73742808,14.8572365
22,222,31,22243,104,91,10491,10422,9122,1049122,1042,912,104912,81,3,1274.954756,27.2736493,2.725543805,82.36573208,48.62653278,62.69636487,11.38972826,14.23527037
22,222,31,22243,104,103,104103,10422,10322,10410322,1042,1032,1041032,82,3,1251.2556,27.00005689,2.71414715,81.44313979,48.84528992,62.78508634,12.13762707,14.0444381
22,222,31,22243,57,73,5773,5722,7322,577322,572,732,57732,83,3,1262.159304,25.48176836,2.49625401,82.80006512,47.36330261,63.91890859,11.58438154,15.54305422
22,222,31,22243,79,86,7986,7922,8622,798622,792,862,79862,84,3,1522.497311,27.16499028,2.838833185,81.70250297,49.20561851,62.64523814,11.82882264,14.1569199
22,222,31,22243,76,21,7621,7622,2122,762122,762,212,76212,85,3,1388.69037,25.57452671,2.336027622,83.48010799,47.0405037,65.25491215,11.60584948,15.73911863
22,222,31,22243,10,62,1062,1022,6222,106222,102,622,10622,86,3,1424.942978,26.76579246,2.579072284,81.7772023,48.58399152,63.00360207,11.60283798,15.27611198
22,222,31,22243,39,25,3925,3922,2522,392522,392,252,39252,87,3,1440.496593,27.7525502,3.109933253,80.30043874,50.71240836,61.27718447,12.05839763,14.06317246
22,222,31,22243,49,77,4977,4922,7722,497722,492,772,49772,88,3,1529.655274,26.19488989,2.547136187,82.27688973,48.45599557,63.2839205,11.42885143,16.14858008
22,222,31,22244,51,6,516,5122,622,51622,512,62,5162,89,3,1514.083259,26.95966966,2.592014041,82.92933782,48.49012996,64.07586695,9.857292006,16.12499914
22,222,31,22244,96,97,9697,9622,9722,969722,962,972,96972,90,3,1310.793333,25.48487062,2.415769927,82.91000163,48.66531613,64.96246286,9.993630224,16.86373957
22,222,31,22244,18,68,1868,1822,6822,186822,182,682,18682,91,3,1330.726481,26.77923327,2.572358102,82.4488465,48.75746819,63.92706877,11.39972289,14.97215101
22,222,31,22244,34,85,3485,3422,8522,348522,342,852,34852,92,3,1463.098222,26.77354298,2.654493539,81.37433452,49.33087167,63.06159897,11.381681,15.58292849
22,222,31,22244,100,101,100101,10022,10122,10010122,1002,1012,1001012,93,3,1267.135111,26.21390313,2.364623043,83.16065683,48.12975469,64.08244879,11.50935217,15.62603025
22,222,31,22244,91,93,9193,9122,9322,919322,912,932,91932,94,3,1214.376593,26.67053206,2.171944875,82.17683271,49.3948767,64.45887701,11.76348361,15.1988647
22,222,31,22244,23,71,2371,2322,7122,237122,232,712,23712,95,3,1302.740148,27.25486949,2.842230309,81.02876858,49.89764208,61.61845779,11.06677448,14.7339833
22,222,31,22244,53,26,5326,5322,2622,532622,532,262,53262,96,3,1432.545148,26.29019744,2.631224974,81.73774817,48.87123242,61.97438238,11.35791229,15.34363145
22,222,32,22245,92,95,9295,9222,9522,929522,922,952,92952,97,3,1367.832178,25.37037043,2.199971171,82.85272974,47.23865308,64.84421534,12.15420951,16.56774093
22,222,32,22245,60,57,6057,6022,5722,605722,602,572,60572,98,3,1360.471037,24.93682038,2.450218694,82.55308025,47.42704104,64.04176226,12.51791397,15.94011009
22,222,32,22245,61,54,6154,6122,5422,615422,612,542,61542,99,3,1445.111156,26.85625293,2.791287483,80.98711942,49.18679074,62.86722015,11.33069927,14.99028042
22,222,32,22245,82,49,8249,8222,4922,824922,822,492,82492,100,3,1432.836289,26.12676289,2.405292724,81.87630281,48.64148467,64.79004486,12.39081347,15.25432969
22,222,32,22245,89,102,89102,8922,10222,8910222,892,1022,891022,101,3,1394.152215,25.47170466,2.526527632,81.05943276,47.81208046,64.23295819,11.42520901,15.32559815
22,222,32,22245,74,52,7452,7422,5222,745222,742,522,74522,102,3,1505.350452,25.65024239,2.193323013,82.00557737,48.69028299,64.17865608,11.54129336,17.33030989
22,222,32,22245,80,81,8081,8022,8122,808122,802,812,80812,103,3,1254.011474,24.86715196,2.366493745,81.58687053,47.78321488,65.56338013,10.74590427,16.17272691
22,222,32,22245,12,84,1284,1222,8422,128422,122,842,12842,104,3,1444.848844,25.66627845,2.349365066,81.52761775,49.30155486,63.93473722,11.57611218,15.64365933
22,222,32,22246,35,37,3537,3522,3722,353722,352,372,35372,105,3,1305.930726,25.19269757,2.369606735,81.51548726,48.57244089,64.51166931,11.95885201,15.52546186
22,222,32,22246,34,40,3440,3422,4022,344022,342,402,34402,106,3,1301.471037,25.79464201,2.159292098,81.75172309,49.77593562,64.92081349,12.24299564,15.53215786
22,222,32,22246,41,86,4186,4122,8622,418622,412,862,41862,107,3,1214.105696,26.24737837,2.313844256,81.78056506,49.39905467,65.01079572,12.06341296,15.14088341
22,222,32,22246,73,56,7356,7322,5622,735622,732,562,73562,108,3,1276.734281,24.00248736,2.19473819,84.96738703,47.67975174,66.32142412,12.2523805,17.78765622
22,222,32,22246,6,20,620,622,2022,62022,62,202,6202,109,3,1231.367941,26.84097919,2.992580987,81.98512451,48.55580002,62.93929651,11.9029256,14.6049303
22,222,32,22246,48,74,4874,4822,7422,487422,482,742,48742,110,3,1184.472897,26.15873322,2.526505909,81.83366879,48.67008504,62.74172508,12.18984838,13.89406676
22,222,32,22246,18,3,183,1822,322,18322,182,32,1832,111,3,1459.472534,27.28489271,3.10036064,82.61442652,49.67722159,63.3527075,11.92897988,14.14593282
22,222,33,22246,89,101,89101,8922,10122,8910122,892,1012,891012,112,3,1183.914535,25.47737753,2.07679497,84.11570645,47.16263712,65.21449706,12.25855238,15.34401328
22,222,33,22247,79,82,7982,7922,8222,798222,792,822,79822,113,3,1303.067067,25.69698425,2.61592964,83.67629429,47.39329251,65.01159126,11.46282696,14.81719004
22,222,33,22247,19,65,1965,1922,6522,196522,192,652,19652,114,3,1336.074207,28.10941843,2.860094169,79.88764307,51.37192154,61.95873535,11.91771799,13.12288153
22,222,33,22247,2,23,223,222,2322,22322,22,232,2232,115,3,1295.119141,26.24168518,2.633231039,82.49928665,48.70237426,63.90393076,12.11293667,14.10363557
22,222,33,22247,34,40,3440,3422,4022,344022,342,402,34402,116,3,1107.668911,25.77070812,2.421232248,82.55713207,47.67488562,63.96322615,12.46313731,14.98820654
22,222,33,22247,27,63,2763,2722,6322,276322,272,632,27632,117,3,1266.985422,25.94339203,2.611790652,83.7091779,48.45192896,65.57007581,11.98316634,13.01218173
22,222,33,22247,32,8,328,3222,822,32822,322,82,3282,118,3,1222.049333,25.45653004,2.551822172,84.42619338,47.68652654,65.87533913,11.82495549,14.97906919
22,222,33,22247,17,7,177,1722,722,17722,172,72,1772,119,3,1278.901,25.83314876,2.769617132,82.40493922,48.56932174,62.72789127,11.26060929,15.23150511
22,222,33,22247,61,19,6119,6122,1922,611922,612,192,61192,120,3,1354.42083,26.93463249,3.019264789,81.37586894,49.29861196,61.28701487,11.65416991,14.03326959
22,222,33,22248,15,47,1547,1522,4722,154722,152,472,15472,121,3,1259.319126,24.30323836,2.3351318,84.05926153,46.50310204,66.5487629,12.38677945,14.97607438
22,222,33,22248,97,101,97101,9722,10122,9710122,972,1012,971012,122,3,1302.264437,27.88088644,2.789814226,81.31987627,50.00248869,62.42393973,11.74152789,13.27357209
22,222,33,22248,30,67,3067,3022,6722,306722,302,672,30672,123,3,1275.059778,27.47993811,2.844559657,81.63185646,49.62058282,61.54120593,11.54728545,14.12974462
22,222,33,22248,43,38,4338,4322,3822,433822,432,382,43382,124,3,1055.915333,25.8011273,2.385737725,83.87780203,47.87435223,64.86844042,11.75159541,15.55711446
22,222,34,22248,85,5,855,8522,522,85522,852,52,8552,125,3,1138.770333,28.22336428,2.969427523,81.65345676,50.48876179,62.63866223,11.44995757,13.39763113
22,222,34,22248,23,60,2360,2322,6022,236022,232,602,23602,126,3,938.9312444,27.62211124,3.099447526,81.97879194,50.661288,62.64721601,10.03443754,15.2994809
22,222,34,22248,100,101,100101,10022,10122,10010122,1002,1012,1001012,127,3,891.6752,25.45237647,2.160948061,85.70569103,47.81765437,67.59273647,9.256159336,17.73312875
22,222,34,22248,98,101,98101,9822,10122,9810122,982,1012,981012,128,3,881.0275407,27.19916491,2.587233433,82.02972928,50.12533608,63.8883832,10.6917992,14.60630019
22,222,29,22249,50,24,5024,5022,2422,502422,502,242,50242,1,4,880.1725926,23.83654504,2.73930262,81.99581649,45.94730724,64.75105704,11.5008479,16.77911281
22,222,29,22249,55,45,5545,5522,4522,554522,552,452,55452,2,4,1077.838741,26.67160657,3.02988983,81.68658087,49.09329404,63.56221055,12.84804279,13.87067802
22,222,29,22249,20,37,2037,2022,3722,203722,202,372,20372,3,4,1057.800756,24.53815727,2.877010167,82.23911252,46.4949402,64.57794194,11.82238294,16.52724582
22,222,29,22249,82,21,8221,8222,2122,822122,822,212,82212,4,4,1176.653141,26.09682205,2.872578211,82.4863284,47.95051722,62.91279396,12.19521254,15.26090544
22,222,29,22249,46,23,4623,4622,2322,462322,462,232,46232,5,4,1155.233407,24.90012816,2.668233219,83.75898114,46.99584048,64.8849073,10.72677389,16.30321784
22,222,29,22249,36,12,3612,3622,1222,361222,362,122,36122,6,4,1199.078252,25.86574398,2.729493897,83.3095979,48.0059536,63.59994675,10.54752388,17.0648698
22,222,29,22249,3,46,346,322,4622,34622,32,462,3462,7,4,1240.110777,26.02264249,2.925533338,82.11154872,48.53360626,62.99381882,10.92819846,16.12434954
22,222,29,22249,5,66,566,522,6622,56622,52,662,5662,8,4,1001.734096,26.56632858,2.813571694,82.02265328,49.30832769,63.52176401,11.47670175,14.78526528
22,222,29,22250,89,91,8991,8922,9122,899122,892,912,89912,9,4,932.3533022,25.15712655,2.745507672,82.50465449,48.0083057,66.22912997,12.98919309,15.62362642
22,222,29,22250,13,57,1357,1322,5722,135722,132,572,13572,10,4,1173.785822,26.39206375,2.894861367,81.70211144,48.58013666,64.3434161,12.76902394,15.74095824
22,222,29,22250,6,88,688,622,8822,68822,62,882,6882,11,4,1149.07581,25.7937503,2.725957389,82.46379529,48.73976354,65.8631292,12.26627202,15.30222976
22,222,29,22250,15,68,1568,1522,6822,156822,152,682,15682,12,4,1255.902547,26.14114721,2.743512521,82.08298047,48.26710863,65.55789991,13.34897786,15.40643875
22,222,29,22250,95,97,9597,9522,9722,959722,952,972,95972,13,4,1330.264437,26.98055418,2.741175071,82.45676437,49.42579619,64.72156306,11.79590144,13.60346064
22,222,29,22250,8,14,814,822,1422,81422,82,142,8142,14,4,1227.73437,27.05558923,2.842988747,82.25695812,48.90102763,62.95806213,10.86207245,15.09294891
22,222,29,22250,26,72,2672,2622,7222,267222,262,722,26722,15,4,1220.117015,25.75213213,2.593346849,83.67642194,47.19617191,65.92628369,11.75502134,14.50414925
22,222,29,22250,69,79,6979,6922,7922,697922,692,792,69792,16,4,1065.051585,24.75945002,2.677354392,83.62484715,47.45108716,66.30324558,12.46630817,15.07584518
22,222,29,22251,38,52,3852,3822,5222,385222,382,522,38522,17,4,1211.566956,27.066072,2.534354457,82.74321243,48.49848963,64.86263144,11.10478863,15.58689982
22,222,29,22251,50,81,5081,5022,8122,508122,502,812,50812,18,4,1046.911778,26.16145199,2.533091467,83.93212171,47.46193401,66.32539022,11.14410602,15.25979792
22,222,29,22251,96,98,9698,9622,9822,969822,962,982,96982,19,4,926.0628296,25.96600083,2.614035036,83.41752142,48.14220374,67.00337669,11.74068638,15.45071953
22,222,29,22251,24,2,242,2422,222,24222,242,22,2422,20,4,1128.97063,26.52021847,2.442479611,83.79826378,47.92062319,66.94935265,11.7151663,15.56498309
22,222,29,22251,2,87,287,222,8722,28722,22,872,2872,21,4,1145.955141,26.25222283,2.733100508,83.164911,48.07291232,64.81214432,12.55097033,14.95282635
22,222,29,22251,28,34,2834,2822,3422,283422,282,342,28342,22,4,1258.183407,25.49276508,2.604824289,83.68465416,47.56088006,66.38276609,12.38772654,16.01946852
22,222,29,22251,48,74,4874,4822,7422,487422,482,742,48742,23,4,908.6363704,25.27029177,2.475853676,83.97131801,46.64445101,66.90776538,12.21872005,15.73993051
22,222,29,22251,18,15,1815,1822,1522,181522,182,152,18152,24,4,1188.87717,25.61140246,2.727298826,83.90199048,47.2652324,66.77360821,12.79163918,15.43548481
22,222,29,22252,70,77,7077,7022,7722,707722,702,772,70772,25,4,1126.33363,25.47752726,2.714080399,84.11611261,47.48677504,66.11610668,12.76739311,15.54277308
22,222,29,22252,79,86,7986,7922,8622,798622,792,862,79862,26,4,1083.907081,26.58246153,2.890673072,82.4048897,48.98987659,63.72998658,13.10707271,14.35940065
22,222,29,22252,92,94,9294,9222,9422,929422,922,942,92942,27,4,1093.988133,26.78289846,3.063742455,81.84139365,49.6421004,63.75063063,13.06313029,14.08358303
22,222,29,22252,91,103,91103,9122,10322,9110322,912,1032,911032,28,4,1238.360193,25.67588965,2.861963698,82.62201401,47.87570447,65.29939557,12.63237024,15.60894723
22,222,29,22252,17,51,1751,1722,5122,175122,172,512,17512,29,4,1188.328356,26.08090438,2.884060272,83.12590589,48.13162972,63.37454552,13.28285219,14.55250718
22,222,29,22252,36,66,3666,3622,6622,366622,362,662,36662,30,4,1212.769037,25.91338696,2.792967552,82.63250528,48.225129,63.4604879,13.44053904,14.77794307
22,222,29,22252,20,53,2053,2022,5322,205322,202,532,20532,31,4,1298.626867,25.52797787,2.813454459,83.11880374,47.40632009,64.0580465,13.68004736,15.90610146
22,222,29,22252,15,3,153,1522,322,15322,152,32,1532,32,4,1301.408074,25.95368447,2.830794271,82.27373975,48.12673502,63.1245062,14.17610758,15.01336765
22,222,29,22253,91,92,9192,9122,9222,919222,912,922,91922,33,4,1219.207437,26.35598736,2.683125201,83.00309866,48.67243011,65.28482501,11.79339018,14.97796484
22,222,29,22253,26,70,2670,2622,7022,267022,262,702,26702,34,4,1201.27837,27.34573248,2.951704402,82.54617704,49.60786867,63.43953843,11.66039582,14.51015933
22,222,29,22253,67,65,6765,6722,6522,676522,672,652,67652,35,4,1265.54077,27.40139673,2.890381436,82.14280153,49.26349946,64.18666309,12.18929771,13.97252499
22,222,29,22253,41,40,4140,4122,4022,414022,412,402,41402,36,4,982.7467407,24.54228565,2.4010856,85.01486292,46.66804915,70.00398614,13.31141806,14.82535792
22,222,29,22253,86,85,8685,8622,8522,868522,862,852,86852,37,4,1158.454889,27.20114475,2.647780987,82.77767345,49.58531589,64.91008041,12.44169141,14.39782004
22,222,29,22253,24,15,2415,2422,1522,241522,242,152,24152,38,4,1085.063259,25.6436255,2.534882057,84.04297816,47.5263123,67.44617791,13.28116918,15.15777108
22,222,29,22253,17,65,1765,1722,6522,176522,172,652,17652,39,4,1145.152089,28.03383062,2.649836749,81.93790825,50.26906751,64.484954,11.86262595,14.22516409
22,222,29,22253,46,48,4648,4622,4822,464822,462,482,46482,40,4,1156.026593,26.26298543,2.507091188,84.07469257,48.07114553,68.2260204,13.80974472,13.51932979
22,222,29,22254,89,92,8992,8922,9222,899222,892,922,89922,41,4,1358.292763,27.19575264,3.084935874,81.3391195,49.39879875,63.81986936,11.46505685,13.43025289
22,222,29,22254,89,90,8990,8922,9022,899022,892,902,89902,42,4,1344.318844,24.96058936,2.786612968,82.57676091,46.48929199,65.60417159,12.99536835,15.53442524
22,222,29,22254,99,101,99101,9922,10122,9910122,992,1012,991012,43,4,1259.810519,25.84849478,2.861070785,81.93520451,47.70010716,65.79775129,12.51353934,13.9124636
22,222,29,22254,51,82,5182,5122,8222,518222,512,822,51822,44,4,1307.886578,25.23395206,2.88640511,82.43424687,47.3478965,65.73222472,12.54345506,15.36139125
22,222,29,22254,33,64,3364,3322,6422,336422,332,642,33642,45,4,1190.997793,26.65077472,2.787009961,82.62185566,48.44881773,64.46702967,13.29441838,14.50300758
22,222,29,22254,27,74,2774,2722,7422,277422,272,742,27742,46,4,1224.031363,25.64080503,2.46519886,84.52329727,47.43392159,67.85690794,12.03130686,16.21066307
22,222,29,22254,45,69,4569,4522,6922,456922,452,692,45692,47,4,1185.746815,26.48030738,2.870790757,82.52281867,48.54155294,64.86332891,12.86109219,14.68147368
22,222,29,22254,48,14,4814,4822,1422,481422,482,142,48142,48,4,1129.734859,25.67667288,2.563263725,84.05482007,47.0722727,66.47887581,12.62413842,15.74655775
22,222,30,22255,69,28,6928,6922,2822,692822,692,282,69282,49,4,1323.97837,26.60408325,2.845788089,82.65422447,47.93098083,63.05351275,11.46839817,14.1401602
22,222,30,22255,69,28,6928,6922,2822,692822,692,282,69282,50,4,1383.368874,26.0635476,2.867897256,82.68026251,47.85388484,63.40193121,12.00379099,14.05623031
22,222,30,22255,47,2,472,4722,222,47222,472,22,4722,51,4,1263.685822,26.34198091,2.801529015,82.9064114,48.35444383,62.93080308,10.81923944,14.16808481
22,222,30,22255,31,75,3175,3122,7522,317522,312,752,31752,52,4,1387.279637,25.73453152,2.528407076,83.98325421,47.24636999,64.25071068,10.8724376,15.78469474
22,222,31,22255,59,31,5931,5922,3122,593122,592,312,59312,54,4,1388.289296,25.68370101,2.646243917,83.90124189,47.571766,64.79080158,10.69328894,15.78945143
22,222,31,22255,76,83,7683,7622,8322,768322,762,832,76832,55,4,1188.060593,23.8113205,2.484522722,85.0441103,45.17049425,65.32238262,11.0778879,16.76099869
22,222,31,22255,57,56,5756,5722,5622,575622,572,562,57562,56,4,1327.770667,25.97537301,2.717896688,83.75483038,47.98972919,63.02121704,10.40744099,15.47450334
22,222,31,22256,33,1,331,3322,122,33122,332,12,3312,57,4,1376.637037,26.84620439,2.814207119,83.2545831,48.48283992,65.03106429,11.41370295,13.97085961
22,222,31,22256,87,13,8713,8722,1322,871322,872,132,87132,58,4,1404.152867,26.9582083,2.701044757,82.68384136,49.03454302,64.01344787,11.54378217,14.08120375
22,222,31,22256,55,10,5510,5522,1022,551022,552,102,55102,59,4,1270.324148,25.50756024,2.523088494,84.0579825,47.73802946,65.61630363,12.11626349,14.33894644
22,222,31,22256,95,99,9599,9522,9922,959922,952,992,95992,60,4,1299.044585,26.75089006,2.807867486,83.14758361,48.07732036,64.03396801,12.21019452,13.97127489
22,222,31,22256,31,22,3122,3122,2222,312222,312,222,31222,61,4,1348.696185,27.26258535,2.880579593,82.03389879,48.34568306,63.65204542,10.67093553,14.17833265
22,222,31,22256,75,54,7554,7522,5422,755422,752,542,75542,62,4,1466.759111,26.75031137,2.680718735,82.06509008,48.05858442,62.85818213,10.08643125,15.5612475
22,222,31,22256,45,34,4534,4522,3422,453422,452,342,45342,63,4,1342.650148,26.79006356,2.517997591,83.20019158,48.04934541,64.95480107,10.95930644,15.07760484
22,222,31,22256,37,11,3711,3722,1122,371122,372,112,37112,64,4,1530.488741,26.57641685,2.720267348,82.03234538,48.41850407,63.28240726,11.45669191,15.40506513
22,222,31,22257,35,53,3553,3522,5322,355322,352,532,35532,65,4,1239.30477,26.33322842,2.666243073,82.69088677,47.41595059,64.43386305,11.65493707,15.15118519
22,222,31,22257,13,73,1373,1322,7322,137322,132,732,13732,66,4,1355.139178,26.52583931,2.699320636,82.10193925,48.26591673,64.19228813,11.75763594,14.72933995
22,222,31,22257,82,55,8255,8222,5522,825522,822,552,82552,67,4,1603.964281,27.82575701,2.984209912,81.17030806,49.9489066,63.30035613,11.22357586,13.65585275
22,222,31,22257,69,34,6934,6922,3422,693422,692,342,69342,68,4,1381.674526,26.96027855,2.793285443,81.69708345,49.22901843,63.24138091,12.03138782,14.85651913
22,222,31,22257,77,83,7783,7722,8322,778322,772,832,77832,69,4,1321.957504,26.67166195,2.526950411,82.90112719,47.83226786,64.90222147,11.91021359,15.84937011
22,222,31,22257,33,32,3332,3322,3222,333222,332,322,33322,70,4,1476.886267,28.60654708,3.097176072,80.00062092,50.872259,61.60233824,12.36779852,13.05436826
22,222,31,22257,2,13,213,222,1322,21322,22,132,2132,71,4,1448.066789,27.22745177,2.807819844,81.95100525,49.20810505,63.53469475,11.81720283,15.25341005
22,222,31,22257,21,83,2183,2122,8322,218322,212,832,21832,72,4,1329.024148,26.51344782,2.614374401,82.67154177,48.17241704,64.83002293,12.7478774,15.45356337
22,222,31,22258,22,61,2261,2222,6122,226122,222,612,22612,73,4,1342.392385,26.00455483,2.503288781,83.59172972,47.73574602,65.56151371,12.32635739,17.10159752
22,222,31,22258,16,37,1637,1622,3722,163722,162,372,16372,74,4,1477.737696,27.64588199,2.500672203,82.48677353,49.5009993,63.55207089,13.06709948,15.4489031
22,222,31,22258,89,102,89102,8922,10222,8910222,892,1022,891022,75,4,1262.78197,26.57336929,2.483766943,83.5115843,47.70288442,65.17386823,13.18209435,15.73249417
22,222,31,22258,31,4,314,3122,422,31422,312,42,3142,76,4,1260.339704,27.39993322,2.36033565,82.70775576,49.2157893,64.76828611,12.88838764,15.3760928
22,222,31,22258,1,78,178,122,7822,17822,12,782,1782,77,4,1376.263437,26.21355715,2.610243027,82.50309324,47.53834212,63.23262367,10.8650673,15.81080894
22,222,31,22258,38,52,3852,3822,5222,385222,382,522,38522,78,4,1455.66163,26.90032032,2.542236163,81.91980135,48.45210214,63.00974329,11.49760247,15.18112201
22,222,31,22258,46,60,4660,4622,6022,466022,462,602,46602,79,4,1292.888889,25.61745767,2.508817756,82.96085425,46.46179054,65.10642578,12.15302758,14.74408737
22,222,31,22258,89,103,89103,8922,10322,8910322,892,1032,891032,80,4,1434.635963,25.61074958,2.471457901,82.63588499,47.26579839,64.8226566,11.69682354,15.46481554
22,222,31,22259,83,81,8381,8322,8122,838122,832,812,83812,81,4,1298.941333,24.84696115,2.382016993,84.61907266,45.87694986,66.06992351,11.22526074,16.42310493
22,222,31,22259,15,46,1546,1522,4622,154622,152,462,15462,82,4,1286.466222,24.89308946,2.277216805,84.55980729,45.971768,66.13258144,12.118389,15.80787858
22,222,31,22259,81,10,8110,8122,1022,811022,812,102,81102,83,4,1337.831585,25.49658953,2.433156759,83.71209832,46.86056192,64.44723407,11.19258736,15.54628429
22,222,31,22259,33,1,331,3322,122,33122,332,12,3312,84,4,1390.362615,27.21379107,2.828498759,81.17148257,49.03609044,62.75955328,11.67323281,13.85970726
22,222,31,22259,45,69,4569,4522,6922,456922,452,692,45692,85,4,1278.490504,27.22815766,2.910659116,80.70900305,49.16991526,62.90305573,11.68531961,13.59386268
22,222,31,22259,43,78,4378,4322,7822,437822,432,782,43782,86,4,1410.505659,26.21251772,2.780403809,81.55708996,48.03450749,63.32231809,11.40161148,15.15733153
22,222,31,22259,48,9,489,4822,922,48922,482,92,4892,87,4,1308.849259,27.11041009,2.900476224,81.31898759,48.98916082,62.23537379,11.82271997,14.34761539
22,222,31,22259,25,67,2567,2522,6722,256722,252,672,25672,88,4,1404.314615,27.25510991,3.006303552,80.55534652,49.51171696,61.77377665,11.95302685,14.05699854
22,222,31,22260,90,92,9092,9022,9222,909222,902,922,90922,89,4,1359.222074,27.03315788,2.605060771,82.94739832,48.94059929,63.95920358,9.807391359,16.14146247
22,222,31,22260,83,3,833,8322,322,83322,832,32,8332,90,4,1428.697185,26.19266686,2.427889991,83.27619894,48.2271135,64.59528146,11.3920385,16.12226557
22,222,31,22260,11,72,1172,1122,7222,117222,112,722,11722,91,4,1333.419674,25.95934109,2.115620596,84.94694449,47.36435528,66.71905655,11.66458229,16.44112697
22,222,31,22260,90,91,9091,9022,9122,909122,902,912,90912,92,4,1407.317704,23.79294725,2.026081024,84.1899983,47.28155786,67.02131756,11.25800637,16.80900256
22,222,31,22260,37,53,3753,3722,5322,375322,372,532,37532,93,4,1316.657778,25.86503153,2.581348873,82.78194716,48.03212176,62.59416767,11.34080786,16.67477139
22,222,31,22260,31,75,3175,3122,7522,317522,312,752,31752,94,4,1495.293985,25.23532081,2.292051924,83.4984722,47.53416332,63.60351298,11.15222458,17.17459026
22,222,31,22260,84,39,8439,8422,3922,843922,842,392,84392,95,4,1383.460815,27.22876787,2.741008818,80.78135246,49.64569408,62.40267783,10.91995093,14.86274766
22,222,31,22260,11,76,1176,1122,7622,117622,112,762,11762,96,4,1340.454726,24.24802449,2.193943736,84.28421594,46.90712231,64.29731211,11.23992303,17.75781142
22,222,32,22261,27,63,2763,2722,6322,276322,272,632,27632,97,4,1485.488585,26.91329987,2.559254024,81.13299099,48.74575743,63.55805926,12.29578619,13.70994865
22,222,32,22261,32,78,3278,3222,7822,327822,322,782,32782,98,4,1329.329674,25.99891275,2.515234773,82.41517547,48.08436515,63.45047408,12.27907349,15.84331071
22,222,32,22261,22,4,224,2222,422,22422,222,42,2242,99,4,1437.154037,26.42864636,2.585951518,81.49061263,48.53559841,63.68170973,12.20969508,14.95863619
22,222,32,22261,88,42,8842,8822,4222,884222,882,422,88422,100,4,1269.540237,25.04858222,2.234608727,82.69849374,47.926671,65.64436498,12.78111179,15.9266458
22,222,32,22261,17,7,177,1722,722,17722,172,72,1772,102,4,1381.464504,26.04302659,2.673523467,80.46510077,49.90296353,61.88714883,11.04531748,14.78211776
22,222,32,22261,24,3,243,2422,322,24322,242,32,2432,103,4,1222.898141,26.00295856,2.532140113,80.82323344,49.11442211,63.33232089,11.80541991,14.95785223
22,222,32,22261,81,28,8128,8122,2822,812822,812,282,81282,104,4,1216.766037,24.75155307,1.972079743,83.62051082,48.32170167,64.13873572,10.11227644,15.23042093
22,222,32,22262,43,8,438,4322,822,43822,432,82,4382,105,4,1347.509407,25.02733154,2.199582992,81.86487444,48.55333247,64.97921333,10.81691495,16.25838928
22,222,32,22262,57,33,5733,5722,3322,573322,572,332,57332,106,4,1275.378015,26.6719555,2.465268433,81.88894692,50.92366111,60.50620494,10.66362996,12.59024672
22,222,32,22262,87,57,8757,8722,5722,875722,872,572,87572,107,4,1183.990807,25.7146318,2.52847942,81.38069455,48.91186958,64.16889986,11.64648928,16.10329564
22,222,32,22262,53,58,5358,5322,5822,535822,532,582,53582,108,4,1387.885111,25.91309572,2.482039496,82.14337759,48.93291448,63.23700603,11.90905348,16.67061679
22,222,32,22262,60,56,6056,6022,5622,605622,602,562,60562,110,4,1233.021973,25.87357416,3.016748255,81.68046948,48.39480732,64.98392065,11.62093833,15.30038251
22,222,32,22262,11,80,1180,1122,8022,118022,112,802,11802,111,4,1196.441244,26.12393974,2.817097691,83.8393724,47.07467973,65.49655658,11.50866391,16.20924405
22,222,33,22262,59,12,5912,5922,1222,591222,592,122,59122,112,4,1348.90757,25.78128751,2.484555172,83.38396597,47.776094,64.58549292,12.05275123,14.76936013
22,222,33,22263,17,6,176,1722,622,17622,172,62,1762,113,4,1166.5696,25.50396251,2.604020421,83.64577923,47.34589094,64.83086099,11.76598741,14.55178547
22,222,33,22263,2,60,260,222,6022,26022,22,602,2602,114,4,1197.778676,26.37853455,2.697960911,82.35513989,48.52882389,63.917413,12.60985743,13.6762014
22,222,33,22263,41,85,4185,4122,8522,418522,412,852,41852,115,4,1210.284696,24.54116833,2.399433545,83.56181177,47.43107411,65.45009397,12.33350126,15.63063904
22,222,33,22263,69,10,6910,6922,1022,691022,692,102,69102,116,4,1182.189111,24.9921296,2.293286631,84.54248353,47.23227178,65.75395365,11.95405279,15.15499369
22,222,33,22263,68,60,6860,6822,6022,686022,682,602,68602,117,4,1198.066844,25.74706221,2.538479171,83.65194421,48.13387996,64.75960369,12.06497748,14.19125801
22,222,33,22263,75,4,754,7522,422,75422,752,42,7542,118,4,1358.928719,26.53205935,2.816264496,82.63926362,48.34864022,63.0206275,11.90124555,14.61176237
22,222,33,22263,19,30,1930,1922,3022,193022,192,302,19302,119,4,1217.504778,26.62040517,2.759378756,82.34144625,48.82612973,63.31561922,11.39130892,13.89421935
22,222,33,22263,37,58,3758,3722,5822,375822,372,582,37582,120,4,1402.354341,26.26580008,2.791277825,82.33780453,48.35374013,63.37115395,11.88373794,14.34275194
22,222,33,22264,46,13,4613,4622,1322,461322,462,132,46132,121,4,1267.295689,24.52274669,2.441489294,84.09730274,47.02679628,65.63868294,11.85266581,15.77214097
22,222,33,22264,70,11,7011,7022,1122,701122,702,112,70112,122,4,1277.242519,26.09153644,2.43162568,82.91603482,48.27232409,63.79514721,11.94778476,15.00161337
22,222,33,22264,40,44,4044,4022,4422,404422,402,442,40442,123,4,1088.657119,27.41541769,2.836092766,81.64867915,50.00146019,62.39369436,11.88972659,14.3580066
22,222,33,22264,99,100,99100,9922,10022,9910022,992,1002,991002,124,4,1087.904526,25.22737654,2.391373667,84.25105812,47.22878883,64.88497141,11.79527446,15.58973095
22,222,34,22264,95,97,9597,9522,9722,959722,952,972,95972,125,4,1172.372726,27.7217991,2.716776234,82.24355335,49.81931809,64.25318002,12.36246514,13.37394239
22,222,34,22264,56,83,5683,5622,8322,568322,562,832,56832,126,4,1005.823704,26.52652962,2.813382627,82.98797436,49.70577296,63.98810134,9.383002126,16.96477803
22,222,34,22264,25,65,2565,2522,6522,256522,252,652,25652,127,4,1077.282889,27.91934904,3.13959495,81.55677942,51.04895337,61.82991796,9.008715907,15.49831621
22,222,34,22264,70,72,7072,7022,7222,707222,702,722,70722,128,4,1140.460874,26.9928512,2.584388332,82.90199037,49.98266411,63.7328467,9.412203063,15.7872589
22,222,29,22297,33,43,3343,3322,4322,334322,332,432,33432,1,7,1095.586704,25.73930701,3.164670202,81.60539698,48.01792832,63.44760437,11.34275435,13.55633736
22,222,29,22297,50,80,5080,5022,8022,508022,502,802,50802,2,7,859.2119259,23.47876605,2.678127166,82.46356711,45.10805165,66.03687658,11.51794829,18.32560815
22,222,29,22297,21,55,2155,2122,5522,215522,212,552,21552,3,7,1103.134533,26.79467478,2.991245557,81.97706193,48.86051118,63.42367937,12.75100731,14.30398055
22,222,29,22297,5,59,559,522,5922,55922,52,592,5592,4,7,1103.501585,27.00686051,3.097188415,81.15760887,48.91791202,62.57527238,12.4030108,14.21190292
22,222,29,22297,76,80,7680,7622,8022,768022,762,802,76802,5,7,1014.043333,25.51207265,2.829034593,82.93374391,47.34605955,64.14193235,9.381227928,17.11701535
22,222,29,22297,72,76,7276,7222,7622,727622,722,762,72762,6,7,1265.298222,25.77993661,2.784795818,83.19574072,47.9171632,62.9417287,10.10546402,17.39283432
22,222,29,22297,89,100,89100,8922,10022,8910022,892,1002,891002,7,7,1091.261674,24.91367467,2.617612318,83.18865069,47.07637059,64.25022501,9.931814557,17.9220861
22,222,29,22297,99,102,99102,9922,10222,9910222,992,1022,991022,8,7,1103.557404,25.32634357,2.621978603,80.57581537,48.27467175,61.62719589,11.02506948,18.03994031
22,222,29,22298,15,2,152,1522,222,15222,152,22,1522,9,7,1093.363422,24.70943967,2.620860957,83.40642744,46.9155246,66.10421318,11.97024959,17.08484062
22,222,29,22298,104,93,10493,10422,9322,1049322,1042,932,104932,10,7,1170.176338,26.27511576,2.958363496,81.86596568,48.22567467,63.7089814,13.30727421,14.83917735
22,222,29,22298,104,92,10492,10422,9222,1049222,1042,922,104922,11,7,1125.361738,26.79257956,3.09684853,80.62299406,49.7266805,62.61914363,12.86991863,14.36190851
22,222,29,22298,65,88,6588,6522,8822,658822,652,882,65882,12,7,1185.490665,25.97746629,3.076963969,81.38738289,48.46865163,63.61160829,13.27556622,15.2077289
22,222,29,22298,93,96,9396,9322,9622,939622,932,962,93962,13,7,1319.002148,26.19464378,2.963702034,81.42300842,48.64621266,63.6085764,9.036851446,15.30033851
22,222,29,22298,49,55,4955,4922,5522,495522,492,552,49552,14,7,1116.585481,25.60194867,2.616484273,83.51749594,47.86299641,67.23042316,12.55804718,14.43323635
22,222,29,22298,11,77,1177,1122,7722,117722,112,772,11772,15,7,877.9322296,24.87897685,2.453583618,84.39142793,46.171874,66.7098625,12.48623308,15.56247903
22,222,29,22298,78,14,7814,7822,1422,781422,782,142,78142,16,7,1044.095896,26.23853496,2.922667551,82.73652011,47.69351443,64.30886139,12.33543731,13.64621219
22,222,29,22299,13,71,1371,1322,7122,137122,132,712,13712,17,7,1161.745674,27.08289866,2.798931106,82.62201898,48.95996969,63.16707377,10.39433477,16.22119494
22,222,29,22299,83,55,8355,8322,5522,835522,832,552,83552,18,7,1218.97517,26.1069027,2.73389029,82.7359221,48.06839877,65.34088928,11.45640921,15.84036021
22,222,29,22299,99,102,99102,9922,10222,9910222,992,1022,991022,19,7,1094.479511,26.65637872,2.682315188,82.92765189,48.5199611,65.50489381,11.0217703,15.06645659
22,222,29,22299,23,87,2387,2322,8722,238722,232,872,23872,20,7,1343.343622,26.3331152,2.858952537,81.98788732,48.66666713,64.21353638,11.49808325,16.04077717
22,222,29,22299,52,63,5263,5222,6322,526322,522,632,52632,21,7,1384.003852,26.08898796,2.733030045,83.4771047,47.95521773,65.50790132,11.6179612,15.98120834
22,222,29,22299,73,76,7376,7322,7622,737622,732,762,73762,22,7,1136.916126,24.7169949,2.573631015,84.17403423,45.94665655,66.81897014,12.35774742,17.25995436
22,222,29,22299,1,43,143,122,4322,14322,12,432,1432,23,7,1367.800889,26.35282863,2.93806803,82.43454684,48.54090348,64.49373657,11.64583551,15.66840265
22,222,29,22299,56,32,5632,5622,3222,563222,562,322,56322,24,7,1140.561259,26.64175756,2.768958287,82.14538282,48.46288661,64.28028015,12.47825474,15.53668095
22,222,29,222100,59,12,5912,5922,1222,591222,592,122,59122,25,7,1197.594652,25.78684497,2.657944902,83.58874611,47.64674802,65.03071294,13.33406342,16.12212808
22,222,29,222100,100,103,100103,10022,10322,10010322,1002,1032,1001032,26,7,1408.182119,27.74063399,2.991208343,82.06682814,49.1854351,63.91790846,11.90620248,13.96416122
22,222,29,222100,31,4,314,3122,422,31422,312,42,3142,27,7,1348.453852,24.57916885,2.645922618,84.09549193,47.06846598,65.28083936,12.62174447,17.03769432
22,222,29,222100,9,14,914,922,1422,91422,92,142,9142,28,7,1202.740637,24.41349248,2.535110918,84.77338412,45.8569451,66.75651331,13.25944964,16.42046837
22,222,29,222100,78,9,789,7822,922,78922,782,92,7892,29,7,1323.906963,26.18654942,3.003640753,82.478188,48.26684978,63.33056557,13.38783475,14.25883176
22,222,29,222100,91,93,9193,9122,9322,919322,912,932,91932,30,7,1423.856119,27.43041993,2.884101758,81.45366731,49.41181209,62.92620706,12.83870526,14.44487617
22,222,29,222100,72,80,7280,7222,8022,728022,722,802,72802,31,7,1492.07563,25.51477885,2.817738658,82.91320578,47.92390452,64.00354952,12.42486632,15.84418511
22,222,29,222100,32,64,3264,3222,6422,326422,322,642,32642,32,7,1380.653785,26.9261641,2.903546398,82.17631787,49.01718977,62.50267316,13.67127458,14.66737234
22,222,29,222101,99,101,99101,9922,10122,9910122,992,1012,991012,33,7,1121.583926,25.38761751,2.493857727,83.99424453,47.5929153,68.15018535,12.70039009,14.91123212
22,222,29,222101,89,104,89104,8922,10422,8910422,892,1042,891042,34,7,1310.182081,25.48349991,2.668498311,83.66801507,46.94044532,64.83638779,13.01386803,15.59888012
22,222,29,222101,92,94,9294,9222,9422,929422,922,942,92942,35,7,1360.913926,27.10509471,2.815963681,81.31311696,50.00807356,63.69260891,12.22905743,14.28178631
22,222,29,222101,39,19,3919,3922,1922,391922,392,192,39192,36,7,1450.758659,27.26243086,3.172933416,81.71460224,50.29420841,62.98829207,11.23806222,15.0775799
22,222,29,222101,2,13,213,222,1322,21322,22,132,2132,37,7,1183.960889,27.00641881,2.529856522,83.12507019,48.99101321,64.8868431,12.58629804,14.78939489
22,222,29,222101,83,69,8369,8322,6922,836922,832,692,83692,38,7,1234.544356,26.23186081,2.662285442,83.34887801,48.47957173,65.89530617,12.86392604,14.51469682
22,222,29,222101,56,33,5633,5622,3322,563322,562,332,56332,39,7,1353.561259,26.41355325,2.651236684,83.48872114,48.74440817,67.15889683,12.06186796,14.62899992
22,222,29,222101,54,39,5439,5422,3922,543922,542,392,54392,40,7,1312.509741,27.09563484,2.834810609,81.89059819,49.73793331,63.25757812,12.6825888,15.16084659
22,222,29,222102,10,28,1028,1022,2822,102822,102,282,10282,41,7,1109.350933,24.52194316,2.598050748,83.4847549,46.06548788,68.45753793,13.03286959,15.59603053
22,222,29,222102,6,16,616,622,1622,61622,62,162,6162,42,7,1024.801333,26.4521619,2.898054884,80.35627021,47.81682145,63.17195395,13.54274368,13.11219052
22,222,29,222102,49,45,4945,4922,4522,494522,492,452,49452,43,7,1239.933533,26.40249262,2.869705571,80.99291596,48.37291648,63.11657488,11.551628,14.30147123
22,222,29,222102,67,6,676,6722,622,67622,672,62,6762,44,7,1279.891311,27.81105343,3.127231868,80.13177463,49.69808746,62.17074046,12.42415422,13.28151573
22,222,29,222102,80,81,8081,8022,8122,808122,802,812,80812,45,7,1222.957148,25.17542034,2.640951364,83.36507749,47.04147756,65.75723286,11.56261488,17.00064771
22,222,29,222102,53,75,5375,5322,7522,537522,532,752,53752,46,7,1255.594074,26.35668808,2.648125533,82.87384425,47.45631489,64.89199084,12.05630035,16.22086739
22,222,29,222102,74,36,7436,7422,3622,743622,742,362,74362,47,7,1136.448459,24.74893975,2.300645845,85.13535432,46.30028286,68.33390537,12.15872916,17.13150129
22,222,29,222102,92,96,9296,9222,9622,929622,922,962,92962,48,7,1238.737556,27.34793652,2.91634946,81.68386544,49.82154679,63.0604881,11.95311385,14.57643422
22,222,30,222103,74,5,745,7422,522,74522,742,52,7452,49,7,1294.4004,26.05609448,2.713089378,83.20330562,47.36999429,64.14225597,11.48125233,14.84971215
22,222,30,222103,45,10,4510,4522,1022,451022,452,102,45102,50,7,1269.930859,26.43985325,2.770264141,82.4921709,48.64212021,62.95177806,11.49276861,13.55134066
22,222,30,222103,2,50,250,222,5022,25022,22,502,2502,51,7,1068.40117,25.09459071,2.372433279,84.21885884,45.48048431,65.00399916,11.35825784,15.20850917
22,222,30,222103,29,70,2970,2922,7022,297022,292,702,29702,52,7,1291.140741,27.28390214,2.884904532,81.14528317,48.70346039,61.52639609,11.61110092,13.0241356
22,222,31,222103,46,57,4657,4622,5722,465722,462,572,46572,53,7,1171.345852,24.11262073,2.526289499,84.73892961,45.64371297,65.07517923,11.01716062,16.02290935
22,222,31,222103,88,16,8816,8822,1622,881622,882,162,88162,54,7,1402.870015,25.29844293,2.722700092,84.04173322,46.67968221,64.37173957,11.42715795,15.671915
22,222,31,222103,71,44,7144,7122,4422,714422,712,442,71442,55,7,1218.789852,24.19445435,2.454813005,84.48397884,45.27226723,65.29186167,10.3275961,17.48776147
22,222,31,222103,37,26,3726,3722,2622,372622,372,262,37262,56,7,1289.334548,26.35573896,2.936589813,82.90117377,47.85950514,64.04656791,12.40012964,14.3439168
22,222,31,222104,101,102,101102,10122,10222,10110222,1012,1022,1011022,57,7,1115.716807,24.24581268,2.411970332,85.4219801,44.98115093,67.00308952,11.63636521,16.44840354
22,222,31,222104,37,53,3753,3722,5322,375322,372,532,37532,58,7,1298.646963,26.04711108,2.699318001,83.54981947,47.34540109,64.66170158,12.23521425,14.43053121
22,222,31,222104,96,97,9697,9622,9722,969722,962,972,96972,59,7,966.8837926,27.12814789,2.811124585,83.15488105,48.31814864,63.49763365,11.67632493,13.37357756
22,222,31,222104,7,35,735,722,3522,73522,72,352,7352,60,7,1194.569074,26.59963857,2.760684039,82.32431669,48.07354959,63.69780493,10.98224119,14.81342762
22,222,31,222104,93,94,9394,9322,9422,939422,932,942,93942,61,7,1133.936593,27.26785811,2.928123644,81.69240547,48.0971105,62.83336066,11.16959538,13.75449403
22,222,31,222104,68,46,6846,6822,4622,684622,682,462,68462,62,7,1256.535741,26.69571862,2.589218129,82.53351453,47.67331139,64.67240191,12.1017266,14.40422308
22,222,31,222104,78,50,7850,7822,5022,785022,782,502,78502,63,7,1025.389778,25.74563616,2.548478352,83.48864813,45.95005627,65.01441881,10.7908683,16.30412292
22,222,31,222104,60,87,6087,6022,8722,608722,602,872,60872,64,7,1185.487296,26.66528505,2.944279983,81.49723701,48.32224153,63.9201003,12.29858733,14.54072165
22,222,31,222105,38,74,3874,3822,7422,387422,382,742,38742,65,7,1104.015622,26.8694188,2.695644076,81.99006675,47.93092418,63.73636074,11.57434319,15.05080049
22,222,31,222105,4,19,419,422,1922,41922,42,192,4192,66,7,1407.090593,28.36434879,3.264458698,78.98697713,51.09966458,61.11239041,10.18012997,12.39601269
22,222,31,222105,25,65,2565,2522,6522,256522,252,652,25652,67,7,1293.429778,28.88992332,3.368579895,79.97522658,51.44128304,61.40806662,11.15214464,12.21677969
22,222,31,222105,83,55,8355,8322,5522,835522,832,552,83552,68,7,1145.503407,26.58027244,2.738591429,81.43148408,48.93224974,63.28241901,12.19372755,15.57913607
22,222,31,222105,92,93,9293,9222,9322,929322,922,932,92932,69,7,1414.205148,28.54746091,3.098314332,80.13546938,50.5709631,62.0374766,11.84003584,12.9315201
22,222,31,222105,1,38,138,122,3822,13822,12,382,1382,70,7,1169.234223,24.91929743,2.727515503,82.76328436,47.43669853,65.55873723,11.76813581,17.54639868
22,222,31,222105,9,63,963,922,6322,96322,92,632,9632,71,7,1354.68005,27.63937616,3.04334671,81.511431,48.82242961,63.83337635,12.13280772,14.01149401
22,222,31,222105,104,90,10490,10422,9022,1049022,1042,902,104902,72,7,1244.590159,25.99416855,2.516271082,83.45184736,47.50282707,65.29145899,11.57528405,17.24406107
22,222,31,222106,71,64,7164,7122,6422,716422,712,642,71642,73,7,1223.197715,26.91217771,2.67493026,82.99210632,48.37842801,64.30466025,11.99394803,15.95517502
22,222,31,222106,24,47,2447,2422,4722,244722,242,472,24472,74,7,1125.268112,26.1441016,2.477592596,83.689226,47.69414004,65.66768083,13.30125877,15.95173251
22,222,31,222106,11,72,1172,1122,7222,117222,112,722,11722,75,7,1236.904689,26.06352504,2.378398889,83.85365733,47.49716165,65.49077007,12.33667692,16.60245864
22,222,31,222106,75,39,7539,7522,3922,753922,752,392,75392,76,7,1274.713319,26.84046976,2.66691827,81.72371261,48.5801559,62.24170549,12.05361513,16.04549934
22,222,31,222106,44,64,4464,4422,6422,446422,442,642,44642,77,7,1163.543726,26.50623038,2.570549761,82.46089404,47.52426228,62.82921661,11.09643087,16.34275521
22,222,31,222106,52,5,525,5222,522,52522,522,52,5252,78,7,1273.735793,26.25829628,2.684149824,82.01104985,47.82040082,64.03664429,12.06773284,14.83889508
22,222,31,222106,58,72,5872,5822,7222,587222,582,722,58722,79,7,1355.245481,26.50764175,2.534138348,82.24101077,47.76051837,63.45808483,11.49725527,15.25402957
22,222,31,222106,54,67,5467,5422,6722,546722,542,672,54672,80,7,1418.4578,27.06663188,3.010150215,81.20066619,48.51635669,63.04086571,11.08848882,13.67678181
22,222,31,222107,39,17,3917,3922,1722,391722,392,172,39172,81,7,1344.414222,27.00503962,2.870392072,82.64928137,48.76345767,62.92651707,10.70019392,15.32226217
22,222,31,222107,42,26,4226,4222,2622,422622,422,262,42262,82,7,1148.302963,26.82918023,2.913326071,81.72434486,48.47363848,62.18877626,11.85080856,14.1895385
22,222,31,222107,75,84,7584,7522,8422,758422,752,842,75842,83,7,1365.728407,25.69585171,2.598127977,82.75946632,47.30225687,63.53401181,10.79650774,16.50466555
22,222,31,222107,65,16,6516,6522,1622,651622,652,162,65162,84,7,1409.778407,27.61575221,2.991411236,80.4596133,49.47444038,61.58598112,11.71107853,13.86680778
22,222,31,222107,104,93,10493,10422,9322,1049322,1042,932,104932,85,7,1288.942444,26.65861239,2.615746362,81.86100147,48.16639164,63.35463531,12.04308097,14.29458577
22,222,31,222107,4,25,425,422,2522,42522,42,252,4252,86,7,1497.7634,27.48355993,2.867532134,80.81718773,49.36392549,62.01445804,11.54325795,14.60653046
22,222,31,222107,20,29,2029,2022,2922,202922,202,292,20292,87,7,1338.11563,27.14508751,2.99376998,81.15642458,49.64665082,61.97324021,11.22805915,15.40839623
22,222,31,222107,40,43,4043,4022,4322,404322,402,432,40432,88,7,1147.035111,24.70530835,2.293765945,84.24135192,46.79553742,66.27425555,10.54906856,17.10714045
22,222,31,222108,46,13,4613,4622,1322,461322,462,132,46132,89,7,1331.744074,24.99913654,2.289636777,83.90072212,47.41174792,66.28058674,10.51233446,17.28569378
22,222,31,222108,92,93,9293,9222,9322,929322,922,932,92932,90,7,1312.073348,27.22867808,2.519372103,81.94032526,49.62859732,64.5179502,11.57267661,14.94065575
22,222,31,222108,72,76,7276,7222,7622,727622,722,762,72762,91,7,1258.102556,26.6727513,2.673306333,81.51377814,49.13406827,65.03350383,10.63526488,14.4486314
22,222,31,222108,42,58,4258,4222,5822,425822,422,582,42582,92,7,1283.63263,25.66313216,2.284738014,82.85596528,48.53964806,64.56167947,11.42438824,15.89656178
22,222,31,222108,19,30,1930,1922,3022,193022,192,302,19302,93,7,1302.513407,27.36257232,2.80436236,81.39540447,49.79635769,62.97880453,10.01596888,14.47544107
22,222,31,222108,23,71,2371,2322,7122,237122,232,712,23712,94,7,1309.706889,26.4433851,2.693310614,81.29978136,48.9692372,61.98847056,11.06719385,15.50006987
22,222,31,222108,36,66,3666,3622,6622,366622,362,662,36662,95,7,1215.435704,25.41381968,2.329089891,83.98624723,47.35984066,63.76740623,9.999022302,17.60561367
22,222,31,222108,38,74,3874,3822,7422,387422,382,742,38742,96,7,1244.500459,25.36774755,2.325546846,82.76041988,47.92387946,64.09660944,12.32091881,16.46249026
22,222,32,222109,88,29,8829,8822,2922,882922,882,292,88292,97,7,1332.022741,26.38703561,2.504886012,81.26374271,48.76232927,63.90751962,11.67123964,15.08487596
22,222,32,222109,17,51,1751,1722,5122,175122,172,512,17512,98,7,1287.055007,25.68316159,2.43961815,82.52872523,47.99416803,63.5124772,12.28056889,15.97845462
22,222,32,222109,30,31,3031,3022,3122,303122,302,312,30312,99,7,1232.535407,24.9261852,2.24452807,83.09305149,47.36920206,65.60398834,12.00316133,16.46756304
22,222,32,222109,84,4,844,8422,422,84422,842,42,8442,100,7,1131.967141,-999,2.152401189,86.25056348,45.20993653,67.76035579,13.42525058,15.47923322
22,222,32,222109,90,92,9092,9022,9222,909222,902,922,90922,101,7,1325.651378,25.92826156,2.533124768,81.56054357,48.44784223,64.22897093,11.60450391,15.55109905
22,222,32,222109,6,16,616,622,1622,61622,62,162,6162,102,7,1193.962281,23.0437481,1.901412529,84.44017376,46.61317849,67.5813811,12.33169599,17.93131417
22,222,32,222109,62,41,6241,6222,4122,624122,622,412,62412,103,7,1291.098059,24.92940755,2.257278379,81.82319634,47.88526282,65.08538985,11.10186994,16.40247664
22,222,32,222109,71,33,7133,7122,3322,713322,712,332,71332,104,7,1321.890704,26.21432858,2.377430845,80.65061962,49.79125953,63.09298025,11.64732681,14.95617546
22,222,32,222110,91,103,91103,9122,10322,9110322,912,1032,911032,105,7,1237.979126,25.27767833,2.327650865,81.45352043,48.33727768,64.59465769,11.41692295,15.6367329
22,222,32,222110,9,27,927,922,2722,92722,92,272,9272,106,7,1269.388622,26.28617864,2.48491863,81.48707016,48.75280347,63.04984575,12.09121306,15.26705648
22,222,32,222110,66,12,6612,6622,1222,661222,662,122,66122,107,7,1278.410393,26.18881429,2.419100333,81.27623899,48.8052752,63.57943805,11.36918101,15.5481497
22,222,32,222110,84,61,8461,8422,6122,846122,842,612,84612,108,7,1332.50317,24.10210567,2.286845312,82.38585226,46.50037556,64.03815992,12.29672118,15.6114093
22,222,32,222110,32,1,321,3222,122,32122,322,12,3212,109,7,1305.277041,25.17092381,2.657991485,83.27762946,46.66328077,65.78825687,11.73639995,16.93221199
22,222,32,222110,78,27,7827,7822,2722,782722,782,272,78272,110,7,1113.972323,26.47130139,2.979079912,83.22447593,48.70122649,64.01546809,12.24070787,15.17779496
22,222,32,222110,69,79,6979,6922,7922,697922,692,792,69792,111,7,1386.650916,27.10410129,3.050526383,83.1056191,48.78680062,65.29026611,11.81920033,14.59882748
22,222,33,222110,27,36,2736,2722,3622,273622,272,362,27362,112,7,1233.720596,26.41117278,2.625998206,82.35611613,48.31319681,63.56528882,11.93258314,13.91474821
22,222,33,222111,34,62,3462,3422,6222,346222,342,622,34622,113,7,1412.930521,26.68310835,2.856080345,81.58197502,49.06609206,62.44383393,11.53017874,14.06183715
22,222,33,222111,3,46,346,322,4622,34622,32,462,3462,114,7,1370.878556,25.80414156,2.794081868,82.88062899,48.11515323,63.87482784,12.34473049,14.59546054
22,222,33,222111,66,67,6667,6622,6722,666722,662,672,66672,115,7,1322.333985,26.06971859,2.914719532,82.30928745,49.47048799,62.62253782,11.32535504,15.48767108
22,222,33,222111,52,5,525,5222,522,52522,522,52,5252,116,7,1239.970874,25.05475946,2.483225382,84.43715529,47.69017094,65.95477292,11.98651552,14.74311738
22,222,33,222111,18,68,1868,1822,6822,186822,182,682,18682,117,7,1195.495022,27.14790915,2.726715446,82.1576654,49.39873937,63.24411259,12.00244088,13.19088295
22,222,33,222111,10,28,1028,1022,2822,102822,102,282,10282,118,7,1201.638785,24.78563759,2.358921496,84.32121327,46.89374428,65.16433782,11.73894637,15.78494511
22,222,33,222111,18,47,1847,1822,4722,184722,182,472,18472,119,7,1326.265467,25.99221308,2.620126908,82.68380139,48.32282229,64.53386254,11.5880115,13.86897901
22,222,33,222111,87,57,8757,8722,5722,875722,872,572,87572,120,7,1420.02123,25.67900196,2.732737478,82.26494449,47.89280671,63.40636434,11.17916424,15.58226311
22,222,33,222112,44,1,441,4422,122,44122,442,12,4412,121,7,1173.662296,26.00617618,2.790176836,82.13115338,48.45391379,63.71039094,11.80540161,14.61419113
22,222,33,222112,96,98,9698,9622,9822,969822,962,982,96982,122,7,1059.626444,26.24972179,2.800867145,82.3292877,48.5107985,63.05260017,11.7715014,13.96571828
22,222,33,222112,54,67,5467,5422,6722,546722,542,672,54672,123,7,1243.376637,27.97165447,3.165666893,79.53146603,50.95719472,59.5656815,11.40447912,13.80328752
22,222,33,222112,93,94,9394,9322,9422,939422,932,942,93942,124,7,1195.410993,28.04598878,3.130450435,80.72722508,50.90065102,59.10284204,10.76335677,15.27134413
22,222,34,222112,62,40,6240,6222,4022,624022,622,402,62402,125,7,898.9568296,26.83848383,2.584814602,83.63786431,48.084638,63.91328363,11.97032706,14.25809686
22,222,34,222112,63,36,6336,6322,3622,633622,632,362,63362,127,7,1106.396593,27.66498055,2.938821987,81.83122903,50.94900231,62.42835731,8.233880745,16.76413837
22,222,34,222112,50,24,5024,5022,2422,502422,502,242,50242,128,7,832.0848148,24.30786774,2.302763098,84.97513676,47.08664947,66.14382455,10.24529619,18.37377711
22,222,29,222113,35,53,3553,3522,5322,355322,352,532,35532,1,8,1208.890356,25.35099985,2.775389741,82.88084306,47.65933384,63.8741951,13.07327603,16.49722653
22,222,29,222113,20,26,2026,2022,2622,202622,202,262,20262,2,8,1304.968578,26.18996601,3.073114494,81.28392452,48.98017845,60.6179004,12.48361451,14.84380951
22,222,29,222113,54,30,5430,5422,3022,543022,542,302,54302,3,8,1233.673067,26.28472074,3.030483546,81.72561147,48.92585425,62.54247632,12.84434596,15.23014095
22,222,29,222113,28,79,2879,2822,7922,287922,282,792,28792,4,8,1237.909111,25.77635484,2.785250381,82.67787385,47.92806455,63.45027448,12.43584746,15.49458415
22,222,29,222113,75,4,754,7522,422,75422,752,42,7542,5,8,1219.7534,25.77391205,2.911642739,82.88263362,48.52145406,62.14691067,9.571370861,17.42354364
22,222,29,222113,44,32,4432,4422,3222,443222,442,322,44322,6,8,1095.526326,25.91036197,2.85263513,82.61839156,48.76116383,63.92102781,11.61110443,15.81632933
22,222,29,222113,96,99,9699,9622,9922,969922,962,992,96992,7,8,1106.395527,26.65851542,2.979581149,82.01752698,49.11780686,63.15206654,9.495253149,16.53269098
22,222,29,222113,37,26,3726,3722,2622,372622,372,262,37262,8,8,1117.142136,25.70001896,3.013192223,82.42639112,48.53428222,62.01467661,10.75367448,15.7480181
22,222,29,222114,38,14,3814,3822,1422,381422,382,142,38142,9,8,919.3222637,23.81654417,2.605772562,83.72824235,45.81414585,67.33964028,12.96652142,17.42420076
22,222,29,222114,16,29,1629,1622,2922,162922,162,292,16292,10,8,1034.968841,25.95294471,2.942425279,81.8527744,48.51474962,64.47449742,13.10691949,15.46331558
22,222,29,222114,15,68,1568,1522,6822,156822,152,682,15682,11,8,1036.800533,24.90134947,2.730707634,82.94361307,46.8559348,66.86883192,13.4279465,16.52452606
22,222,29,222114,35,29,3529,3522,2922,352922,352,292,35292,12,8,996.3005985,25.37169876,2.966681178,81.79848821,47.97050057,63.41493663,11.34734092,16.48424688
22,222,29,222114,37,70,3770,3722,7022,377022,372,702,37702,13,8,1195.270548,26.47437826,2.660387985,82.96403657,48.23885827,64.69147178,11.63572153,15.07332005
22,222,29,222114,62,85,6285,6222,8522,628522,622,852,62852,14,8,1160.547015,25.05449755,2.746334729,83.19826803,46.97655653,65.01498191,12.37627077,15.03779693
22,222,29,222114,14,36,1436,1422,3622,143622,142,362,14362,15,8,959.0306,24.00486059,2.543655274,84.49352496,45.65368165,67.26476531,11.98448454,16.27661974
22,222,29,222114,89,101,89101,8922,10122,8910122,892,1012,891012,16,8,1092.74417,26.39010523,2.591461303,83.90038019,46.9924795,65.63794511,11.70299613,14.96027543
22,222,29,222115,61,39,6139,6122,3922,613922,612,392,61392,17,8,1219.262978,27.5326117,2.938967675,82.61400193,49.05788351,62.67312632,11.68920859,15.07182287
22,222,29,222115,72,21,7221,7222,2122,722122,722,212,72212,18,8,1291.310622,25.47574605,2.484834298,84.19751965,46.92471868,66.92425346,11.36471919,16.28388007
22,222,29,222115,79,34,7934,7922,3422,793422,792,342,79342,19,8,1107.833689,26.7912104,2.797089712,82.70673071,48.74131152,64.74385615,10.69918414,15.36504306
22,222,29,222115,90,102,90102,9022,10222,9010222,902,1022,901022,20,8,1173.05957,26.14946435,2.554532406,83.62245992,47.76904493,64.86344605,10.44114412,16.80608542
22,222,29,222115,49,81,4981,4922,8122,498122,492,812,49812,21,8,1233.043074,24.76484318,2.917884358,83.1765496,46.30789215,66.1884094,12.66916742,15.48621554
22,222,29,222115,13,33,1333,1322,3322,133322,132,332,13332,22,8,883.3649037,25.69526513,2.711221391,83.18320592,48.09501686,66.48245789,13.23926658,15.16589283
22,222,29,222115,64,48,6448,6422,4822,644822,642,482,64482,23,8,957.5280741,26.2297477,2.866018084,82.85218027,47.85129676,65.79382419,12.79533148,14.58616303
22,222,29,222115,22,75,2275,2222,7522,227522,222,752,22752,24,8,1207.305215,25.57663953,2.93468479,82.50791031,47.83332223,64.25426424,12.12623579,16.06144717
22,222,29,222116,50,47,5047,5022,4722,504722,502,472,50472,25,8,1114.595778,24.59892572,2.50453979,84.29852188,46.23870388,66.68573957,13.00737571,15.86484505
22,222,29,222116,50,18,5018,5022,1822,501822,502,182,50182,26,8,1152.242763,24.90649883,2.673240989,84.04939257,46.78397881,66.0028946,12.98176752,15.29257034
22,222,29,222116,65,7,657,6522,722,65722,652,72,6572,27,8,1261.151674,26.62758598,2.977667009,83.54592936,48.61587631,63.55125996,12.19309818,14.52016453
22,222,29,222116,77,80,7780,7722,8022,778022,772,802,77802,28,8,1088.649244,24.63520083,2.741903406,83.41694154,47.08264291,65.31529196,13.0593945,15.59377733
22,222,29,222116,17,88,1788,1722,8822,178822,172,882,17882,29,8,1021.106333,27.5693009,3.154879687,81.18555242,49.61374954,61.25634876,13.69761774,13.89949236
22,222,29,222116,21,81,2181,2122,8122,218122,212,812,21812,30,8,1261.908756,25.73811013,2.957563091,83.15642672,47.84440203,63.4799673,14.26285037,14.10670489
22,222,29,222116,89,90,8990,8922,9022,899022,892,902,89902,31,8,1155.604519,24.93742525,2.666372649,83.20878932,47.59892201,65.06277534,12.77947303,16.59457033
22,222,29,222116,88,42,8842,8822,4222,884222,882,422,88422,32,8,1043.176741,27.00972098,2.989353838,81.34072974,48.90532475,62.4822419,13.49722749,14.30355517
22,222,29,222117,65,51,6551,6522,5122,655122,652,512,65512,33,8,1113.224111,26.30992437,2.767499057,83.19482444,48.22845905,65.07570851,11.56531077,14.81025422
22,222,29,222117,31,61,3161,3122,6122,316122,312,612,31612,34,8,1379.824089,26.17872932,2.864383853,83.50179535,47.03277084,64.7478134,11.87643545,15.68426839
22,222,29,222117,8,9,89,822,922,8922,82,92,892,35,8,1190.315556,25.27201112,2.730398075,83.92737656,46.77315933,65.55303849,11.88434589,16.20423565
22,222,29,222117,16,20,1620,1622,2022,162022,162,202,16202,36,8,1198.033037,25.11379236,2.629035821,84.2359071,46.82853878,65.99045319,12.25025011,16.24726297
22,222,29,222117,2,23,223,222,2322,22322,22,232,2232,37,8,1250.0688,25.90148564,2.577014521,84.69031188,48.24609252,66.62960685,11.61003345,16.26349239
22,222,29,222117,30,51,3051,3022,5122,305122,302,512,30512,38,8,1159.520444,26.4723444,2.842442874,82.8936114,48.72536231,64.90762872,13.02226099,14.2528805
22,222,29,222117,23,60,2360,2322,6022,236022,232,602,23602,39,8,1148.230904,25.89652933,2.681960556,83.92343209,47.82639601,65.83745522,12.82731652,15.27951501
22,222,29,222117,71,44,7144,7122,4422,714422,712,442,71442,40,8,1237.046111,26.67797825,2.490217286,83.88837088,48.15253816,65.89124205,12.43323265,15.14868255
22,222,29,222118,38,9,389,3822,922,38922,382,92,3892,41,8,1233.622889,25.2118527,2.71726591,83.03874976,45.99229582,66.68863789,12.46547677,15.92937157
22,222,29,222118,25,67,2567,2522,6722,256722,252,672,25672,42,8,1198.243881,27.00669044,3.065919646,80.75434718,48.63606506,63.50095623,12.09544603,14.17358096
22,222,29,222118,54,19,5419,5422,1922,541922,542,192,54192,43,8,1399.608926,25.87025511,3.088060946,80.65886138,48.29597924,62.06618828,10.12885549,15.92465916
22,222,29,222118,89,104,89104,8922,10422,8910422,892,1042,891042,44,8,1184.062519,25.33115956,2.889729125,82.78487903,46.23321364,65.47910978,12.92632324,15.18822363
22,222,29,222118,76,82,7682,7622,8222,768222,762,822,76822,45,8,1141.385407,26.37911364,2.772099729,83.04648158,48.36864824,65.11970497,11.90807666,15.39811186
22,222,29,222118,24,3,243,2422,322,24322,242,32,2432,46,8,1311.643407,26.49116686,2.995762816,81.83421548,48.5773003,62.96429173,12.42211846,15.86920636
22,222,29,222118,87,73,8773,8722,7322,877322,872,732,87732,47,8,1215.322733,25.66102522,2.586516385,83.70968688,47.16089486,65.38223027,11.48259807,17.16216562
22,222,29,222118,20,37,2037,2022,3722,203722,202,372,20372,48,8,1314.773119,26.38700364,2.895963955,82.77167933,48.33251385,62.95247771,11.63490722,16.03231476
22,222,30,222119,44,64,4464,4422,6422,446422,442,642,44642,49,8,1290.676674,26.01606453,2.848621448,82.11369909,47.8155616,62.98303739,11.00983182,14.73760441
22,222,30,222119,18,24,1824,1822,2422,182422,182,242,18242,50,8,1268.518215,26.74775129,2.78422281,82.3472428,48.01860608,62.97866591,11.99212128,13.81863313
22,222,30,222119,61,30,6130,6122,3022,613022,612,302,61302,51,8,1245.47403,26.22592764,2.827766134,82.22710432,48.07978967,62.62331335,11.29552885,13.93998288
22,222,30,222119,78,9,789,7822,922,78922,782,92,7892,52,8,1199.624659,26.13115988,3.040524971,82.20148043,47.53828436,63.82137496,11.42778452,14.78276624
22,222,31,222119,51,20,5120,5122,2022,512022,512,202,51202,53,8,1142.774089,23.98653965,2.497688552,86.12537873,45.22580571,65.39599256,10.86476324,17.02199957
22,222,31,222119,55,45,5545,5522,4522,554522,552,452,55452,54,8,1216.636667,25.70432935,2.79568399,83.71467292,46.65864955,64.53599047,11.84440427,14.96461546
22,222,31,222119,63,59,6359,6322,5922,635922,632,592,63592,55,8,1224.124333,25.06605384,2.618008955,84.15687001,46.43436144,64.44565152,10.45360909,16.22161333
22,222,31,222119,32,8,328,3222,822,32822,322,82,3282,56,8,1353.312222,26.20476967,2.683643828,83.94785323,47.83035613,64.41896728,11.98203583,15.26504075
22,222,31,222120,90,93,9093,9022,9322,909322,902,932,90932,57,8,1140.905141,24.92514674,2.336775495,85.3753927,46.01776464,67.07042388,12.06401746,14.78469729
22,222,31,222120,60,57,6057,6022,5722,605722,602,572,60572,58,8,1187.994252,25.46982001,2.500478985,84.68873792,46.75486521,65.49737832,11.67488641,15.64272831
22,222,31,222120,14,52,1452,1422,5222,145222,142,522,14522,59,8,1233.254593,24.29514174,2.265703366,85.9588262,45.03934244,67.97281197,11.81346229,16.1291478
22,222,31,222120,53,11,5311,5322,1122,531122,532,112,53112,60,8,1221.097667,25.62141744,2.43097726,83.38157511,46.51245129,64.76132732,11.25549749,15.52857313
22,222,31,222120,8,38,838,822,3822,83822,82,382,8382,61,8,1233.192089,26.89531328,2.9685417,81.81062322,48.34920382,63.54963778,10.31443347,14.93934128
22,222,31,222120,47,68,4768,4722,6822,476822,472,682,47682,62,8,1301.251156,26.64225808,2.590591298,82.51268805,47.90700245,64.49916908,11.56180691,14.58999212
22,222,31,222120,58,77,5877,5822,7722,587722,582,772,58772,63,8,1164.021022,25.90723127,2.406596495,83.79875794,46.14773171,65.64691671,10.91822412,15.71613837
22,222,31,222120,28,62,2862,2822,6222,286222,282,622,28622,64,8,1143.996667,27.23458848,2.671613698,82.30791222,48.05952129,64.79231965,11.60081581,14.30406448
22,222,31,222121,12,22,1222,1222,2222,122222,122,222,12222,65,8,1079.57683,26.5498985,2.79361786,82.53584565,47.62850228,64.41113303,12.26668904,14.32932489
22,222,31,222121,58,11,5811,5822,1122,581122,582,112,58112,66,8,1367.440385,27.74372159,2.84114177,81.2232444,49.59944259,63.33768541,12.21063142,14.39583024
22,222,31,222121,12,84,1284,1222,8422,128422,122,842,12842,67,8,1260.036963,26.43214139,2.788502869,81.03110321,49.35365291,62.52923155,12.19275108,13.79827148
22,222,31,222121,49,10,4910,4922,1022,491022,492,102,49102,68,8,1248.726933,26.37842052,2.680199032,82.21191593,47.81256564,64.41592092,12.97981749,15.28946616
22,222,31,222121,42,26,4226,4222,2622,422622,422,262,42262,69,8,1043.441129,28.36514156,3.208291076,80.07895462,50.37046438,61.4346011,12.42760428,12.68275741
22,222,31,222121,8,9,89,822,922,8922,82,92,892,70,8,1248.840135,27.37830337,3.012151469,81.68495822,49.02079149,62.86687536,12.20589521,14.38787401
22,222,31,222121,70,77,7077,7022,7722,707722,702,772,70772,71,8,1142.025744,28.04848784,2.82694141,81.20329737,49.41609931,63.25464119,12.57474965,13.5666094
22,222,31,222121,42,43,4243,4222,4322,424322,422,432,42432,72,8,1184.034604,26.08188626,2.490330606,83.9966716,48.06945862,66.56615591,11.99032765,16.31084436
22,222,31,222122,104,102,104102,10422,10222,10410222,1042,1022,1041022,73,8,1155.721286,25.97151154,2.595439029,83.50733126,47.21134077,65.33620947,12.00493521,16.93653958
22,222,31,222122,18,47,1847,1822,4722,184722,182,472,18472,74,8,1256.090252,27.13941455,2.535134486,82.83340747,49.02551268,64.84880988,12.92737999,15.02879067
22,222,31,222122,5,59,559,522,5922,55922,52,592,5592,75,8,1310.837504,27.4280875,2.666873688,82.4799116,49.12052325,63.68151184,12.17382022,15.265678
22,222,31,222122,14,63,1463,1422,6322,146322,142,632,14632,76,8,1179.42363,25.00798205,2.353946341,83.00528312,47.7047324,65.10815683,12.09930146,16.11404609
22,222,31,222122,88,35,8835,8822,3522,883522,882,352,88352,77,8,1258.703,26.2545183,2.564174862,82.89585875,46.96804435,64.22203151,10.98857486,15.41132274
22,222,31,222122,58,77,5877,5822,7722,587722,582,772,58772,78,8,1349.774919,26.16144613,2.629589211,82.26915876,47.13742943,63.3191698,11.82636182,15.38764915
22,222,31,222122,77,82,7782,7722,8222,778222,772,822,77822,79,8,1299.019867,25.99219274,2.527692488,83.13799713,47.05288014,64.47357562,11.08661474,15.8840588
22,222,31,222122,104,101,104101,10422,10122,10410122,1042,1012,1041012,80,8,1274.252622,26.76899004,2.680504325,82.7093309,47.84952766,63.7809582,11.13218139,14.36570913
22,222,31,222123,4,54,454,422,5422,45422,42,542,4542,81,8,1310.198674,27.7899607,3.101365607,80.92922357,50.48720575,61.2986901,11.81510377,14.13992249
22,222,31,222123,100,102,100102,10022,10222,10010222,1002,1022,1001022,82,8,1356.001815,26.91452122,2.727301146,81.69615347,48.56909231,63.44107314,11.55985547,14.5024107
22,222,31,222123,30,7,307,3022,722,30722,302,72,3072,83,8,1264.912622,27.1091955,2.695630173,81.8769141,48.65493968,63.80186408,11.369476,13.93447465
22,222,31,222123,89,100,89100,8922,10022,8910022,892,1002,891002,84,8,1267.79723,25.64076693,2.474751181,82.79494591,46.43567249,63.51160906,12.00318713,16.12787411
22,222,31,222123,2,87,287,222,8722,28722,22,872,2872,85,8,1271.880644,26.14454203,2.522376536,81.93231215,48.15055779,63.71639829,11.4905506,15.71517841
22,222,31,222123,34,41,3441,3422,4122,344122,342,412,34412,86,8,1353.376667,27.10388441,2.76538173,80.66921538,49.6016898,61.9867538,11.74062493,14.47328216
22,222,31,222123,64,43,6443,6422,4322,644322,642,432,64432,87,8,1414.990963,26.20079871,2.862316575,81.06293806,47.45645592,63.08742101,11.79881773,15.18162689
22,222,31,222123,32,64,3264,3222,6422,326422,322,642,32642,88,8,1354.390444,26.40123432,2.419808325,82.43507665,48.9910879,63.93005279,10.75723548,15.59393517
22,222,31,222124,68,87,6887,6822,8722,688722,682,872,68872,89,8,1456.250548,25.2659031,2.330240379,83.3717371,47.76901306,66.10155663,10.5184773,16.77409885
22,222,31,222124,62,86,6286,6222,8622,628622,622,862,62862,90,8,1354.025778,27.09645406,2.669059417,81.79578927,49.35240485,63.64646046,11.08071003,15.11790319
22,222,31,222124,21,45,2145,2122,4522,214522,212,452,21452,91,8,1153.983178,25.33351717,2.185933466,84.36584414,47.1549491,66.57111735,10.3403988,16.5540746
22,222,31,222124,51,6,516,5122,622,51622,512,62,5162,92,8,1351.833274,26.36379633,2.678258382,82.32532486,48.74041851,63.88992766,9.88244839,16.57266266
22,222,31,222124,52,36,5236,5222,3622,523622,522,362,52362,93,8,1238.048481,26.5710911,2.699132356,82.24373643,48.83247122,63.40744147,10.26112438,15.89207859
22,222,31,222124,89,92,8992,8922,9222,899222,892,922,89922,94,8,1282.044815,27.0267446,2.680092348,81.29198273,49.30884448,62.36006943,11.31637268,14.74849177
22,222,31,222124,7,51,751,722,5122,75122,72,512,7512,95,8,1224.227956,26.48945605,2.683906487,82.0480022,48.75161751,62.57145122,10.59639948,15.49394084
22,222,31,222124,9,74,974,922,7422,97422,92,742,9742,96,8,1205.292963,24.13109653,2.066854992,83.7898557,47.17899383,65.9959777,12.64450808,17.17715808
22,222,32,222125,82,21,8221,8222,2122,822122,822,212,82212,97,8,1209.768185,24.52611319,2.183060845,83.75237132,47.00146128,65.72318859,11.80786862,16.26768194
22,222,32,222125,41,85,4185,4122,8522,418522,412,852,41852,98,8,1179.49163,23.99872314,2.231693597,83.7266885,46.72267532,64.99139185,12.63273072,16.93787474
22,222,32,222125,62,85,6285,6222,8522,628522,622,852,62852,99,8,1237.206059,25.51754288,2.527198638,81.19690426,47.99064737,64.55543852,11.63941292,15.64070956
22,222,32,222125,7,51,751,722,5122,75122,72,512,7512,100,8,1027.105941,-999,2.088468222,86.9832585,44.28323704,69.13242803,13.95625542,15.46642882
22,222,32,222125,78,27,7827,7822,2722,782722,782,272,78272,101,8,976.8244444,26.5932778,2.888908818,80.53981252,49.30262571,63.35853307,11.393869,14.35399071
22,222,32,222125,50,18,5018,5022,1822,501822,502,182,50182,102,8,1256.681926,25.23433589,2.298091127,81.78403823,48.34836779,64.27206691,11.88338404,15.6079988
22,222,32,222125,8,14,814,822,1422,81422,82,142,8142,103,8,1254.585978,25.0107414,2.378005788,81.76024101,48.03842654,63.43760826,11.32486572,16.17003303
22,222,32,222125,70,11,7011,7022,1122,701122,702,112,70112,104,8,1198.470237,24.48177253,1.98298613,83.98028407,48.39616845,67.79912331,12.1917709,15.61843103
22,222,32,222126,88,29,8829,8822,2922,882922,882,292,88292,105,8,1309.658659,26.04906696,2.428725556,80.57439526,48.9671096,63.89808753,11.67365356,14.93774987
22,222,32,222126,50,82,5082,5022,8222,508222,502,822,50822,106,8,1057.371874,25.30679703,2.322654028,82.22152567,47.58621217,65.15322237,11.65364862,16.2718758
22,222,32,222126,31,61,3161,3122,6122,316122,312,612,31612,107,8,1003.159437,25.31422301,2.399683783,81.52565134,48.03584275,64.7664582,12.17046027,16.00959064
22,222,32,222126,48,73,4873,4822,7322,487322,482,732,48732,108,8,1198.634756,24.13717432,2.431488222,83.67901131,45.2342646,64.96130655,12.3072742,17.08967365
22,222,32,222126,25,19,2519,2522,1922,251922,252,192,25192,109,8,1192.101311,27.66975287,3.346512759,81.31397004,50.17521858,61.25466492,11.92778404,13.46355849
22,222,32,222126,84,5,845,8422,522,84522,842,52,8452,110,8,1229.829502,27.30580868,3.030583178,82.3248365,49.3997795,63.50590343,12.14462982,14.27744268
22,222,32,222126,30,67,3067,3022,6722,306722,302,672,30672,111,8,1370.804304,26.65309129,2.889733393,83.03366242,48.28346363,65.16198855,11.86276762,15.3914343
22,222,33,222126,68,3,683,6822,322,68322,682,32,6832,112,8,1475.556985,26.65487453,2.743898068,82.22578133,48.63112951,63.23953778,11.80335111,14.07288019
22,222,33,222127,12,4,124,1222,422,12422,122,42,1242,113,8,1311.865144,26.11133384,2.711825111,82.50727429,47.85144995,64.55439041,12.07633983,13.90854524
22,222,33,222127,16,20,1620,1622,2022,162022,162,202,16202,114,8,1158.279828,25.61350935,2.68564322,83.69348172,47.89620783,64.65392377,12.43229042,14.03576383
22,222,33,222127,1,48,148,122,4822,14822,12,482,1482,115,8,1186.630178,25.42226891,2.772955536,83.1212198,48.00021629,64.0834705,11.57377069,15.25211359
22,222,33,222127,70,76,7076,7022,7622,707622,702,762,70762,116,8,1186.740933,25.76640461,2.625229301,83.25170042,48.09938666,64.06186909,11.08896482,15.08369202
22,222,33,222127,81,69,8169,8122,6922,816922,812,692,81692,117,8,1149.809089,24.81513984,2.701046343,83.86586762,47.05521657,64.78967669,12.20401951,14.67691869
22,222,33,222127,22,61,2261,2222,6122,226122,222,612,22612,118,8,1339.949748,26.58764117,2.909018304,81.2592819,48.6608456,62.80662839,11.60181067,14.05708219
22,222,33,222127,79,34,7934,7922,3422,793422,792,342,79342,119,8,1288.547778,27.13791611,2.869797862,82.30514373,49.37117269,62.97094735,11.21946779,14.20563666
22,222,33,222127,53,58,5358,5322,5822,535822,532,582,53582,120,8,1259.186156,25.75209072,2.673773089,82.56262679,48.43706147,63.5531276,11.81017488,14.92473053
22,222,33,222128,42,29,4229,4222,2922,422922,422,292,42292,121,8,1036.931859,25.91416074,2.824086944,82.22234322,48.24687135,63.02200028,11.77665459,14.21714325
22,222,33,222128,56,44,5644,5622,4422,564422,562,442,56442,122,8,1305.807896,26.47507813,2.854530957,81.30800386,48.72929063,61.85327657,11.03640603,14.90139105
22,222,33,222128,63,36,6336,6322,3622,633622,632,362,63362,123,8,1192.145052,26.57041949,2.701196423,82.19622193,48.73547833,62.57101654,11.04865271,15.00456006
22,222,33,222128,51,35,5135,5122,3522,513522,512,352,51352,124,8,1153.143185,26.30271363,2.748488983,82.84136465,48.49177997,62.43992928,11.48779175,15.98667142
22,222,34,222128,62,40,6240,6222,4022,624022,622,402,62402,125,8,926.6303852,26.70343623,2.760081119,83.3356214,48.13460259,63.71993811,12.12701581,14.71578007
22,222,34,222128,34,86,3486,3422,8622,348622,342,862,34862,126,8,1153.195896,28.15532344,3.223118354,80.85887417,51.44530807,61.71769813,9.464604111,14.84755572
22,222,34,222128,38,14,3814,3822,1422,381422,382,142,38142,127,8,882.3886815,24.40656428,2.429646738,84.46390479,47.71611352,66.64685732,9.60498112,17.93151389
22,222,34,222128,6,42,642,622,4222,64222,62,422,6422,128,8,924.7348444,26.17329366,2.770622232,83.18089596,49.12505719,63.50618424,9.982555469,16.58082474
