75,9,100,55,63,46,88,17,20,34,64,43,70,73,93,21,35,18,91,90,24,2,57,71,69,3,89,49,27,48,79,97,42,38,104,76,40,87,15,78,4,12,45,59,58,8,14,101,77,72,65,67,32,60,92,41,23,47,54,50,7,95,52,99,37,83,25,56,5,53,28,30,31,6,44,68,39,51,13,1,61,33,29,22,19,66,96,11,10,36,84,62,82,74,85,16,81,26,86,98,80,103,94,102
1.14098469321266,-0.0564422461358836,0.0359348856465622,0.10698032195147,-0.0658284575848136,0.00373420800338559,0.0196605369347971,-0.0627899204771126,-0.0535555990170656,-0.0388244820855532,-0.0694974118793833,-0.0244524448850398,-0.0583445576471366,0.00638343484831973,-0.0354910129606031,-0.0356288936786667,0.0173091914272848,0.0413343535523359,-0.0347706415084739,-0.053149330163306,-0.0348546971333896,-0.0502781669753929,0.00996243487762859,-0.0565616936028695,-0.0171971172607307,-0.0441516916471015,-0.00849514809181753,-0.00405125992192798,-0.00977220372650233,-0.0240793558832208,0.0318589251681894,-0.00508720863251272,-0.0422700253770563,0.0205025678440407,-0.0815063062916967,0.0253350289466558,-0.0433922417026869,-0.0789934855047373,-0.0327732144216596,-0.0180435721502331,-0.0479334574382686,-0.0239894016179604,-0.0218784257045049,0.00795394784016725,-0.0405107558941706,-0.0452104975890226,-0.0503872918217752,-0.0592581095705628,0.0192520560909081,-0.0263754016374997,-0.0577561682727256,-0.0606000502490423,-0.0204929825534816,-0.0283440728526322,-0.0441457930067562,-0.010174785930047,-0.039856744145922,-0.0431983239013459,0.0875996017680434,-0.00327042740626242,-0.030208043201642,-0.0486022157873792,0.0199856994838138,0.0349350661080893,0.0203764844066676,0.11258550493928,0.00107244654771886,1.04142228016001,-0.0196280944128995,0.0331780086153329,-0.0202555622795962,-0.022727092584137,-0.0636194167756237,-0.0218128033306672,-0.0111569095474838,-0.0298585487612024,-0.0417892861889422,0.0100265825913795,-0.00358747932480449,-0.032324917755442,-0.0542656478485913,-0.0208269930630153,-0.029213384973472,-0.0578874130204008,-0.0575010520778058,-0.0662487357093922,-0.0153353589018502,-0.0640264229594258,-0.0215893923276021,0.0396989555166939,-0.0734222196989155,-0.0240306921003751,-0.000612352600812083,0.00505624077070158,-0.0258607452674014,-0.0394829178140593,0.00194765730890375,-0.00414711282753289,-0.0829013347332875,-0.00786399357490543,0.00155539772596346,-0.0205711395380512,-0.0639563766053293,-0.0576477807563869
-0.0564422461358836,1.30210605423544,-0.0734465515903381,-0.113743850437033,-0.147220846384854,-0.0863999657878875,-0.0911778644673132,0.0959100486840567,-0.0808102667309922,-0.0193796141883687,0.0149740671807206,-0.0212642297785851,-0.120029589054638,0.154041149283703,-0.111822368344659,-0.11188356673824,0.221865190630222,0.200341052011434,-0.086870382355403,0.0432079091919057,-0.103594502393473,0.0360336878723398,-0.106167046913919,-0.0203233966435631,-0.0580245564084214,0.00588942371942849,-0.0813757988740619,-0.0938787044152645,-0.104737363960308,-0.0905953737332479,0.0335134937849532,-0.0922307717688891,-0.0786498897046428,0.0137987630919863,0.393431569043876,-0.015875821823458,-0.0780850948916118,0.0468864487770363,0.154375897123275,0.141653267229228,-0.0995731043382899,0.130339675047581,0.0450328010486303,-0.0857076128773981,-0.0208358410235321,0.443146784531346,0.0582391194509584,-0.112968179231671,0.0713635942185203,0.0627736992161631,-0.134624299928176,-0.138158322824853,0.076707762371058,-0.0418726044838149,-0.0593613357765994,-0.106443545680088,-0.0716356690044337,-0.109254247804469,0.0463887509979302,-0.037273139674826,0.108554521593536,-0.0483279290113391,-0.0840279750391675,-0.0912398001909347,0.177006030806753,0.0194607204931115,-0.07257502747937,-0.0645993284029301,-0.0929688391420531,0.00715025809316539,-0.0738122672917291,-0.0877861462689577,0.101061773695332,0.132976367281782,0.0700172295597827,-0.0894731574076169,-0.0816965374428206,0.000102120210971824,0.0183112229558863,0.102910260113442,-0.0171838453199547,-0.0634181256738505,-0.0600721219381688,-0.116505151448521,-0.0799247333492066,-0.123332827647822,-0.100868593224051,0.106559306496841,0.10222011919308,0.153999858801287,0.115490585309168,-0.0405498343864555,-0.0728795447871795,0.067979986650638,0.0392867880225892,0.0437616440542901,-0.0633414433493659,-0.103559847881443,-0.0217412823164844,-0.117935571732174,-0.0403455939645116,-0.0985895060607641,-0.0954285721659073,-0.0949478329777913
0.0359348856465622,-0.0734465515903381,1.25673666202212,-0.00679707700250999,0.00389494595278638,0.100219742786099,0.0788017796935223,-0.055025835123049,0.000294563352226553,0.0599615224316992,-0.0194813657343186,-0.0117040084394792,0.0346902725337732,-0.0814753384298864,0.0604577455507201,0.0206751030741317,-0.127524548942962,-0.126657448812253,0.0351061266780946,-0.148139559618584,0.0388561872774071,-0.0737237876865516,0.0468658035358292,0.029188315752006,0.0360395865126849,-0.0827804126062076,0.068973170218723,0.0301682273793137,0.0997493262185829,0.0477144704154608,-0.122330058789172,0.051446835093739,0.0427898430574568,-0.115819434508422,-0.0400019981644172,-0.0701152944555175,0.118119904242939,-0.0812747846581543,-0.0210216481943987,-0.0864250350093562,-0.013790652461512,-0.0474350223291189,-0.0736198241504712,-0.0187890128238285,-0.0181003465635532,-0.0785481381586915,-0.039862642786267,0.0590818876902561,-0.0508931002313566,-0.0929931710334819,0.0131941524566268,0.019935561040881,-0.0434785093177326,-0.0604547962305475,0.0120815214215573,0.0518037028346098,-0.00402692803050454,0.0521369760141003,-0.0317756068733169,-0.0435094771795433,-0.0423813622135688,0.00946547442856469,-0.0464020229387069,0.0587257572794287,-0.155360232730867,-0.0889164732250645,0.00983340212008203,0.0385900111318408,0.0585303648180022,-0.0516901540079696,0.0131971017767989,0.062716187472799,-0.0449664413447501,-0.0549203969268824,-0.00922068085424855,0.0566582838385181,0.0855992253610511,-0.0580481509698012,-0.00855265983518041,-0.130535804839067,-0.0123779280988926,0.00894491941812096,0.00546619627467668,0.016743659284211,0.00785145896417304,0.0249457186838882,0.0559983734499244,-0.0658476281659345,0.000514287705077299,-0.0682505867764714,-0.0884327847167719,0.0258319893957196,-0.0380908386926473,-0.0486022157873804,-0.052450341282427,-0.0345560784659251,-0.025025350328545,0.021637318780405,-0.0928508663351561,0.0665370317562517,-0.0518730118586635,0.0421741724714514,0.0613617121835866,-0.0058680411481774
0.10698032195147,-0.113743850437033,-0.00679707700250999,1.20489793601047,-0.0463710550768955,-0.0287990054892377,-0.0475330872248535,-0.0603559940047702,-0.0370888071640462,-0.0310227928992909,-0.0887645832361775,-0.0789934855047373,-0.0392705667616408,0.00605679763921656,-0.0613528642230693,-0.0580400403393264,-0.0212052433751359,0.0142455850981169,-0.0772725571840923,0.0776508074962092,-0.0487541057762618,-0.0931634942734387,-0.0175864275234989,-0.079202887236984,-0.0580120217976878,0.0328174542242466,-0.0553679562630575,-0.0711682017570945,-0.0197608138206617,-0.0406626458830527,-0.0645506646200865,-0.0462855247918926,-0.0357719357070317,-0.0261401933537437,-0.104530911548239,0.0165733360442497,-0.0534575341213295,-0.000567375468181471,-0.0474394463093782,-0.133317013761723,-0.0549314568775289,-0.0182581351927817,0.0671298451109207,0.00225954791714423,-0.0192129775986231,-0.0216889318834232,-0.0474932714025251,-0.034586308997694,-0.00998381744887887,-0.0895815449239619,-0.0747228698949804,-0.070281931045263,0.013687426255475,-0.0114171870527059,-0.0200107687052803,-0.0611884396234528,-0.0752272036444755,-0.0439083727328714,0.385260477506004,0.12170185359242,-0.00461605473495827,-0.0322887885833288,0.393408711812538,-0.075123977438438,-0.0368484375699889,0.130432578633019,-0.0398958226382079,0.116536856640359,0.0155491846143548,0.355070498890418,-0.0410563801260795,-0.0384668770146393,-0.0170164714001665,0.0083034422806068,-0.0274334702493779,-0.0452149215692812,-0.0586793054867126,0.0474276490286871,-0.0133460424455099,-0.0517454537612042,-0.0698520676301246,-0.0690800830749755,0.0153191376409018,-0.0618181194802779,-0.0477056224549435,-0.0803781913257185,-0.0405837515684391,-0.061592496487083,0.0190323317380582,0.0246493120065531,0.0518567905977144,-0.0644621850149101,0.135095453825712,0.075814118358797,0.0597735032707036,-0.0278471124035686,0.0942532680771586,-0.0430449592523763,-0.0251794523075573,-0.0328056569435565,0.0925574089779812,-0.0610793147770711,-0.0583784748291192,-0.0139587637113431
-0.0658284575848136,-0.147220846384854,0.00389494595278638,-0.0463710550768955,1.31147604442341,0.0348805036848994,0.0457457992003286,-0.086854898424495,0.027127478281483,0.019160627165561,0.328343759487368,-0.0147772000592076,0.0488706039230752,-0.15647655041615,0.04879613358872,0.0636879884696325,-0.152222156067341,-0.169682131488446,0.0613255830114736,-0.156197102329809,0.0271945753154066,-0.0981913478374838,0.0394984017449645,0.0042606616541743,-0.00767523708386722,-0.0852401456300586,0.00815818826211201,0.046188934556244,0.0247481142323313,0.0607445669374939,-0.144957243152474,0.02973983862426,0.0140280727353974,-0.150332379166826,-0.113469563660994,-0.102251087054902,0.0227978762682764,-0.0808972716760756,-0.0826034533958583,-0.117410592741473,0.0624256794358086,-0.0552625180668905,-0.0641937968792141,0.0673960212564872,0.0262928206726698,-0.130851382097523,-0.0547449123766204,0.0549351435277444,-0.127427958707313,-0.1244388227125,0.550884713102152,0.125061129268877,0.100064903477045,-0.0233464498203589,0.0376108368345764,0.0314003058813683,0.0256432329046809,0.023758617314464,-0.0967314343521,-0.118050595218903,-0.0327252879688563,0.0299337564256009,-0.0947944683288234,0.041466335630055,-0.155902907642603,-0.121358995122384,0.021023122854484,-0.0634033790729891,0.0618984884549784,-0.104760221191646,0.0874196932375201,0.0217619275576917,-0.0910584170003301,-0.0454176873311395,-0.0379824511763089,0.012483366295059,0.0345995809384691,-0.129752023003234,-0.0215178713134186,-0.116278791125281,0.0466615631138854,0.0587825316927499,0.0139720356521199,0.049097701576356,0.0332274097282222,0.668764616416063,0.0481708777121528,-0.0532009432663239,-0.0522490501806554,-0.156134429276144,-0.112977027192184,0.0256727261064058,-0.112095180460614,-0.139553351266439,-0.119169862224357,-0.0572599451537049,-0.091208094999081,0.0454029407302771,-0.0962307872528217,0.0403824604666673,-0.106476725532028,0.0526737522854926,0.0680271757733991,0.04765032270171
0.00373420800338559,-0.0863999657878875,0.100219742786099,-0.0287990054892377,0.0348805036848994,1.17170776144942,0.0464477374013795,-0.0404502948306343,0.0109593050959265,0.0279908917619768,0.0115808743222785,-0.00901422844217536,0.044051414761237,-0.115439709536213,0.0457406378900266,0.046906356688201,-0.141704880332264,-0.126344820873968,0.0469977856135482,-0.111709556848066,0.00972280261361352,-0.0813861214946647,0.0524695118635478,0.0128608792771358,0.0126573761852351,-0.0613034631101803,0.0691324335080367,0.0577797628341046,0.0748334694014481,0.0464934518640536,-0.106220872007065,0.0545967090379517,0.0634232869841522,-0.0690373179324796,-0.0547191058251116,-0.049175121230884,0.0751837011719279,-0.0411640303123753,0.00106875989750418,-0.107353410953301,0.00691947378966757,-0.0365402336119644,-0.0704699502062591,0.00452831245982636,-0.0211617409025915,-0.095028939282533,-0.0196892928064796,0.0366198652566216,-0.0524975304051874,-0.0582501794016161,0.0399621823420883,0.0615799618763497,-0.0309733917864006,-0.0305427910412192,0.022209486893866,0.0383135123656697,0.00165346262169933,0.0328956112088177,-0.0686539063100515,-0.0810012352121572,-0.0479732732605974,0.000576223428699219,-0.0439422899148545,0.0409413566393531,-0.11824008903998,-0.0644489130741337,0.00324462085475387,0.004012181429642,0.0606833685439145,-0.0565152418101522,0.0214846914614779,0.0693167660188145,-0.0576131262443603,-0.0290725549352353,-0.0262382582494796,0.0814325732873764,0.0688116949392796,-0.0907856048843758,0.0230463564928086,-0.0998569764048898,0.04575317250076,0.0322622447017771,0.0195049602956985,0.0210437680956922,0.0104645566369935,0.0331566260440825,0.0465723461786674,-0.0623143425992986,-0.00990860978448055,-0.079363625186392,-0.0835192173094152,0.0328159795641607,-0.0706749279582467,-0.0846370096547914,-0.0744522697691549,-0.0327864863624361,-0.071182211027914,0.0181158304944593,-0.0797322902079457,0.0507463715527747,-0.0852239243691088,0.0650314038081985,0.0362158083929914,0.0121582037460424
0.0196605369347971,-0.0911778644673132,0.0788017796935223,-0.0475330872248535,0.0457457992003286,0.0464477374013795,1.23246965564293,-0.059567788188674,0.05288094202761,0.0781175374135081,0.0381660463570451,0.0593628104366851,0.14103096067284,-0.161702745761792,0.0944103193763485,0.0451190686636763,-0.11887714219724,-0.138790952001852,0.0752699687869742,-0.180287149498657,0.0633768351914361,-0.0812563514070755,0.0506055415145383,0.0512551292825282,0.0527386373292873,-0.059026587937023,0.0415798844566955,0.0434165735941097,0.0100133106506036,0.0761459168782039,-0.107164654462261,0.0593274185946151,0.0583386590067903,-0.155941986134889,-0.114248184186529,-0.0941345579402279,0.072169495955652,-0.0819826214995501,-0.0520190032072015,-0.08023146264714,0.025759731051494,-0.0264417613413804,-0.0869035622073399,0.0107926685061827,0.0139351691499638,-0.0822465856549878,-0.00798049172171882,0.0865931462591806,-0.0890219114212271,-0.121229962364837,0.0588791219283986,0.0841009707134338,-0.0492473795751092,-0.0247385289417713,0.044423766433013,0.0306216853558331,0.0078411363435695,0.0745105188425607,-0.062389550263697,-0.0916069905524096,-0.096000002949327,0.0272380777879509,-0.0815402234736764,0.0601650255236004,-0.132679960604463,-0.0971391778659456,0.040795365290815,0.0197084633876001,0.0655674427495474,-0.0824574620473196,0.00305733902380083,0.0628518562007338,-0.0664551881214661,-0.0601524909128686,-0.0179801617665253,0.0613948920355266,0.0871918582541957,-0.0904257878233307,0.00737956773657603,-0.104098098812921,0.0526309871429917,0.0543998419164387,0.0317505376518511,0.0535334791157716,0.0427242206836194,0.070554005831174,0.0371935080301698,-0.0325851952606642,-0.0907553743526027,-0.148247947134923,-0.0839262234932165,0.0325623380293268,-0.0886421864490194,-0.140485336440944,-0.0942599040475568,-0.0577318363813025,-0.0718959465096553,0.0566634451488192,-0.0822097191528316,0.0471187077406196,-0.0729016646884723,0.0456071811522221,0.0766037988349811,-0.00228166781843686
-0.0627899204771126,0.0959100486840567,-0.055025835123049,-0.0603559940047702,-0.086854898424495,-0.0404502948306343,-0.059567788188674,1.15069238056039,-0.10970254447069,-0.100952648848968,-0.101489425120363,0.0393317651552201,-0.058053312280104,0.020860910244998,-0.0539102547678068,-0.0978337427665681,0.0938993496564596,0.20603250261429,-0.0528831540177392,0.252107519678867,-0.0666933457253944,0.0303761544514738,-0.0647416331012534,0.0407326922371497,-0.0325490660885506,0.000845348894438192,-0.0592743308315116,-0.00606048428943293,-0.051732919150471,-0.0833702766407034,0.00385439280041379,-0.0696692097794303,-0.0458128962342532,0.252067703856541,0.0879461468883086,-0.0535098845543925,-0.0549867566307631,0.0354777410198272,0.131541523017865,0.0248830456302223,-0.0886672556704857,-0.0388812564988726,0.0249589906246637,-0.0766421399972243,-0.0428267095596133,0.12201816818092,0.0452967652040675,-0.0830451140916882,0.05757773440229,0.149058272852287,-0.0994868367232447,-0.117743865920967,0.00502674756897656,0.0451787923971687,-0.126978187381012,-0.0029821313594027,-0.0581226213041568,-0.0886097439271228,0.00944482918735736,0.0533056441324473,-0.000777514530470548,-0.12453320095802,0.00517052692738524,-0.119288572361307,0.158925960819377,0.0184041265413191,-0.0691840466110568,-0.0625886293753408,-0.0624323154061985,0.0612282554457808,-0.0978735585888966,-0.040686240444433,0.0697923438966265,-0.0440661613620997,0.00569771790821702,-0.0545657411761417,-0.0416514054708787,0.0734273810092161,-0.0216999918340698,0.0710273717188509,-0.0433922417026865,-0.0686155651478099,-0.0602852103206306,-0.0878090035002918,-0.106976635301267,-0.0946366796995938,-0.0768500670693848,0.0469174166388463,0.0341431736417774,0.216666276496176,0.0174308508843993,-0.059013315996247,-0.0108265856881659,0.0723678377372516,-0.0201250548619639,0.256111959143059,0.00614970122465009,-0.0584536824935185,0.00197051454024105,-0.0462973220725837,-0.0422456934856337,-0.0652924186434643,-0.0723302339050537,-0.0891030177259722
-0.0535555990170656,-0.0808102667309922,0.000294563352226553,-0.0370888071640462,0.027127478281483,0.0109593050959265,0.05288094202761,-0.10970254447069,1.25703896733982,0.0893286407191615,0.0348841903351146,-0.0363979289136411,0.0258695932279188,-0.1347717659368,0.014906232816754,0.328322376916107,-0.0932497618884872,-0.135554810442599,0.0515139321276639,-0.223443814252566,0.0307256488919131,-0.117971700904285,0.0595161750856541,0.00556794782062827,0.0109622544161,-0.0942849732690273,0.0094654744285646,0.026561946138409,0.0629395984758644,0.0487091286436317,-0.156072493552522,0.0643272536170186,0.0279112601173206,-0.188133078487507,-0.116379805341194,-0.0392145296783638,0.0287061019038049,-0.0976870140879827,-0.0849769188046658,-0.102530535141247,0.110509183537847,-0.0333276866140868,-0.0646502041759054,0.0325859325907071,0.021235473906904,-0.0855284416769202,-0.0511371564756292,0.038758859711715,-0.115538511761988,-0.140615106528536,0.0579744179654888,0.0688566720719097,-0.0137279794078457,-0.0830016116191449,0.146656788901847,0.012003364436986,0.158920799509072,0.0304336661948371,-0.04726764840933,-0.096422493064034,0.0477181570656767,0.0902864324451743,-0.0319112756012508,0.0339551544807822,-0.109353050030253,-0.0830141462298771,0.0298452768204266,-0.0561148715967381,0.0460289339368874,-0.0425671693844347,0.145931993469455,0.0309674931460567,-0.033849716284616,0.0112542371131759,-0.0334545073815023,0.02851365876255,0.0180398855000175,-0.100762417697844,-0.00265033283999746,-0.137516108357292,0.0328624313568776,0.0403824604666667,0.0494029562142085,0.126320488982528,0.297478386552274,0.0347588442277837,0.0439570365157177,-0.026971901642385,-0.0935004541031434,-0.181742639003778,-0.118954561851765,0.0185449565795543,-0.0820320226124397,-0.124826658315185,-0.114871965403005,-0.0521185427630236,-0.077324907617155,0.0433362046194098,-0.129967323375827,0.0251263645444529,-0.0899863391176285,0.0613425416024646,0.0152734231782279,0.138752610839587
-0.0388244820855532,-0.0193796141883687,0.0599615224316992,-0.0310227928992909,0.019160627165561,0.0279908917619768,0.0781175374135081,-0.100952648848968,0.0893286407191615,1.24133531208142,0.0440941799037376,-0.0338593015751763,0.117743128590908,-0.13591389017359,0.0420598863147664,0.056261600275319,-0.0736876585144432,-0.0978189961657083,0.0421667991710196,-0.206258862937547,0.0476038709089929,-0.0716474662851228,0.0428075389784917,0.0094868569998159,0.0331315568226159,-0.00156793233669712,0.0920604485289205,0.0594667739727642,0.0450040451769486,0.0759394644661292,-0.101236520915568,0.0601178364008403,0.0674107678573501,-0.18406080465935,-0.0973544782385364,-0.07156635998038,0.0356923040623747,-0.0789684162832715,-0.0586667708759804,-0.106586587708454,0.0418099314301498,-0.0226607328802567,-0.0870333322949286,-0.0147189509858012,0.00820758937500095,-0.064739421111124,-0.0446110482639652,0.0504226836638437,-0.102571088293615,-0.129104647225367,0.0532282244779192,0.0759962388794479,-0.0355743312554752,-0.0849105591007834,0.0778808544696671,0.0172258731324123,0.0597019822565213,0.0616514828905323,-0.0385944351120993,-0.0966444294070102,-0.0368543362103343,0.135843843819486,-0.0738483964638391,0.0579648326749272,-0.0641023679538743,-0.0994160530391045,0.00677200778104408,-0.0342522984881607,0.066051131257835,-0.102831365798838,0.0627397820341788,0.0735342938654686,-0.0954941945397418,0.0025205627524086,-0.0217140011048886,0.0634889093579899,0.0336145080008594,-0.0951564973799933,-0.0043292333481843,-0.101697352192518,0.0143134194620839,0.0739007468969002,0.071648940945209,0.0343864925560079,0.112375365876991,0.0402113998966626,0.0288587292227307,0.0116841005283158,-0.0911918737381307,-0.178283823771498,-0.087890109805035,0.0225405480832279,-0.102651457268319,-0.11454311620377,-0.0281361457804729,-0.0633060515072969,-0.0704153877830687,0.00561661160347441,-0.10388722242059,0.0373269647679736,-0.0639829204868815,0.0437903999259719,0.0325350568177314,-0.000264332820458458
-0.0694974118793833,0.0149740671807206,-0.0194813657343186,-0.0887645832361775,0.328343759487368,0.0115808743222785,0.0381660463570451,-0.101489425120363,0.0348841903351146,0.0440941799037376,1.28803484769252,-0.0125416153684652,0.0231171401769487,-0.157614988002729,0.0516451768753383,0.0609392220688774,-0.124681404296688,-0.141757968095373,0.0545893357375209,-0.188161834359187,0.0197681871210926,-0.114129474049585,0.064968730754533,0.0174618187462106,0.007826389742707,-0.0993378960545333,0.0424469845874055,0.0549425168281755,0.0375658597019452,0.0447297584009083,-0.162352333529784,0.0141851240345821,0.0525343969073431,-0.17133153879491,0.0172855968659042,-0.0862126839569367,0.0264137427997416,-0.112862003705458,-0.10421607161982,-0.118088936381143,0.0760869304747535,-0.0718141028748683,-0.093014553604726,0.0651840311271249,0.105134047523499,-0.0398943479781213,-0.049748764004433,0.0249641519349657,-0.138535098476887,-0.0569465798853784,0.3571202764103,0.15030141130499,0.0506932837896681,-0.00623449417960847,0.0386195043335652,0.0290349511030368,0.0478929042858966,0.0298283182294346,-0.0872110288353188,-0.128084182445694,-0.0182972136850667,0.0414479023789767,-0.0913319664463247,0.0773654607695243,-0.0914779577948687,-0.131775993971596,0.0449598053743622,-0.0683759328837961,0.0675847777475267,-0.0980003793563139,0.110129458565644,0.0231540066791044,-0.0940372303745393,-0.024011521519254,0.00451135386883554,-0.00813238171060201,0.026022957876888,-0.162100166655036,-0.0469646057616073,-0.137814727024758,0.0637735187546348,0.102886665552068,0.0813109138302646,0.0570077782789572,0.0640655014517104,0.431904713363887,0.017126333576591,-0.0488949358144982,-0.10054711732525,-0.165861287204998,-0.130602164542948,0.0986860962964037,-0.14766398174077,-0.163236392251485,-0.133881071244707,-0.0731213890413228,-0.117651699665576,0.0315352372792588,-0.126048414196639,0.0291986383726091,-0.121571346174804,0.0348185679612772,0.0634380335850142,0.0491190841476064
-0.0244524448850398,-0.0212642297785851,-0.0117040084394792,-0.0789934855047373,-0.0147772000592076,-0.00901422844217536,0.0593628104366851,0.0393317651552201,-0.0363979289136411,-0.0338593015751763,-0.0125416153684652,1.12438296996176,0.0039790015777019,-0.0506107028248402,0.0148701036446406,-0.0189313175221506,-0.025958810163136,0.019307355844142,0.0586859414570999,0.0136218038816372,0.00300720058086865,-0.0191643138157776,-0.0310050969782552,0.0677211838055037,0.0496506991086968,-0.0574369043640541,-0.00529366104458614,0.00658841260030709,-0.0133187612339146,0.00220351083386756,-0.0390913955611623,-0.00710011965023288,0.0193633929274191,0.0238574195402417,0.0288203880604879,-0.0847999595943141,0.0549720100299009,-0.0687372246049251,-0.0165357322120509,-0.0314054671916705,-0.00968814810158737,-0.031063346051662,0.0467330841280677,-0.0268789980569514,-0.00180535261058123,0.0426482756891778,-0.00194323332864535,0.0203956549877893,-0.087662274821711,-0.0710236850686432,-0.0212745523991894,0.000649956433011184,0.017598962134231,0.0654959217353644,-0.0369568250863269,-0.0102706388356531,0.000152258653904831,-0.00786694289507885,-0.0706152042247545,-0.0183193335863611,-0.023325804579151,-0.0199421970112699,0.0278648083246028,0.0129080683998957,-0.00763173461132249,-0.0746152197086849,0.0110219781495933,-0.0273951290871354,-0.0233280165692802,-0.0416831106627324,0.00894123276790584,0.000105069531144274,0.00660242187112662,0.0227971389382342,-0.011329444777574,0.00585624386748792,0.0308097045168283,-0.0582398567810119,0.0114230856930505,-0.0507478462128604,0.0259248929811524,0.018415186491966,-0.0190338063981439,-0.0287673002973835,-0.0206360245818463,-0.00515209367630773,0.00726675623997802,0.00305144038345622,-0.0551954210329667,0.0390663263396959,-0.0765853655839042,-0.0222094868938661,-0.0474077411175235,-0.0961069158055761,-0.103099016604493,0.0108015164666996,-0.0311215951250687,0.0136240158717674,-0.0484134592963405,0.00737661841640361,-0.0490741070149763,0.0148369237927,0.00526859182312018,-0.0185589658503746
-0.0583445576471366,-0.120029589054638,0.0346902725337732,-0.0392705667616408,0.0488706039230752,0.044051414761237,0.14103096067284,-0.058053312280104,0.0258695932279188,0.117743128590908,0.0231171401769487,0.0039790015777019,1.35052209418691,-0.159038034985951,0.106200226765847,0.0543784593451886,-0.140444045958527,-0.14985237730875,0.0662789662411592,-0.167730418864304,0.0947207353245017,-0.0632551757343208,0.0461387961133119,0.0308384603885098,0.0965817563533395,-0.0767593754740807,0.0425575840938741,0.0470781545882477,0.0507124543707906,0.0627840218367668,-0.136016379049586,0.0432816421962189,0.0573226182073703,-0.162939248244105,-0.110126509245478,-0.100825090751507,0.0753709830028831,-0.0710362196793758,-0.0689082851749292,-0.0932099460661548,0.0308015938863539,-0.0439445019049855,-0.0779509008237644,-0.00517642556772986,0.0127657637015742,-0.117539625499018,-0.0109135906332546,0.13281341734225,-0.125158456834586,-0.162657588167633,0.0830148835599167,0.0830082475895287,-0.0508768789704073,0.00928925254825909,0.0184092878516216,0.0815195782324681,0.0427891057274135,0.137600901312233,-0.0940785208569497,-0.068544781463671,-0.0691803599608413,0.0047509861328494,-0.0583246497359717,0.0408985914968519,-0.14818896073147,-0.129901701001983,0.0379389487037648,-0.0642011701796466,0.0713761288292537,-0.096049404062212,0.0248926309207829,0.0781691505165273,-0.0553554216523238,-0.0488993597947567,-0.0191495672149143,0.162903119071967,0.0715294934782233,-0.0960427680918262,0.0239237792441221,-0.132259682479884,0.0458637720072285,0.0443352868278382,-0.000245162239337642,0.0499869216083599,0.0152527779370206,0.054738276406231,0.0825702735439145,-0.0371286229863755,0.00546177229441816,-0.132240511898764,-0.118912534039306,0.0269453577608318,-0.115653535248713,-0.130305757865613,-0.117283771974053,-0.0427212713634465,-0.0555050996510774,0.0225206401720641,-0.0873666054744211,0.0763921851126054,-0.0886407117889316,0.0190559262994383,0.0803420621536043,0.0402578516893802
0.00638343484831973,0.154041149283703,-0.0814753384298864,0.00605679763921656,-0.15647655041615,-0.115439709536213,-0.161702745761792,0.020860910244998,-0.1347717659368,-0.13591389017359,-0.157614988002729,-0.0506107028248402,-0.159038034985951,1.26020653720505,-0.182270567314652,-0.130341149707685,0.155404472533435,0.130276264663877,-0.128562709643679,0.245365373764574,-0.143216406920665,0.0860534206676153,-0.123934488963007,-0.106874883755316,-0.125328780074549,0.00897957393014775,-0.129662806068013,-0.139788559550195,-0.0897614534544774,-0.142486450177974,0.172638087631295,-0.130549076779847,-0.122182592780554,0.160821636360248,0.15343875063847,0.576364627402272,-0.144469130663926,0.0425384135127526,0.0116162661643483,0.243740298349532,-0.0974798243458683,0.0328992978590328,0.0177567507634586,-0.0935830350679762,-0.0936611920525438,0.064205594159903,-0.0626660490298667,-0.144768486661433,0.523428754286452,0.418679224380412,-0.16964526498629,-0.186752059316737,-0.0734900540628827,0.0247105104001322,-0.102357262581113,-0.15572742309234,-0.11731547716591,-0.146882411895062,0.0277011210550302,0.11856820090915,0.0989154059398124,-0.113024953644985,0.122577064353607,-0.132548715856789,0.107401337406093,0.199456993289736,-0.101001312631815,0.000220093017871767,-0.154215159173899,0.0781042654727326,-0.10538252774804,-0.133542636754915,0.0763929224426485,0.0922809102118082,-0.0141571054929433,-0.156624016424776,-0.150150995976217,0.142830783308091,-0.11095231889378,0.139510586123919,-0.112707164396402,-0.13846726411292,-0.0810602216156049,-0.10237274651202,-0.117092803492886,-0.174533763172182,-0.114035095804064,-0.056597822774982,0.148099006466193,0.210690953826727,0.0915118749768394,-0.131395531669347,0.105046305248364,0.539599139462134,0.135852691779994,0.0602712010498107,0.0710288463789445,-0.113198963535166,0.103120399175733,-0.14490489271941,0.0764644434568241,-0.127475885160119,-0.142181932870166,-0.0976855394278984
-0.0354910129606031,-0.111822368344659,0.0604577455507201,-0.0613528642230693,0.04879613358872,0.0457406378900266,0.0944103193763485,-0.0539102547678068,0.014906232816754,0.0420598863147664,0.0516451768753383,0.0148701036446406,0.106200226765847,-0.182270567314652,1.25712744694497,0.0278485870636554,-0.123495040257307,-0.135970664586915,0.0774767976060362,-0.176086580242995,0.0606759952434833,-0.0743719007944574,0.0625510255431396,0.075776514526599,0.0697451547738707,-0.0753001993187452,0.0988446222556759,0.0888722334224696,0.0606066862194296,0.0780460163993257,-0.118760644050431,0.0709661733252784,0.0610822640972438,-0.171908868218672,-0.0950178793318877,-0.123137435186393,0.0858786734473983,-0.0537804846802179,-0.0909139003118754,-0.105553588318042,0.00296812208858351,-0.0573616966996558,-0.0864604268514249,0.031709984499479,0.0113110115264953,-0.0879380362578388,-0.0497126348323197,0.117939258382375,-0.114420719416615,-0.140570866725948,0.0946728088716969,0.0804799428716678,-0.0407526001483133,-0.000370508346668188,-0.009040772323727,0.0479349320983547,0.0132686227909815,0.0832353452428099,-0.0683110478400005,-0.0955347476921181,-0.121782222567138,0.0233103206482456,-0.0933662600352952,0.0776316369150919,-0.145042773437475,-0.117400270120868,0.0255953064518764,-0.0372067799709454,0.088325134530472,-0.102948601275697,0.0183768453297229,0.0612245687955653,-0.0973751234797449,-0.0543415928430327,0.0919653329533499,0.0719600942234055,0.0783564323474794,-0.1094599628865,0.00713256217213027,-0.0846377469848323,0.0356672348409093,0.0849024484703069,0.0269792749428152,0.00988427789305694,0.0142581197088509,0.0972224961608094,0.0794285102301777,-0.0579073209315654,0.106224558657265,-0.147114670858645,-0.0830229941903971,0.108230833704601,-0.0933367668335718,-0.165500732813908,-0.109920056833406,-0.0437926119161018,-0.0865592290772046,0.01761518339518,-0.0846038298028491,0.0757042561823738,-0.0936995332147891,0.0560190186911324,0.0587965409635687,0.0157217198444457
-0.0356288936786667,-0.11188356673824,0.0206751030741317,-0.0580400403393264,0.0636879884696325,0.046906356688201,0.0451190686636763,-0.0978337427665681,0.328322376916107,0.056261600275319,0.0609392220688774,-0.0189313175221506,0.0543784593451886,-0.130341149707685,0.0278485870636554,1.0886106655897,-0.133448258509397,-0.155585855724062,0.0291057347871766,-0.180902082754619,0.0555537634339235,-0.0873924120259289,0.0836541487073014,0.00363393111752151,0.028582230456561,-0.0958355783497105,0.0419618214190322,0.0432617342850542,0.0481229512593503,0.071696867398012,-0.135385224532674,0.0515810291615879,0.0226799034613773,-0.155099955225647,-0.116320081607702,-0.0751188161281359,0.0431821026403976,-0.0546085063186418,-0.0854539713425666,-0.0963362254489888,0.12920271212109,-0.045153723175703,-0.0754793705192225,0.0406206180705955,0.0425362015226238,-0.104946028362513,-0.0440993412140396,0.0526980841769164,-0.100372370105034,-0.109345676729814,0.066699244365738,0.0541933895043655,0.00212830316946851,-0.0550295217732638,0.0926554738737212,0.032000492536469,0.111590846711105,0.0550317337633932,-0.0494317120858901,-0.107098294758387,-0.0233066339980303,0.108979961028411,-0.0778609465585035,0.0467441440787146,-0.131377835748312,-0.100284627829901,0.0447046891794426,-0.0337405914382332,0.0735409298358574,-0.0958783434922142,0.0851826338866855,0.0574059365022423,-0.0673768506753672,-0.0292509888056706,-0.0213556587039328,0.0380053084076454,0.0484658097294013,-0.129458565646072,-0.00765164252248665,-0.121123049508585,0.0528595594563596,0.0333874103475794,0.0287584523368669,0.169859090698776,0.219475503960466,0.0715494013893876,0.0637241176417456,-0.0285991890475527,-0.0917537192309901,-0.156301065865893,-0.0919793422241837,0.0294935703898578,-0.0913275424660665,-0.140026717154124,-0.11174494869013,-0.0328882379083857,-0.0932151073764586,0.0368779307717137,-0.108819960409076,0.0356148844078478,-0.117455569874104,0.0499765989877567,0.0305162471596668,0.0976339263248649
0.0173091914272848,0.221865190630222,-0.127524548942962,-0.0212052433751359,-0.152222156067341,-0.141704880332264,-0.11887714219724,0.0938993496564596,-0.0932497618884872,-0.0736876585144432,-0.124681404296688,-0.025958810163136,-0.140444045958527,0.155404472533435,-0.123495040257307,-0.133448258509397,1.18505490989001,0.313507204359678,-0.0801392963917469,0.253223837364157,-0.133977661480358,0.144982312373924,-0.124587763381212,-0.0918849639786652,-0.129816170716984,0.0794108143091409,-0.0819295337364463,-0.114829937590546,-0.145702683826067,-0.125886201587148,0.284171053934023,-0.137720348779239,-0.12137890303355,0.265606558108332,0.0458136335642958,0.0883184985600826,-0.0815527580844092,0.0755486795432754,0.00367817092010808,0.239789683978492,-0.119067373348365,0.0659862462140372,0.0821300875081729,-0.0703881065714722,-0.0562800335263968,0.204111020521914,-0.0135524948575841,-0.13760016398221,0.156617380454365,0.179237191517231,-0.167614658047533,-0.141549303693164,-0.0263702403271974,0.020376484406668,-0.0958790808222574,-0.124557532849443,-0.0662081825570206,-0.138717218997539,0.115385884443049,-0.0392071563779326,0.0613779334445351,-0.0638347171482184,0.0387234678696453,-0.10590308275848,0.372452317326944,0.169664435567389,-0.0876984039938239,0.0146732365231277,-0.134777664577143,0.0634181256738491,-0.0940733595466519,-0.0940143731432014,-0.00861090890858766,0.0703866319113863,-0.0311437150263622,-0.128751466134715,-0.0679873599510714,0.0891900226710473,-0.0231141908567759,0.211322108343637,-0.0930396228261926,-0.102082975805073,-0.0824036369541758,-0.115831969119151,-0.0965817563533502,-0.135312228858405,-0.136772879673829,-0.00595062211300747,0.101359655032761,0.208964126865737,0.100290526470235,-0.114028459833675,0.034765480198172,0.0664293815699546,0.142714285161276,0.0455850612509279,-0.0463349259047822,-0.0808021561005121,0.117573542680982,-0.133442359869051,-0.014443926879717,-0.126595513088629,-0.143448665884246,-0.0904405344241936
0.0413343535523359,0.200341052011434,-0.126657448812253,0.0142455850981169,-0.169682131488446,-0.126344820873968,-0.138790952001852,0.20603250261429,-0.135554810442599,-0.0978189961657083,-0.141757968095373,0.019307355844142,-0.14985237730875,0.130276264663877,-0.135970664586915,-0.155585855724062,0.313507204359678,1.16991899876483,-0.122521027270345,0.174648049328845,-0.123678635438045,0.0901013626043506,-0.149639288926294,-0.0279083107971479,-0.108781619246825,0.0604938747228334,-0.115569479623799,-0.103687405978902,-0.150893487329639,-0.157839136335841,0.26003971628276,-0.133785955669148,-0.133394433416251,0.311256135738036,0.221976527466734,0.046626908601858,-0.146325727712505,0.0393015346234523,0.128233860444421,0.168345352120249,-0.131466315353488,0.0170865177542624,0.274702998850315,-0.0886915875619081,-0.0488949358144982,0.243319282894912,0.0652238469494466,-0.15743729146234,0.104573676690727,0.164384415128594,-0.187835197150084,-0.177796448612992,0.0958849794625874,0.0313656513693413,-0.129288979736154,-0.134272593497607,-0.0966274708160215,-0.139537130005493,0.128445474166803,0.0473907825265277,0.0307285982120851,-0.0911867124278375,0.0518597399178873,-0.156796551654866,0.464954795216729,0.0693875497029575,-0.111983106294057,0.041152233031685,-0.157068626440777,0.0708032233857469,-0.12464601245462,-0.147975135018969,0.130974516214702,0.0748578012928713,-0.0134831858335301,-0.139079985378754,-0.140045150405202,0.00340609613419693,-0.00476352074358223,0.167100001677422,-0.0951631333503807,-0.114405235485713,-0.0694207295549002,-0.147248127596449,-0.134976006358748,-0.17754059508803,-0.137899519979718,0.0773499768386089,0.0383503788678263,0.313659094348563,0.125926017409466,-0.119756039608639,0.0142382117976862,0.139301184391665,0.0741838816334589,0.134866881512338,0.0107403180731206,-0.092357592536305,0.0537207609467247,-0.154813133838871,0.0314356977234383,-0.113305876391418,-0.162595652444015,-0.136963110824957
-0.0347706415084739,-0.086870382355403,0.0351061266780946,-0.0772725571840923,0.0613255830114736,0.0469977856135482,0.0752699687869742,-0.0528831540177392,0.0515139321276639,0.0421667991710196,0.0545893357375209,0.0586859414570999,0.0662789662411592,-0.128562709643679,0.0774767976060362,0.0291057347871766,-0.0801392963917469,-0.122521027270345,1.16884987020229,-0.140015657203477,0.0503541119698334,-0.0382242954304526,0.0694059829540349,0.055715976043409,0.0424764777891299,-0.0597034569166082,0.0377590401732431,0.0460370445673619,0.0683051491996556,0.0461763999455117,-0.0848368260964707,0.0457679191016225,0.0724614786527286,-0.128246395055179,-0.0663851417673698,-0.0964217557339892,0.118038797938195,-0.0382604246025652,-0.0828320257092266,-0.0745436986945026,-0.00229272776908382,-0.0549543141088655,-0.076921588083567,-0.00453052444995577,0.0194695684536289,-0.121724710823773,-0.0423209011500314,0.098338813846092,-0.0964468249554548,-0.107490554341321,0.0433258819988056,0.0509107961523905,-0.0411057812389688,-0.0311665722576992,0.0380724054415696,0.0482718919280613,0.0326227990928626,0.0664721467124566,-0.0948895839043818,-0.0922071772075127,-0.0729820336631723,0.0862200572573631,-0.0905754658220832,0.0857901938422226,-0.108435074126563,-0.103413856532906,0.0170371166413729,-0.0309652811559269,0.0888921413336294,-0.109819779947543,0.0352771872480979,0.0461483814038728,-0.0581602251363554,-0.0313833472903766,-0.0166632903095105,0.0407806186899527,0.0803804033158452,-0.103985287316326,-0.0422206242641674,-0.0371411575971076,0.0269556803814359,0.0945946518871305,0.0391253127431457,0.0346828992333422,0.0764010330731236,0.0384373838129146,0.0863601499655566,-0.0781979063882128,-0.0691943692316605,-0.127070353636401,-0.0754778958591365,0.0176225566956115,-0.109563189092535,-0.13464420783934,-0.0874219052276522,-0.0712146535498112,-0.0850720343802273,0.0148848502455033,-0.0711541924862757,0.0797986499118241,-0.0910621036505417,0.0613403296123357,0.0861256790118402,0.0101541406888401
-0.053149330163306,0.0432079091919057,-0.148139559618584,0.0776508074962092,-0.156197102329809,-0.111709556848066,-0.180287149498657,0.252107519678867,-0.223443814252566,-0.206258862937547,-0.188161834359187,0.0136218038816372,-0.167730418864304,0.245365373764574,-0.176086580242995,-0.180902082754619,0.253223837364157,0.174648049328845,-0.140015657203477,1.3671238174378,-0.160420528816807,0.0570402208008543,-0.157088534351944,-0.121318441970013,-0.141842761050332,0.130340412377627,-0.15077772651287,-0.141579534224939,-0.168388117262769,-0.179091200168715,0.18296292022512,-0.156188254369292,-0.164538517107637,0.521738056497592,0.112156378854174,0.0361870525213088,-0.200014414802356,0.172410989978016,-0.00451430318900802,0.071944610292498,-0.160693340932759,-0.0678885577252923,0.0547670322779124,-0.0794240862499209,-0.0995163299249694,0.171073473279797,-0.0153803360344808,-0.188274645855784,0.226410830346064,0.276712960547857,-0.203336086646614,-0.211624413661335,0.00155466039592047,0.196374953709487,-0.182977666826003,-0.149850165318624,-0.168873280431145,-0.187397960434515,0.0963045202571212,0.201511194789868,0.083014883559917,-0.171637530762804,0.126767310988659,-0.162405421292887,0.216262956962588,0.225655067051864,-0.125643620002962,-0.0552485087960713,-0.168505352739627,0.176076994952415,-0.155713413821522,-0.1634760245155,0.113403203957101,0.0108936827220897,-0.0417900235189848,-0.170990892314988,-0.18982303894634,0.338036700234235,-0.099017157485775,0.261331518518314,-0.144480927944615,-0.170777803932526,-0.152018652975442,-0.169036967700717,-0.180536367053231,-0.189590779982755,-0.150793210443775,-0.00248738290046819,0.267236057503629,0.386879654280702,0.209345326498031,-0.128738931523985,0.291970531130157,0.298866041693425,0.299388808693996,0.0911468966054911,0.186331781192142,-0.129789626835432,0.232072787747186,-0.126145004432288,0.196138270765649,-0.157869366867608,-0.181087152595442,-0.16657354802665
-0.0348546971333896,-0.103594502393473,0.0388561872774071,-0.0487541057762618,0.0271945753154066,0.00972280261361352,0.0633768351914361,-0.0666933457253944,0.0307256488919131,0.0476038709089929,0.0197681871210926,0.00300720058086865,0.0947207353245017,-0.143216406920665,0.0606759952434833,0.0555537634339235,-0.133977661480358,-0.123678635438045,0.0503541119698334,-0.160420528816807,1.0561121066091,-0.061773142347647,0.0455504067389015,0.0412156434153941,0.0615630032853577,-0.0544964321520878,0.0212649671086284,0.0481000940280131,0.0380082577278181,0.197079841230711,-0.116360634760068,0.0499013913233578,0.0750613043847724,-0.132317931553292,-0.0864832840827616,-0.084926780361734,0.035061149545464,-0.0493100526287752,-0.0595279723663449,-0.084979868124842,0.0419456001580842,-0.0423857861938267,-0.0727114335373467,0.0338032644918996,-0.00147207943109005,-0.0921327068731577,-0.0239245165741658,0.0694988865394678,-0.119995671872655,-0.111255361541504,0.0660164767458081,0.156878395289634,-0.0309144053829513,-0.0431363881777236,0.00999930137978334,0.0754100614951686,0.0392867880225897,0.233018782192511,-0.0550221484728325,-0.0840095417880939,-0.0725293130166956,0.0346821619032993,-0.064510848797756,0.0469815643525995,-0.117337597067204,-0.116457224995718,0.0413380402025526,-0.0351901823030095,0.0690240459916986,-0.0607504655778398,0.028061675446118,0.0652349069001001,-0.0833960831922152,-0.0304705326969928,0.0000460831276956055,0.0372458584632313,0.0589019791597342,-0.0881961017729365,-0.00434692926921897,-0.102251824384946,0.0381439264557525,0.0347750654887329,0.0257752149823986,0.0518523666174555,0.0419632960791184,0.0310685073619641,0.0364325834256689,-0.0436215513460973,-0.0797839033109629,-0.132675536624208,-0.0919719689237528,0.0430737151240589,-0.0982982606937323,-0.132887887676625,-0.111660893065215,-0.0372517571035759,-0.072503506465187,0.0340480580662156,-0.0780629749903188,0.0255768732007994,-0.0840913854228776,0.0711482938459303,0.24730455177798,0.00155834704613598
-0.0502781669753929,0.0360336878723398,-0.0737237876865516,-0.0931634942734387,-0.0981913478374838,-0.0813861214946647,-0.0812563514070755,0.0303761544514738,-0.117971700904285,-0.0716474662851228,-0.114129474049585,-0.0191643138157776,-0.0632551757343208,0.0860534206676153,-0.0743719007944574,-0.0873924120259289,0.144982312373924,0.0901013626043506,-0.0382242954304526,0.0570402208008543,-0.061773142347647,1.28222763627288,-0.0568308190686089,-0.0614723116900542,-0.0251750283272985,0.0751630559307152,-0.0318095240553003,-0.0492967806879991,-0.106624928870702,-0.0593561744662972,0.503145542130218,-0.0701934514400883,-0.00876279889747028,0.134832964330358,0.00636868824745664,0.0577687028834579,-0.0687003581027686,0.0956859003509491,-0.0281752242727576,0.435452745531375,-0.0942525307471258,-0.0144837427020456,0.0288823237841107,-0.0914292940120172,-0.063825131857653,0.0412075327849197,-0.0851273341334612,-0.0298917286131433,0.0286810326823389,0.152981606011736,-0.0870517655460073,-0.0862148959470642,-0.0329184684401544,-0.0748165108104572,-0.108331847920522,-0.00611357205253698,-0.0969113428826206,-0.062065125044724,-0.0208321543733167,0.00447153804650695,-0.0223127130999034,-0.0729901442936462,-0.111604118651894,-0.046657876463669,0.115382935122868,0.0704072771525934,-0.0517646243423248,-0.0490033233308368,-0.0599659464119579,-0.0717263605997366,-0.0990879411699136,-0.0600743339282975,-0.0390073399362464,-0.0631475255480252,-0.0424462472573626,-0.0874499237692941,-0.0608861343057735,0.120216133555525,-0.0614089013063464,0.426462480315603,-0.0400056848146327,-0.067299431020839,-0.0595058524650514,-0.0702362165825893,-0.0796651931740202,-0.102139012888353,-0.062421255455551,-0.018096659913338,0.0145250331844604,0.0747398284859704,0.0760286814013473,-0.0833857605716119,0.0246898651589252,0.0124147946010479,0.0189954652359021,0.0294515425773999,0.0320808615111688,-0.0391172021126717,0.199133305400801,-0.0547198431551535,0.0108310096684243,-0.0707243290711352,-0.057441328344312,-0.0659324211208926
0.00996243487762859,-0.106167046913919,0.0468658035358292,-0.0175864275234989,0.0394984017449645,0.0524695118635478,0.0506055415145383,-0.0647416331012534,0.0595161750856541,0.0428075389784917,0.064968730754533,-0.0310050969782552,0.0461387961133119,-0.123934488963007,0.0625510255431396,0.0836541487073014,-0.124587763381212,-0.149639288926294,0.0694059829540349,-0.157088534351944,0.0455504067389015,-0.0568308190686089,1.18102023989403,0.0238434102694219,0.0421203473783036,-0.0484038740057803,0.0383230976562307,0.0681488352305138,0.0542995650305741,0.0501911620303038,-0.122230519233354,0.0723272845848799,0.0611397758406068,-0.136654169536891,-0.1045456581491,-0.0605071466636097,0.0423806248835251,-0.0725868247600594,-0.0887092834829438,-0.0973677501793141,0.0526390977734664,-0.0550803975462395,-0.0700695799928454,0.0169678076173195,0.00891468888635361,-0.0795221511456551,-0.0580134964577752,0.0432315037532863,-0.0994101543987571,-0.0938138193714701,0.0371418949271508,0.0660444952874469,-0.00940870001524459,-0.0270751278484212,0.0578070440457005,0.0760581746030715,0.0400882657794621,0.0630487233222462,-0.0564444581260136,-0.102378645152368,-0.0478796323451203,0.0479061762266724,-0.071147556515888,0.0668002585816455,-0.136473523676327,-0.128385013103288,0.0696684724493859,0.011927419442546,0.104025840468684,-0.0868644837150595,0.0450431236692346,0.0425715933646932,-0.0809842766211662,-0.0494530946571405,-0.021620360189413,0.0566044587453696,0.0498881193825812,-0.116533907320203,-0.0207222921968914,-0.0539073054476343,0.0570424327909839,0.0607283456765452,0.0360086186508746,0.0676068976488201,0.0577945094349669,0.0846274243642219,0.0984265561212278,-0.0752566968461999,-0.0828165417783205,-0.131490647244917,-0.105816815143437,0.0658830200080031,-0.112526518535838,-0.10609110191948,-0.0860143421753365,-0.054393943276094,-0.102911734773541,0.0613049377702653,-0.0902208100713515,0.0564378221556245,-0.100543430675035,0.0724865478741947,0.0577805001641483,0.035563271304829
-0.0565616936028695,-0.0203233966435631,0.029188315752006,-0.079202887236984,0.0042606616541743,0.0128608792771358,0.0512551292825282,0.0407326922371497,0.00556794782062827,0.0094868569998159,0.0174618187462106,0.0677211838055037,0.0308384603885098,-0.106874883755316,0.075776514526599,0.00363393111752151,-0.0918849639786652,-0.0279083107971479,0.055715976043409,-0.121318441970013,0.0412156434153941,-0.0614723116900542,0.0238434102694219,1.25838828131872,0.114851320161786,-0.0814945090110038,0.0200321512765296,0.0470206428448847,0.0555626113944406,0.0621130514975257,-0.0457421125501132,0.0383164616858424,0.0465295810361659,-0.0863911178273708,-0.0259868287047746,-0.0752707061170186,0.0898064305871004,-0.0834395856647574,0.00687302199695091,-0.0629779396381076,0.0111900893994239,-0.0338799468163836,-0.032229064849837,-0.00293346757655615,-0.00546545894463335,-0.0147661401085611,0.0406361020015009,0.0617480731261811,-0.0782863859933841,-0.111107895532876,0.029049697703899,-0.00377697314588677,0.00358674199476208,-0.0289560567884227,-0.000588758039432322,0.069192894571573,-0.019611135821909,0.0511224098747666,-0.0870812587477335,-0.0554896157201717,-0.0996040722000971,-0.0281265604899121,-0.054548045255106,0.0301822366501323,-0.088434259376859,-0.113242466007713,0.0296764282405516,-0.0550568029848601,0.0296034325662829,-0.0869050368674258,-0.0197173113481175,0.066839337073931,-0.0487415711655291,-0.0343105475615664,0.00310747746673239,0.0793385559649165,0.0493107899588176,-0.0865916715991028,0.00377549848580117,-0.0923657031667834,0.0157467890659117,0.0540931126185007,0.00912925192890189,0.0147322229265773,-0.00635246698650832,0.0177965665857875,0.0322091569386727,-0.0471548369127326,-0.0987303360989998,-0.0585296274879589,-0.10217661672055,0.0314121031620579,-0.0874152692572648,-0.101760762576229,-0.0868984008970379,-0.00244388042792405,-0.0607003271349068,0.0331986538565408,-0.0732378871881349,0.0317822428437047,-0.0357107373134533,0.0213755666150965,0.0634911213481189,-0.0226024838068499
-0.0171971172607307,-0.0580245564084214,0.0360395865126849,-0.0580120217976878,-0.00767523708386722,0.0126573761852351,0.0527386373292873,-0.0325490660885506,0.0109622544161,0.0331315568226159,0.007826389742707,0.0496506991086968,0.0965817563533395,-0.125328780074549,0.0697451547738707,0.028582230456561,-0.129816170716984,-0.108781619246825,0.0424764777891299,-0.141842761050332,0.0615630032853577,-0.0251750283272985,0.0421203473783036,0.114851320161786,1.21082164557691,-0.0501815767397441,0.037925676762989,0.0626903809212901,0.0755265596419824,0.0371411575971078,-0.0904980461675547,0.0190957421217661,0.0742384440566496,-0.094492900341184,-0.071662950216028,-0.0742472920171671,0.027413562338214,-0.0553473110218489,-0.0524525532725567,-0.0444709555557729,0.00462195337530349,-0.0717344712302111,-0.0538269364729341,0.00851874265319795,0.000235576948777586,-0.0353671415133587,-0.0170791444538314,0.0360860383054012,-0.119668297333509,-0.120589959887416,0.0339072280279798,0.030143158157847,-0.0430862497347916,-0.0201110455911446,0.0133172865738284,0.0990488626776225,0.00763763325166823,0.0605808796679206,-0.0765492364117905,-0.0609841992015086,-0.0701315157164661,0.038230194070797,-0.104518376937504,0.0439349166144243,-0.0746048970880811,-0.115363027211726,0.0497170588125779,-0.013621803881637,0.0422058776633046,-0.0894090096938649,-0.0182338033013583,0.0402571143593362,-0.0757072055025469,-0.00522140270036043,-0.00821496267543141,0.215016131859674,0.061146411810995,-0.0256026797523083,-0.00739357700739469,-0.073168578164082,0.0212177779858689,0.0433841310722123,0.0263326364949988,0.0129183910204998,-0.00440886499284112,0.0235742848036827,0.0467286601478083,-0.0659154625299008,-0.0724784372437204,-0.0989146686097795,-0.100079650077915,0.0435544543121737,-0.0827877859066368,-0.136624676335162,-0.100674675422712,-0.00563799417472391,-0.0313044529757627,0.0385929604520131,-0.0769687772063377,0.0505192738994927,-0.0503305174084546,0.0312174480306745,0.0426600729698677,-0.00501568761832906
-0.0441516916471015,0.00588942371942849,-0.0827804126062076,0.0328174542242466,-0.0852401456300586,-0.0613034631101803,-0.059026587937023,0.000845348894438192,-0.0942849732690273,-0.00156793233669712,-0.0993378960545333,-0.0574369043640541,-0.0767593754740807,0.00897957393014775,-0.0753001993187452,-0.0958355783497105,0.0794108143091409,0.0604938747228334,-0.0597034569166082,0.130340412377627,-0.0544964321520878,0.0751630559307152,-0.0484038740057803,-0.0814945090110038,-0.0501815767397441,1.36341799664108,-0.0756799242909518,-0.0855756307996789,-0.109010191560196,-0.0824456647666296,0.0267868318015607,-0.0721953025071628,-0.0240306921003746,0.0454132633508807,-0.0617333265253198,-0.0130171932462779,-0.0980777990108407,0.233629291468212,-0.0136136932511629,-0.0397557299300144,-0.0962543818142034,-0.0129582068428283,0.0903734373902598,-0.0885234763120755,-0.12157503282502,0.0443433974583125,0.00826362645827831,-0.0588857578987869,-0.0416447695004906,0.0201597093739902,-0.0974886723063847,-0.0834624428960934,-0.0859140652894707,0.0419625587490752,-0.0693853377128312,-0.0485270081229808,-0.0723044273535447,-0.0389918560053418,0.0250924473624693,-0.0163174825192873,-0.108588438775529,-0.0122658539323385,0.0131499126540394,-0.0925220171359242,0.123656515536735,0.119015760245332,-0.0773079490261626,-0.0425701187046073,-0.0654951844053229,-0.0057876721734773,-0.0992494164493599,-0.0708946523110969,-0.0236023033453215,-0.0342463998478155,-0.0474387089793345,-0.0537944939510375,-0.0776109916738861,0.101420853426331,-0.0176314046561287,0.144340097906364,-0.0705333605899682,-0.0535047232440906,-0.0576735873078964,-0.0671770342336815,-0.0414088238866924,-0.0862738823505134,-0.060052214027004,-0.00100461218375214,-0.00212314185916691,0.00464407327659679,0.526375862468789,-0.0674439477092912,0.0272889535609251,0.0112564491033047,0.464358295211847,0.026606185940996,0.0267049881667739,-0.0848279781359551,0.540744950349155,-0.0578719290894958,0.049010696631268,-0.0924335375307467,-0.0926466259132083,-0.073302034901887
-0.00849514809181753,-0.0813757988740619,0.068973170218723,-0.0553679562630575,0.00815818826211201,0.0691324335080367,0.0415798844566955,-0.0592743308315116,0.0094654744285646,0.0920604485289205,0.0424469845874055,-0.00529366104458614,0.0425575840938741,-0.129662806068013,0.0988446222556759,0.0419618214190322,-0.0819295337364463,-0.115569479623799,0.0377590401732431,-0.15077772651287,0.0212649671086284,-0.0318095240553003,0.0383230976562307,0.0200321512765296,0.037925676762989,-0.0756799242909518,1.12907533835618,0.0931701302438153,0.0693521578608869,0.0440794333028759,-0.0574877801370286,0.0381498250960968,0.0638465144289038,-0.121064800435179,-0.0893397006698114,-0.0877065146242993,0.0608839223156437,-0.0330725704191669,-0.038612868363177,-0.0669020101275967,0.0163145331991151,-0.0559777282087175,-0.0275647149970544,0.000734012057927174,0.00364646572825576,-0.0607888067400814,-0.0206463472024499,0.0505391818106572,-0.100920943657116,-0.0648817258094456,0.0402320451378703,0.0336307292618093,-0.0122230887898363,-0.0559615069477686,0.00154507510535991,0.0954816599290018,0.0207871772406867,0.0417538943468721,-0.0465295810361666,-0.0801179138205015,-0.0910289237986025,0.0279149467675355,-0.084927517691779,0.0836932271995865,-0.1149796155893,-0.0687033074229444,0.0349542366892114,0.0000645163787730776,0.0722255330389291,-0.0817039107432521,-0.0218776883744616,0.0629152665844413,-0.0870960053485962,-0.0602424451781293,0.00202065298317263,0.0457384258998979,0.064327253617018,-0.0784766171445103,-0.0174787773372023,-0.0768124632371868,0.0375879796032392,0.0394335167011707,0.0239923509381331,0.0176328793162155,0.0244605555155138,0.031279383754297,0.0715339174584819,-0.0360491718032458,-0.0613226336913021,-0.137679058296831,-0.0802587438587328,0.0323957014395825,-0.0513878486902905,-0.122094850505422,-0.0511777096280004,-0.0492333703042908,-0.0720625830994016,0.0266673843345751,-0.0605985755889568,0.104847226136721,-0.0460761230596476,0.0379256767629887,0.0415467046047551,0.00943745588692701
-0.00405125992192798,-0.0938787044152645,0.0301682273793137,-0.0711682017570945,0.046188934556244,0.0577797628341046,0.0434165735941097,-0.00606048428943293,0.026561946138409,0.0594667739727642,0.0549425168281755,0.00658841260030709,0.0470781545882477,-0.139788559550195,0.0888722334224696,0.0432617342850542,-0.114829937590546,-0.103687405978902,0.0460370445673619,-0.141579534224939,0.0481000940280131,-0.0492967806879991,0.0681488352305138,0.0470206428448847,0.0626903809212901,-0.0855756307996789,0.0931701302438153,1.08466889917918,0.0536285946913343,0.0599489878209671,-0.075818542339058,0.0421336193190796,0.03922780161914,-0.095456590707544,-0.0818285195205381,-0.0917743644721984,0.0293638003022684,-0.053780484680218,-0.0804851041819711,-0.0662922381819359,0.0434563894164381,-0.0229313330060815,-0.0639925057774428,0.00732500531338488,0.000805533072110187,-0.0482932744993114,-0.0194231166609123,0.0309815024168755,-0.110509920867903,-0.055223439574605,0.032636808363682,0.0614627263994941,-0.0336978262957325,-0.0489871020698887,0.0113567259891691,0.0949411970073919,0.00866768332190772,0.049801851767537,-0.0709182468724759,-0.0788946832789591,-0.0822908254575746,0.0257641550317526,-0.0761894193507482,0.104930544431598,-0.053560760327367,-0.109655355347926,0.0597956231719979,-0.00454010974051721,0.0527445359696327,-0.0662177678475806,0.0323330283859161,0.0464248801700422,-0.0799682358217433,-0.0500473826718965,0.00784482299378531,0.0261040641816304,0.0411655049724617,-0.0833879725617421,0.00437199849068625,-0.0649303895922916,0.0644231065226239,0.0609775632311201,0.0466866323353504,0.0150219936335238,0.0170953657147789,0.0648625552283238,0.0657023741474389,-0.0590575557988341,-0.0801901721647227,-0.131931570610698,-0.0961356716772602,0.0590774637099981,-0.11488450001374,-0.144949869852042,-0.0995679430279882,-0.000850510204739398,-0.0782775380328665,0.0221394405397703,-0.0902783218147075,0.112281724961511,-0.0730719879284331,0.0497310680833968,0.0330312799367521,0.0157984021689291
-0.00977220372650233,-0.104737363960308,0.0997493262185829,-0.0197608138206617,0.0247481142323313,0.0748334694014481,0.0100133106506036,-0.051732919150471,0.0629395984758644,0.0450040451769486,0.0375658597019452,-0.0133187612339146,0.0507124543707906,-0.0897614534544774,0.0606066862194296,0.0481229512593503,-0.145702683826067,-0.150893487329639,0.0683051491996556,-0.168388117262769,0.0380082577278181,-0.106624928870702,0.0542995650305741,0.0555626113944406,0.0755265596419824,-0.109010191560196,0.0693521578608869,0.0536285946913343,1.22114721550077,0.0688743679929448,-0.142578616433365,0.0339588411309981,0.0348104573308028,-0.15048426915571,-0.0698358463691755,-0.0323153324648814,0.0632876182562177,-0.0706203655350561,-0.0472514271483823,-0.0950178793318883,0.022322298390464,-0.058865112657579,-0.0742377067266073,-0.0206338125917167,-0.0149607952399446,-0.112369467236654,-0.0367997737871422,0.0731870114151586,-0.0867081697459157,-0.109330930128956,0.0437859759457133,0.0974569671145263,-0.0284531976990142,-0.0704279223938014,0.0498814834121935,0.0344690735208375,0.0108450189392435,0.0372561810838345,-0.0854576579927785,-0.0274872953425258,-0.0206846883646923,-0.0166876222009331,-0.0266224072019453,0.0626321318478835,-0.165256676569638,-0.0478958536060695,0.0542280440163916,-0.00980095959818421,0.0175775795629802,-0.0566789290797255,0.045782665702485,0.0418541712327369,-0.0414434783987183,-0.00753514437567373,-0.00953183413244572,0.0438479116693355,0.0427293819939207,-0.0764563328263596,-0.00533642618708729,-0.126015971674737,0.014533143814935,0.0507323622819544,0.0309969863477814,0.0233339152096249,0.0399769289429502,0.0150492748451186,0.124087853611959,-0.0671556516624313,-0.0566184680161904,-0.104372385588969,-0.104693861487763,0.0446914172386663,-0.0554254680064205,-0.0611825409831079,-0.093173079563999,-0.0136262278618969,-0.0252598212822581,0.0358958071542767,-0.108038390563368,0.125731362278077,-0.0636865138095467,0.0443168535767608,0.0539191027283246,0.0345391198749333
-0.0240793558832208,-0.0905953737332479,0.0477144704154608,-0.0406626458830527,0.0607445669374939,0.0464934518640536,0.0761459168782039,-0.0833702766407034,0.0487091286436317,0.0759394644661292,0.0447297584009083,0.00220351083386756,0.0627840218367668,-0.142486450177974,0.0780460163993257,0.071696867398012,-0.125886201587148,-0.157839136335841,0.0461763999455117,-0.179091200168715,0.197079841230711,-0.0593561744662972,0.0501911620303038,0.0621130514975257,0.0371411575971078,-0.0824456647666296,0.0440794333028759,0.0599489878209671,0.0688743679929448,1.10542179057286,-0.117777783102951,0.0430397979420751,0.0744109792867406,-0.169392360781502,-0.135213426632633,-0.0860371994066729,0.0431526094386727,-0.079022978706462,-0.0753613977123235,-0.101350069742216,0.0419087336559277,-0.0466401805426342,-0.0464462627412931,0.0149792284910218,-0.0034260040453602,-0.0889489157469576,-0.0478862683155087,0.051058262161015,-0.111980894303931,-0.119573919087991,0.0790156054060296,0.200780500717138,0.0140612525873376,-0.047084053228593,0.015636926889486,0.0558192022494469,0.0292045370129543,0.140733079335418,-0.0651810818069523,-0.0794454688211736,-0.0786240831531326,0.044460632935169,-0.084025025718996,0.0705628537916925,-0.129720317811376,-0.0885817253854855,0.0324827063846704,-0.0182802550940743,0.0579449247637638,-0.0946809195021824,0.0146054021591601,0.0641244878551603,-0.0893374886796838,-0.0423931594942577,0.0177228335814754,0.0530055508048977,0.0439120593830866,-0.108017007992112,-0.00262010230823,-0.105125936893033,0.0553605829626257,0.0598900014175174,0.0215208206335911,0.0391629165753452,0.0350250203733507,0.0756607537098288,0.0344786588113979,-0.0343798565856203,-0.0729960429339917,-0.155793782796224,-0.113479886281593,0.0487880229582463,-0.0903601654494933,-0.130317555146306,-0.113154723732575,-0.0404325989095992,-0.0608846596456875,0.051264714573089,-0.105092019711057,0.0763037055074318,-0.0645742591814641,0.0583821614793348,0.158086141900262,0.0266732829749204
0.0318589251681894,0.0335134937849532,-0.122330058789172,-0.0645506646200865,-0.144957243152474,-0.106220872007065,-0.107164654462261,0.00385439280041379,-0.156072493552522,-0.101236520915568,-0.162352333529784,-0.0390913955611623,-0.136016379049586,0.172638087631295,-0.118760644050431,-0.135385224532674,0.284171053934023,0.26003971628276,-0.0848368260964707,0.18296292022512,-0.116360634760068,0.503145542130218,-0.122230519233354,-0.0457421125501132,-0.0904980461675547,0.0267868318015607,-0.0574877801370286,-0.075818542339058,-0.142578616433365,-0.117777783102951,1.25119194009785,-0.11596247653678,-0.103225100041866,0.266583520415463,0.102001869500309,0.113297028430889,-0.0978293187863076,0.115250215715118,0.0133969182184852,0.539751029450999,-0.145619365531193,-0.0218349232319611,0.0140929577791913,-0.0529244445001534,-0.0605174692842133,0.0603884365266669,-0.0620356318429991,-0.121516783751617,0.110127983905554,0.169862040018948,-0.134584484105847,-0.140495659061548,-0.0354386625275412,-0.00724906031894332,-0.148196334031903,-0.10387321314977,-0.138539522457148,-0.110211302200439,0.0654457832924326,0.0254161352513975,-0.0440801706329186,-0.132178576175143,-0.00101788412452825,-0.101398733525054,0.233177308151781,0.15622512087143,-0.0946197211085997,0.03052656978027,-0.130426679992688,0.0246736438979763,-0.136421910573304,-0.100475596311069,0.029326933800113,-0.0159775733694083,-0.0648271633862581,-0.112591403579632,-0.10420132501896,0.111024577237984,-0.0795722895885869,0.4652740591254,-0.062693330241462,-0.117592713262122,-0.115396944393707,-0.142844055248888,-0.134942826506801,-0.14231022829767,-0.12153300501256,-0.00865441138113161,0.0326323843834233,0.178578018458678,0.109012403550316,-0.0836821672489459,0.16203823093139,0.080442339039458,0.17267716612358,-0.0393221798646591,0.0449738146451808,-0.0722336436694045,0.243542693897975,-0.126714223225572,0.104010356537785,-0.117413542061642,-0.145308949583042,-0.12795809900832
-0.00508720863251272,-0.0922307717688891,0.051446835093739,-0.0462855247918926,0.02973983862426,0.0545967090379517,0.0593274185946151,-0.0696692097794303,0.0643272536170186,0.0601178364008403,0.0141851240345821,-0.00710011965023288,0.0432816421962189,-0.130549076779847,0.0709661733252784,0.0515810291615879,-0.137720348779239,-0.133785955669148,0.0457679191016225,-0.156188254369292,0.0499013913233578,-0.0701934514400883,0.0723272845848799,0.0383164616858424,0.0190957421217661,-0.0721953025071628,0.0381498250960968,0.0421336193190796,0.0339588411309981,0.0430397979420751,-0.11596247653678,1.17492252043743,0.0507677541240255,-0.143192075029243,-0.0899192420837061,-0.0454206366513124,0.0547832535388616,-0.0612577486475063,-0.0630406126917735,-0.105515984485844,0.044184134168999,-0.0445948270030177,-0.0684024767653478,0.0132671481308962,0.0164863310991621,-0.0855232803666176,-0.0326515549645444,0.087533979394203,-0.0798760695663527,-0.108019957312281,0.0139639250216454,0.0763767011817,-0.0382611619326079,-0.0412812657892319,0.0535696082878843,0.0737377969573705,0.0475832256677861,0.0645624619007733,-0.0528602967864021,-0.0778602092284601,-0.067376850675367,0.0845404194191313,-0.0817496252059245,0.0563515545405802,-0.122690613180262,-0.115598972825523,0.0576861219186287,-0.00718638726527748,0.0586099964626589,-0.0631895533604828,0.0396554530441497,0.0487629537367792,-0.0649008963905667,-0.0298423275002537,-0.0189563867436164,0.0577347857014745,0.0648212647459096,-0.0919387890718161,-0.0230426698425926,-0.0809960739018544,0.0420694716053275,0.0978226828159095,0.0412031088046611,0.042741916604654,0.0567777313055036,0.0406685445233979,0.100630435620114,-0.0212922483202238,-0.0598317523441107,-0.136878317869998,-0.07017944216927,0.0309726544563581,-0.0975166908480224,-0.124974861653852,-0.0900217309596984,-0.0431415494880252,-0.0737923593805621,0.0154289998173266,-0.0740607475162591,0.0537340328875002,-0.0777886882142777,0.0687858883877708,0.0656588716748947,0.0329361643611889
-0.0422700253770563,-0.0786498897046428,0.0427898430574568,-0.0357719357070317,0.0140280727353974,0.0634232869841522,0.0583386590067903,-0.0458128962342532,0.0279112601173206,0.0674107678573501,0.0525343969073431,0.0193633929274191,0.0573226182073703,-0.122182592780554,0.0610822640972438,0.0226799034613773,-0.12137890303355,-0.133394433416251,0.0724614786527286,-0.164538517107637,0.0750613043847724,-0.00876279889747028,0.0611397758406068,0.0465295810361659,0.0742384440566496,-0.0240306921003746,0.0638465144289038,0.03922780161914,0.0348104573308028,0.0744109792867406,-0.103225100041866,0.0507677541240255,1.03514686416301,-0.115578327584321,-0.0934385183795223,-0.0688773173131179,0.0798664842757904,-0.0637801547250228,-0.0490763190051059,-0.0808928476958203,0.0202673595602861,-0.0428230229093971,-0.0722284823591025,-0.00160111218863696,0.00859616230772524,-0.0689517876474731,-0.0257420351304582,0.0702885670156505,-0.105173126015794,-0.0948991691949451,0.0405041199237827,0.0716305076941311,-0.0416270735794547,-0.0312277706512782,0.00480776054617008,0.149508044178591,0.00786989221525086,0.0668710422657856,-0.0807645522683129,-0.0764718167572631,-0.0647615410124162,0.0251197285740646,-0.0831984787406572,0.056052935873116,-0.105735708838694,-0.0839977445073991,0.0410541681359508,-0.0358574659920341,0.0642925991049916,-0.0935476432259061,0.000708942836461027,0.0470840532285928,-0.0628223629990087,-0.0306010401146248,-0.0170312180010281,0.0690151980311813,0.0816228044385048,-0.0683892048245718,0.00901865242243287,-0.0694089322742083,0.0529664723126115,0.0687681924667354,0.0529436150812741,0.0170614485327967,0.0244259010034881,0.0347721161685604,0.0445837670523702,-0.0314828868461984,-0.0640411695602882,-0.137023571888492,-0.0630398753617294,0.0273766958360579,-0.12457744076061,-0.125886938917194,-0.0805816944176199,-0.0283337502320276,-0.0486324463191468,0.0374449375748739,-0.0648507579476352,0.0479909691816321,-0.0796209533714333,0.0497767825460708,0.0518641638981459,0.0179145393926862
0.0205025678440407,0.0137987630919863,-0.115819434508422,-0.0261401933537437,-0.150332379166826,-0.0690373179324796,-0.155941986134889,0.252067703856541,-0.188133078487507,-0.18406080465935,-0.17133153879491,0.0238574195402417,-0.162939248244105,0.160821636360248,-0.171908868218672,-0.155099955225647,0.265606558108332,0.311256135738036,-0.128246395055179,0.521738056497592,-0.132317931553292,0.134832964330358,-0.136654169536891,-0.0863911178273708,-0.094492900341184,0.0454132633508807,-0.121064800435179,-0.095456590707544,-0.15048426915571,-0.169392360781502,0.266583520415463,-0.143192075029243,-0.115578327584321,1.27517876106065,0.157589181451202,0.120574475956495,-0.17382887565096,0.0577310990512588,0.0834771894969538,0.130490090376382,-0.13611813059554,-0.0378689023496681,0.0354799530099561,-0.0683449650219848,-0.107224378195754,0.141434280206424,0.0342699944091947,-0.142765160934274,0.12798759221003,0.279050296784551,-0.172089514079238,-0.170562503559934,-0.0593709210671602,0.231378960176608,-0.178723272477195,-0.111012042627268,-0.126047676866591,-0.159832139442397,-0.00349899971962997,0.0903586907893975,0.0230861723151371,-0.143074839552385,0.0680655169356387,-0.142124421126803,0.412146480198382,0.161048734013521,-0.114487816450539,0.0191702124561215,-0.160493524491076,0.0692187011230821,-0.138346341985852,-0.148639469387821,0.0118359905171983,-0.000955211070862842,0.0535629723174965,-0.146569046626733,-0.164174276066337,0.173896710014903,-0.033570268198273,0.213365249893125,-0.119675670633938,-0.144438900132162,-0.113717306555482,-0.122837341858846,-0.155884474391527,-0.181348904760751,-0.134729738124341,0.0999203867885864,0.138523301196185,0.51957694214118,0.000959635051121552,-0.145265447110499,0.128674046480168,0.195228405492434,0.0862488131290363,0.0717831350130561,0.0604562708906335,-0.0924851506337663,0.167619819357821,-0.133469641080651,0.0441907701393867,-0.125625924081927,-0.134197385833208,-0.13264309410231
-0.0815063062916967,0.393431569043876,-0.0400019981644172,-0.104530911548239,-0.113469563660994,-0.0547191058251116,-0.114248184186529,0.0879461468883086,-0.116379805341194,-0.0973544782385364,0.0172855968659042,0.0288203880604879,-0.110126509245478,0.15343875063847,-0.0950178793318877,-0.116320081607702,0.0458136335642958,0.221976527466734,-0.0663851417673698,0.112156378854174,-0.0864832840827616,0.00636868824745664,-0.1045456581491,-0.0259868287047746,-0.071662950216028,-0.0617333265253198,-0.0893397006698114,-0.0818285195205381,-0.0698358463691755,-0.135213426632633,0.102001869500309,-0.0899192420837061,-0.0934385183795223,0.157589181451202,1.1844974883774,-0.0301276742269417,-0.0898831129115917,0.0321745024266456,0.162668648118257,0.13568310587008,-0.0958812928123884,0.0727623093103186,0.0228059868987514,-0.0817090720535522,-0.0162238416038111,0.288873007619008,0.10111559878848,-0.0972372427616833,0.0609458580392658,0.0318817823995263,-0.113218871446333,-0.135156652219312,0.0317062978492637,0.0013106041516475,-0.0847321252303489,-0.0806672247026229,-0.0726981615965713,-0.0999646265911865,-0.044775472863582,0.0670258815748372,0.0899317766944338,-0.10567524777516,-0.00718122595497594,-0.0777326511310021,0.0712721652931742,-0.00629348058305879,-0.0754012135346528,-0.0832220733020403,-0.112281724961527,0.000720002787107303,-0.116053168132091,-0.107482443710847,0.173537630283901,0.144949869852021,0.039585406690053,-0.109246137173993,-0.0900438508609926,-0.0117725801334899,-0.000311521943218346,0.0417288251254062,-0.0366500957883892,-0.0622568308559354,-0.0399702929725629,-0.0797632580697565,-0.0899590579060417,-0.137661362375794,-0.0695711448836953,0.115848927710123,0.130757003851988,0.225938939118463,0.0757035188523302,-0.0504307942943185,-0.00362434582696135,0.194823611298759,0.0422117763036505,0.0525911713206628,0.033366027776328,-0.0482608319774146,-0.0175126945191861,-0.0821905485717119,-0.00383374755920745,-0.0784876770951563,-0.0872891858198953,-0.100764629687978
0.0253350289466558,-0.015875821823458,-0.0701152944555175,0.0165733360442497,-0.102251087054902,-0.049175121230884,-0.0941345579402279,-0.0535098845543925,-0.0392145296783638,-0.07156635998038,-0.0862126839569367,-0.0847999595943141,-0.100825090751507,0.576364627402272,-0.123137435186393,-0.0751188161281359,0.0883184985600826,0.046626908601858,-0.0964217557339892,0.0361870525213088,-0.084926780361734,0.0577687028834579,-0.0605071466636097,-0.0752707061170186,-0.0742472920171671,-0.0130171932462779,-0.0877065146242993,-0.0917743644721984,-0.0323153324648814,-0.0860371994066729,0.113297028430889,-0.0454206366513124,-0.0688773173131179,0.120574475956495,-0.0301276742269417,1.32050096415119,-0.108033966583102,-0.0174927866080219,-0.0468812874667351,0.100355411514033,-0.0332089764771442,-0.0318095240553008,-0.0273213960828236,-0.0768552283796884,-0.10039817665654,-0.0846237377140085,-0.0434844079580777,-0.0810344150640963,0.430654201610753,0.351133156460143,-0.114039519784321,-0.104000771247228,-0.103385100661229,-0.00978547566727924,0.037522357229399,-0.0920700338194897,-0.0695313290613658,-0.0756334724982351,-0.000583596729130375,0.0267138361272924,0.0154194145267657,-0.0689982394401888,0.117910502510691,-0.0731088544305883,0.105955433191535,0.129610455634936,-0.057204645400471,0.0238493089097673,-0.07974556214872,0.0923015554530182,-0.0327533065104951,-0.0841481598361985,0.0591504593842661,0.0652231096194104,-0.026798629082251,-0.109606691565078,-0.0912479108214081,0.0778152320958273,-0.0492886700575248,0.0882211709943918,-0.102497355289307,-0.0812511900967744,-0.0223871834342585,-0.0461535427141739,-0.0318109987153869,-0.102518000530512,-0.0785201196170534,-0.0800515541166163,0.00540426055105492,0.0597145168672548,-0.041290851079792,-0.0874454997890332,0.0532967961719284,0.36216730055545,0.0308089671867847,0.0148863249055893,0.0234201828246711,-0.0788342222154226,0.0652503908310056,-0.1133773974056,0.00102009611465808,-0.0721768692560836,-0.0893367513496389,-0.00603910171818134
-0.0433922417026869,-0.0780850948916118,0.118119904242939,-0.0534575341213295,0.0227978762682764,0.0751837011719279,0.072169495955652,-0.0549867566307631,0.0287061019038049,0.0356923040623747,0.0264137427997416,0.0549720100299009,0.0753709830028831,-0.144469130663926,0.0858786734473983,0.0431821026403976,-0.0815527580844092,-0.146325727712505,0.118038797938195,-0.200014414802356,0.035061149545464,-0.0687003581027686,0.0423806248835251,0.0898064305871004,0.027413562338214,-0.0980777990108407,0.0608839223156437,0.0293638003022684,0.0632876182562177,0.0431526094386727,-0.0978293187863076,0.0547832535388616,0.0798664842757904,-0.17382887565096,-0.0898831129115917,-0.108033966583102,1.24791966936648,-0.0764814020478242,-0.0377759987642348,-0.0725064557853604,-0.00132903740272485,0.0537480421583193,-0.0962787137056224,-0.0231975091516483,-0.0179079034222989,-0.119840832563598,0.00173825557665745,0.10965461801787,-0.121095030966947,-0.142720921131685,0.0282629665478889,0.0397586792501871,-0.0649104816811274,-0.0788961579390467,0.00253530935327153,0.0688662573624703,-0.005444813703426,0.10393662353347,-0.0760589119331145,-0.0936973212246603,-0.12462241789324,0.0346563553517902,-0.0982768781224846,0.0604518469103753,-0.151563720338837,-0.111652045104698,0.0263591803765501,-0.0418873510846771,0.0368683454811534,-0.0972770585840129,-0.00969183475180214,0.133456369139848,-0.095000920740895,-0.0838672370897675,-0.0125556246392842,0.102246663074635,0.644422402372464,-0.122345542720083,0.0226194423978418,-0.112016286146,0.0483935513851766,0.0716334570143033,0.0298135716285722,-0.00292461961603856,0.0161722285007921,0.0543541274537654,0.0324959783254464,0.000214931707569934,-0.0516672967766321,-0.156856275388361,-0.110324851027079,0.0393671569972895,-0.0978639732983352,-0.140121832729684,-0.106472301551772,-0.0398847626875602,-0.0808876863855153,0.0238235023582577,-0.100019926344422,0.0503194574578077,-0.0804364403991249,0.0500348480611639,0.101122234758879,-0.0227757563669837
-0.0789934855047373,0.0468864487770363,-0.0812747846581543,-0.000567375468181471,-0.0808972716760756,-0.0411640303123753,-0.0819826214995501,0.0354777410198272,-0.0976870140879827,-0.0789684162832715,-0.112862003705458,-0.0687372246049251,-0.0710362196793758,0.0425384135127526,-0.0537804846802179,-0.0546085063186418,0.0755486795432754,0.0393015346234523,-0.0382604246025652,0.172410989978016,-0.0493100526287752,0.0956859003509491,-0.0725868247600594,-0.0834395856647574,-0.0553473110218489,0.233629291468212,-0.0330725704191669,-0.053780484680218,-0.0706203655350561,-0.079022978706462,0.115250215715118,-0.0612577486475063,-0.0637801547250228,0.0577310990512588,0.0321745024266456,-0.0174927866080219,-0.0764814020478242,1.10954346551389,0.0446368548154749,0.00085788350517156,-0.0891509441787717,-0.011989355166167,0.0414220958274684,-0.0374810667469867,-0.0394762818436713,0.00628094597232483,-0.0112417025024426,-0.0333785623870613,0.0778749558293201,0.103562059871564,-0.0792662976206917,-0.108028805272799,-0.0560359772821237,-0.0591327634632329,-0.0976324516647916,-0.0461011922811131,-0.0699552938361606,-0.0636349007065289,0.00681403559350189,-0.0170356419812865,-0.00141456768772771,-0.030237536403366,-0.0806605887322403,-0.0693152913587321,0.02800563836284,0.0185338966289081,-0.0849275176917748,-0.0746513488807981,-0.07104433030985,0.0152719485181421,-0.116300911026575,-0.0134876098137888,0.00750270185377722,-0.0158706605131557,-0.0237718892552405,-0.0621042035370094,-0.0722712475016042,0.0463349259047817,-0.0616750774519131,0.161105508426851,-0.054994867261237,-0.0901102105648726,-0.0839269608232607,-0.065671406285628,-0.103472842936353,-0.105855893635722,-0.0635309371704473,0.0065589193985826,0.115556207683006,0.0592138697679751,0.605944096742168,-0.0688522480916525,0.0522593728012584,0.0484193579366847,0.308895204939957,0.0241243330158513,-0.0251602817264361,-0.0731236010314519,0.392413316254335,-0.0395728720793205,0.020303488732399,-0.0701469996473719,-0.0726605577643714,-0.0767040757208469
-0.0327732144216596,0.154375897123275,-0.0210216481943987,-0.0474394463093782,-0.0826034533958583,0.00106875989750418,-0.0520190032072015,0.131541523017865,-0.0849769188046658,-0.0586667708759804,-0.10421607161982,-0.0165357322120509,-0.0689082851749292,0.0116162661643483,-0.0909139003118754,-0.0854539713425666,0.00367817092010808,0.128233860444421,-0.0828320257092266,-0.00451430318900802,-0.0595279723663449,-0.0281752242727576,-0.0887092834829438,0.00687302199695091,-0.0524525532725567,-0.0136136932511629,-0.038612868363177,-0.0804851041819711,-0.0472514271483823,-0.0753613977123235,0.0133969182184852,-0.0630406126917735,-0.0490763190051059,0.0834771894969538,0.162668648118257,-0.0468812874667351,-0.0377759987642348,0.0446368548154749,1.19232203479499,-0.0413365655424653,-0.11048780096661,0.432672273938776,-0.0247739207838406,-0.0950119806915414,-0.0204015536281336,0.0528846286778251,0.413789251534461,-0.0450534462898387,0.067887083065206,0.0385162781275282,-0.0546704420422649,-0.0784485986028709,-0.0115793996621924,-0.0740283049943608,-0.112144581573503,-0.025492817575884,-0.0850042000162618,-0.0536086867801701,-0.00210028462782934,-0.0606103728696467,-0.0160033799209181,-0.099424163669576,-0.00384407017981157,-0.0821404101287791,0.00528849973428418,0.0470405507560491,-0.0614052146561299,-0.0321885116974648,-0.0659257851505054,-0.0159569281282014,-0.112946059330375,-0.0414191465072948,0.137766800571934,-0.0481730897022833,-0.0339131266683243,-0.0365881600647674,-0.044301369645855,-0.104211647639564,0.320107045575661,-0.0737149397260346,-0.00716426736398456,-0.0780135738774297,-0.0407739827195642,-0.103418280513169,-0.112770574780113,-0.111549556228705,-0.0690712351144582,0.445009280220275,0.095446268086936,0.151290170892815,0.051435037813049,-0.0453299450560088,-0.044686255928364,0.132750744288582,0.0289855499901469,-0.0143126821320418,-0.0482608319774141,-0.081347780332423,0.00836906465444267,-0.0749425942478298,-0.0521804784866449,-0.0672522418980796,-0.0328049196135141,-0.0985010264555948
-0.0180435721502331,0.141653267229228,-0.0864250350093562,-0.133317013761723,-0.117410592741473,-0.107353410953301,-0.08023146264714,0.0248830456302223,-0.102530535141247,-0.106586587708454,-0.118088936381143,-0.0314054671916705,-0.0932099460661548,0.243740298349532,-0.105553588318042,-0.0963362254489888,0.239789683978492,0.168345352120249,-0.0745436986945026,0.071944610292498,-0.084979868124842,0.435452745531375,-0.0973677501793141,-0.0629779396381076,-0.0444709555557729,-0.0397557299300144,-0.0669020101275967,-0.0662922381819359,-0.0950178793318883,-0.101350069742216,0.539751029450999,-0.105515984485844,-0.0808928476958203,0.130490090376382,0.13568310587008,0.100355411514033,-0.0725064557853604,0.00085788350517156,-0.0413365655424653,1.36563736007088,-0.092690865715797,-0.0212804510395341,0.0280668367564183,-0.0848065955647056,-0.0312071254100706,0.0882418162355955,-0.0659287344706768,-0.0922831222019522,0.135604211555462,0.157380517048998,-0.10757460996624,-0.0955421209925454,-0.0433959283529022,-0.0269387217904444,-0.122720106381988,-0.095650508508885,-0.0864545282110801,-0.103445561724763,-0.0267086748169905,0.0392366495796564,-0.0142330504873838,-0.121195307852816,-0.0161066061269547,-0.0842808792439589,0.178367142066345,0.0921363935233617,-0.0854001462494182,-0.0216763972726901,-0.0895373051213693,0.013802449742202,-0.11838386839839,-0.096930513463745,0.00173899290670087,-0.012432490522083,-0.0223274597007656,-0.11395398949932,-0.0738174286020284,0.133050100286088,-0.0707361263518269,0.409620387470635,-0.0422014536830463,-0.083221335971993,-0.0983557724370954,-0.0906823786783369,-0.103332012898119,-0.127799573049049,-0.0743556795335065,-0.0625443895727526,-0.00377402382571441,0.216476782675094,-0.0204096642586079,-0.0707818408145001,0.0172796982255601,0.0784662945239019,0.0140391326860431,0.0356141470778047,0.0585642819999833,-0.054042236845526,0.141496215930048,-0.0998577137349318,0.0723582524466882,-0.0747604737271824,-0.111014254617398,-0.124949792432385
-0.0479334574382686,-0.0995731043382899,-0.013790652461512,-0.0549314568775289,0.0624256794358086,0.00691947378966757,0.025759731051494,-0.0886672556704857,0.110509183537847,0.0418099314301498,0.0760869304747535,-0.00968814810158737,0.0308015938863539,-0.0974798243458683,0.00296812208858351,0.12920271212109,-0.119067373348365,-0.131466315353488,-0.00229272776908382,-0.160693340932759,0.0419456001580842,-0.0942525307471258,0.0526390977734664,0.0111900893994239,0.00462195337530349,-0.0962543818142034,0.0163145331991151,0.0434563894164381,0.022322298390464,0.0419087336559277,-0.145619365531193,0.044184134168999,0.0202673595602861,-0.13611813059554,-0.0958812928123884,-0.0332089764771442,-0.00132903740272485,-0.0891509441787717,-0.11048780096661,-0.092690865715797,1.34197496432706,-0.0359872360796234,-0.0663895657476277,0.0523176218746645,0.0115211505887855,-0.0651832937970815,-0.0590877863306016,0.0110241901397225,-0.0915126123068906,-0.0579272288427288,0.0428923319334506,0.0681141807184876,0.0204199868792125,-0.0461697639751229,0.138706159046876,0.0222264454848584,0.123901309111048,-0.00504591815009792,-0.0733153068426625,-0.108820697739113,0.0337096235764231,0.104727041339694,-0.0534346768899933,0.0584411478827842,-0.110708999979545,-0.0936486574418096,0.0291794677914877,-0.0514129179117567,0.0616197776986789,-0.0868652210450978,0.119040829466797,0.0599010613681635,-0.0399599703519593,0.00736777045588563,-0.017326887348319,0.0181091945240709,0.0225117922115458,-0.11461758653813,-0.0311518256568367,-0.116940913504,0.0240682959325744,0.037262817054223,0.0702081980409503,0.202797098385071,0.191451063681527,0.0577111911400948,0.0440580507316255,-0.082772301975738,-0.10183449558054,-0.158330198144558,-0.10436058830827,0.0457915136630019,-0.113064032137272,-0.0901419157567271,-0.104802249004101,-0.0402851329009747,-0.101992284209767,0.0639113994726981,-0.104407777431036,0.0195528867485012,-0.102077814494768,0.0723324458951818,0.0289472088279056,0.159021076394941
-0.0239894016179604,0.130339675047581,-0.0474350223291189,-0.0182581351927817,-0.0552625180668905,-0.0365402336119644,-0.0264417613413804,-0.0388812564988726,-0.0333276866140868,-0.0226607328802567,-0.0718141028748683,-0.031063346051662,-0.0439445019049855,0.0328992978590328,-0.0573616966996558,-0.045153723175703,0.0659862462140372,0.0170865177542624,-0.0549543141088655,-0.0678885577252923,-0.0423857861938267,-0.0144837427020456,-0.0550803975462395,-0.0338799468163836,-0.0717344712302111,-0.0129582068428283,-0.0559777282087175,-0.0229313330060815,-0.058865112657579,-0.0466401805426342,-0.0218349232319611,-0.0445948270030177,-0.0428230229093971,-0.0378689023496681,0.0727623093103186,-0.0318095240553008,0.0537480421583193,-0.011989355166167,0.432672273938776,-0.0212804510395341,-0.0359872360796234,1.31548122121764,-0.043058968523196,-0.0546350502001947,-0.0264941117744415,0.043954824525588,0.362684168915678,-0.0174824639874184,0.0311215951250689,-0.0609753512409911,-0.0445063473978426,-0.0307101649610069,-0.0363057626582521,-0.0689252437659204,-0.0726111566514822,-0.0454648764538996,-0.0639512152950276,-0.0333225253037851,0.0828290763890457,-0.0887107581430294,-0.0420333424332152,-0.0591239155027146,0.013144751343738,-0.0384661396845958,-0.028026283604047,-0.0144933279926056,-0.0326073151619575,-0.0201073589409288,-0.0599025360282505,-0.0100870436549149,-0.0824611486975339,-0.0108575535499767,0.0207916012209448,0.0282445332968114,0.0234872798585945,-0.00510637921363376,0.015322824291117,-0.113371498765252,0.30841667774197,-0.0864788601025017,-0.0251425858054009,-0.0561170835868678,-0.0429557423171586,-0.065571866729807,-0.0764578074864436,-0.0659582276724024,-0.0533860131071474,0.526334571986376,0.0234835932083792,-0.0103908236326814,0.0739449866994854,-0.0348591211136486,-0.118259259621104,-0.00715247008329447,0.0301778126698737,-0.014270654319584,-0.109181252130198,-0.0353730401537039,-0.0704950194277251,-0.0445343659394807,-0.114404498155667,-0.0309394746044182,-0.036827054998738,-0.0642586819230083
-0.0218784257045049,0.0450328010486303,-0.0736198241504712,0.0671298451109207,-0.0641937968792141,-0.0704699502062591,-0.0869035622073399,0.0249589906246637,-0.0646502041759054,-0.0870333322949286,-0.093014553604726,0.0467330841280677,-0.0779509008237644,0.0177567507634586,-0.0864604268514249,-0.0754793705192225,0.0821300875081729,0.274702998850315,-0.076921588083567,0.0547670322779124,-0.0727114335373467,0.0288823237841107,-0.0700695799928454,-0.032229064849837,-0.0538269364729341,0.0903734373902598,-0.0275647149970544,-0.0639925057774428,-0.0742377067266073,-0.0464462627412931,0.0140929577791913,-0.0684024767653478,-0.0722284823591025,0.0354799530099561,0.0228059868987514,-0.0273213960828236,-0.0962787137056224,0.0414220958274684,-0.0247739207838406,0.0280668367564183,-0.0663895657476277,-0.043058968523196,1.31571569217135,-0.0243816612009008,-0.0473878332063585,0.185857677974418,-0.0427714098063791,-0.108923923945148,-0.0708253432870436,0.0422029283431321,-0.0617959995789849,-0.0120358069588841,0.310645626462326,0.0393140692341843,-0.0483389889619851,-0.0634446695554031,-0.0723457178359593,-0.071699816718185,0.138080903170308,0.0719792648045213,-0.00947948369938356,-0.0596201386217351,-0.00399153618843507,-0.0858919453881778,0.179439957279086,-0.0186703026868864,-0.0225213775021061,-0.0220605462251554,-0.0837868681150665,0.0993791865369348,-0.0696913296807229,-0.0974680270651822,-0.0139049386181953,-0.0210983305188838,0.0292023250228252,-0.070859260469027,-0.111009093307099,0.0536831571145235,-0.0359230883658721,0.0926916030458328,-0.0109158026233833,-0.0740201943638863,-0.0440654240320561,-0.0849319416720338,-0.0692091158325222,-0.0778801171396251,-0.0424565698779667,0.0295503448031776,0.0124818916349724,0.0370394060511567,0.0213814652554415,-0.0425634827342189,-0.0301107156359506,-0.0450696675507857,0.0382700098931257,0.0349999511518844,0.0942975078797454,-0.0270507959569986,0.0543843579855331,-0.0551526558904652,0.114456111258671,-0.0545937597177792,-0.0640087270383906,-0.0793245466940984
0.00795394784016725,-0.0857076128773981,-0.0187890128238285,0.00225954791714423,0.0673960212564872,0.00452831245982636,0.0107926685061827,-0.0766421399972243,0.0325859325907071,-0.0147189509858012,0.0651840311271249,-0.0268789980569514,-0.00517642556772986,-0.0935830350679762,0.031709984499479,0.0406206180705955,-0.0703881065714722,-0.0886915875619081,-0.00453052444995577,-0.0794240862499209,0.0338032644918996,-0.0914292940120172,0.0169678076173195,-0.00293346757655615,0.00851874265319795,-0.0885234763120755,0.000734012057927174,0.00732500531338488,-0.0206338125917167,0.0149792284910218,-0.0529244445001534,0.0132671481308962,-0.00160111218863696,-0.0683449650219848,-0.0817090720535522,-0.0768552283796884,-0.0231975091516483,-0.0374810667469867,-0.0950119806915414,-0.0848065955647056,0.0523176218746645,-0.0546350502001947,-0.0243816612009008,1.3142646266465,0.421757577310446,-0.0271628701235527,-0.0515102454774487,0.00717606464467473,-0.0709757586158404,-0.0845500047097056,0.0172664262847836,0.0842801419139064,0.0841289892550645,0.0634719507669978,0.0751991851028363,0.00449881925810228,0.0961282983768178,-0.00291282233534883,-0.0474106904376959,-0.0739442493694451,-0.00679265302225091,0.0218194393010551,-0.0705488445208731,0.014564849006789,-0.0738388111732784,-0.0810100831726729,0.0390574783791793,0.00692832175018578,0.0422051403332618,-0.0463142806635751,0.0710236850686423,0.0206257019612419,-0.0368300043189106,-0.0406493739422771,0.0138688094460828,0.0393361891354789,-0.0133128625935695,-0.081044737684701,-0.0544005792464823,-0.0585996738420561,0.00818104549344888,0.00994990026689583,-0.0168402495198599,0.0500318987409909,0.00517568823768688,0.0457347392496823,0.00715984338372607,-0.0767284076122697,-0.0916497556949093,-0.0724600039926421,-0.0568315563986525,0.0351953436133117,-0.0666852350949199,-0.112087069830142,-0.0734531875607264,-0.0544853722014403,-0.070796587415362,0.038362176148516,-0.101584540695926,0.00121180192586929,-0.0596098160011314,0.01879417413413,0.00278452690784631,0.0728928167279541
-0.0405107558941706,-0.0208358410235321,-0.0181003465635532,-0.0192129775986231,0.0262928206726698,-0.0211617409025915,0.0139351691499638,-0.0428267095596133,0.021235473906904,0.00820758937500095,0.105134047523499,-0.00180535261058123,0.0127657637015742,-0.0936611920525438,0.0113110115264953,0.0425362015226238,-0.0562800335263968,-0.0488949358144982,0.0194695684536289,-0.0995163299249694,-0.00147207943109005,-0.063825131857653,0.00891468888635361,-0.00546545894463335,0.000235576948777586,-0.12157503282502,0.00364646572825576,0.000805533072110187,-0.0149607952399446,-0.0034260040453602,-0.0605174692842133,0.0164863310991621,0.00859616230772524,-0.107224378195754,-0.0162238416038111,-0.10039817665654,-0.0179079034222989,-0.0394762818436713,-0.0204015536281336,-0.0312071254100706,0.0115211505887855,-0.0264941117744415,-0.0473878332063585,0.421757577310446,1.14134303561362,-0.0319953312261666,0.00285604792202969,-0.00179724198010631,-0.0502730056650907,-0.112310480833204,0.00330876856850518,0.0662583209999518,0.0695578729429178,0.079420399599699,0.0548768944543376,0.00135336929414799,0.106172208224214,0.00107318387776271,-0.0733307907735681,-0.0969504213749096,-0.019600075871261,0.0222013762633919,-0.0453985167500185,0.0231517946889754,-0.0889467037568276,-0.054862885183519,0.0185051407572274,-0.0386991359782224,0.0590737770597825,-0.0427116860728861,0.120865721323528,0.0380311149591549,0.0599416145205357,-0.0648057808150046,-0.033138930123047,0.0114990306874916,-0.00633624572555878,-0.0798192951530338,-0.0722690355114745,-0.052313197894407,-0.0329221550903698,0.0089515553885095,-0.00641292805004385,0.0330836303698137,0.00724463633868469,0.0428193362591813,0.00286415855250342,-0.0376985791097071,-0.0347529455874387,-0.0446257948648278,-0.0731663661739525,0.0247650728233239,-0.0748917184748558,-0.0796519212332444,-0.0548975396955453,-0.0393804289380662,-0.068727639314365,0.00262673827861861,-0.0680758395562456,-0.0247849807344878,-0.0747177085846797,0.0066768922054818,-0.0186113162834353,0.0982731914722595
-0.0452104975890226,0.443146784531346,-0.0785481381586915,-0.0216889318834232,-0.130851382097523,-0.095028939282533,-0.0822465856549878,0.12201816818092,-0.0855284416769202,-0.064739421111124,-0.0398943479781213,0.0426482756891778,-0.117539625499018,0.064205594159903,-0.0879380362578388,-0.104946028362513,0.204111020521914,0.243319282894912,-0.121724710823773,0.171073473279797,-0.0921327068731577,0.0412075327849197,-0.0795221511456551,-0.0147661401085611,-0.0353671415133587,0.0443433974583125,-0.0607888067400814,-0.0482932744993114,-0.112369467236654,-0.0889489157469576,0.0603884365266669,-0.0855232803666176,-0.0689517876474731,0.141434280206424,0.288873007619008,-0.0846237377140085,-0.119840832563598,0.00628094597232483,0.0528846286778251,0.0882418162355955,-0.0651832937970815,0.043954824525588,0.185857677974418,-0.0271628701235527,-0.0319953312261666,1.33898582833225,-0.00322397561354622,-0.102503253929653,0.0104372754253976,0.0524577145828582,-0.123162504407859,-0.111666791705559,0.11523841843442,0.0333122026831804,-0.0801827988642915,-0.0645388673393941,-0.0886230158678979,-0.0985592755289985,0.0489553968780342,-0.0832464051934602,0.0169552730065865,-0.0995922749194093,0.0142382117976858,-0.0767873940157184,0.131109447612603,0.00492720801315566,-0.0280631501062032,-0.0453926181096736,-0.108269174866856,0.00419577661038001,-0.106979584621437,-0.112288360931911,0.0106894423001452,0.0521126441226779,0.0581675984367868,-0.0857562766602452,-0.0989139312797399,-0.00338913754320527,-0.0205305863856801,0.151256253710839,0.000719265457065041,-0.0873835640654118,-0.0579655700049716,-0.112634906052176,-0.076054487952857,-0.114631595808948,-0.0854193168305386,-0.0170164714001661,0.0741905176038465,0.196671360386823,0.0886112185872041,-0.0460348325772326,-0.0652518654910935,0.00713035018200026,0.0981382600743699,0.0908040381354428,-0.108011109351769,-0.0490792683252785,-0.00889920495544812,-0.0990355907368532,-0.0282703398483202,-0.0794594780919891,-0.0885677161146671,-0.0865533304368585
-0.0503872918217752,0.0582391194509584,-0.039862642786267,-0.0474932714025251,-0.0547449123766204,-0.0196892928064796,-0.00798049172171882,0.0452967652040675,-0.0511371564756292,-0.0446110482639652,-0.049748764004433,-0.00194323332864535,-0.0109135906332546,-0.0626660490298667,-0.0497126348323197,-0.0440993412140396,-0.0135524948575841,0.0652238469494466,-0.0423209011500314,-0.0153803360344808,-0.0239245165741658,-0.0851273341334612,-0.0580134964577752,0.0406361020015009,-0.0170791444538314,0.00826362645827831,-0.0206463472024499,-0.0194231166609123,-0.0367997737871422,-0.0478862683155087,-0.0620356318429991,-0.0326515549645444,-0.0257420351304582,0.0342699944091947,0.10111559878848,-0.0434844079580777,0.00173825557665745,-0.0112417025024426,0.413789251534461,-0.0659287344706768,-0.0590877863306016,0.362684168915678,-0.0427714098063791,-0.0515102454774487,0.00285604792202969,-0.00322397561354622,1.12143659910945,-0.0128240127749807,-0.0402121372267062,-0.0535563363471089,-0.0502000099908226,-0.0763553186104511,-0.0222920678586962,-0.00989902449392016,-0.0614347078578554,-0.0319112756012511,-0.0436495698877366,-0.0151679849820619,-0.0265390889070721,-0.0511555897267073,-0.0942731759883359,-0.0611368265204354,-0.0460731737394746,-0.0375651223719022,-0.006651085653972,-0.0351400438600778,-0.00701458936523137,-0.0513362355872719,-0.039600890620959,-0.0176210820355247,-0.0527275773786404,-0.0239127192934754,0.0743733754545331,-0.0109593050959275,0.00813164438055926,-0.0187750035530095,0.00357125806385663,-0.066231039788357,0.421964029722528,-0.0686310490787158,-0.0174935239380649,-0.0283772527045727,-0.0581580131462264,-0.0586129457828316,-0.0627508419848269,-0.0687379619349693,-0.0333144146733102,0.410064997486628,0.0151060492584395,0.0359061297748794,0.0139602383714295,-0.0396325958128133,-0.062223651003995,-0.0364642886175224,-0.0226754794811194,-0.0209611871308632,-0.0638811689409311,-0.0316347768350804,-0.00847818950082574,-0.0194017340896623,-0.0530011268246388,-0.0229836834391431,-0.0234268187950592,-0.0607504655778397
-0.0592581095705628,-0.112968179231671,0.0590818876902561,-0.034586308997694,0.0549351435277444,0.0366198652566216,0.0865931462591806,-0.0830451140916882,0.038758859711715,0.0504226836638437,0.0249641519349657,0.0203956549877893,0.13281341734225,-0.144768486661433,0.117939258382375,0.0526980841769164,-0.13760016398221,-0.15743729146234,0.098338813846092,-0.188274645855784,0.0694988865394678,-0.0298917286131433,0.0432315037532863,0.0617480731261811,0.0360860383054012,-0.0588857578987869,0.0505391818106572,0.0309815024168755,0.0731870114151586,0.051058262161015,-0.121516783751617,0.087533979394203,0.0702885670156505,-0.142765160934274,-0.0972372427616833,-0.0810344150640963,0.10965461801787,-0.0333785623870613,-0.0450534462898387,-0.0922831222019522,0.0110241901397225,-0.0174824639874184,-0.108923923945148,0.00717606464467473,-0.00179724198010631,-0.102503253929653,-0.0128240127749807,1.18014724112299,-0.0841267772649454,-0.128604000126092,0.0654612672233377,0.0601635508635148,-0.0582317461505387,-0.0336462131927149,0.0207930758810311,0.0385074301670102,0.00506803805139236,0.0937452476774541,-0.057264369133964,-0.0701484743074586,-0.106671380663414,0.0412584085578946,-0.08270299295168,0.0689709582285941,-0.131618942672414,-0.105970179792408,0.0191584151754323,-0.0581366305749761,0.0370290834305535,-0.0502634203745304,0.0116332247553404,0.0780224218379457,-0.0867118563961285,-0.0433715964614791,-0.010401146253285,0.0995701550181044,0.104816258274912,-0.0892114052423107,0.00821053869517325,-0.100506564172881,0.0667280002374194,0.0779287809224692,0.0196221957725548,0.0209309565990951,0.0144925906625623,0.0323536736271239,0.067010397643935,-0.0307573540837679,-0.0631622721488884,-0.143429495303126,-0.0624677072482682,0.0103119293180684,-0.0869677099210942,-0.153073772267147,-0.118043959248512,-0.023390689622946,-0.0482136428546546,0.0231407347383279,-0.0735571510968068,0.0994035184283603,-0.0565041818595063,0.0552566194265448,0.0913909528497649,0.0339765370520325
0.0192520560909081,0.0713635942185203,-0.0508931002313566,-0.00998381744887887,-0.127427958707313,-0.0524975304051874,-0.0890219114212271,0.05757773440229,-0.115538511761988,-0.102571088293615,-0.138535098476887,-0.087662274821711,-0.125158456834586,0.523428754286452,-0.114420719416615,-0.100372370105034,0.156617380454365,0.104573676690727,-0.0964468249554548,0.226410830346064,-0.119995671872655,0.0286810326823389,-0.0994101543987571,-0.0782863859933841,-0.119668297333509,-0.0416447695004906,-0.100920943657116,-0.110509920867903,-0.0867081697459157,-0.111980894303931,0.110127983905554,-0.0798760695663527,-0.105173126015794,0.12798759221003,0.0609458580392658,0.430654201610753,-0.121095030966947,0.0778749558293201,0.067887083065206,0.135604211555462,-0.0915126123068906,0.0311215951250689,-0.0708253432870436,-0.0709757586158404,-0.0502730056650907,0.0104372754253976,-0.0402121372267062,-0.0841267772649454,1.18096567747084,0.424416389445943,-0.112684307165067,-0.144744154770009,-0.0893006221775287,-0.0407135216560289,-0.0996873904949716,-0.119240645908499,-0.0799085120882513,-0.121897983383907,0.0489281156664376,0.0434055136434634,0.0360218905916502,-0.093254923198783,0.0886694676606087,-0.111168356596411,0.0765610336924794,0.121993836289497,-0.0911999843686055,0.0188398885968035,-0.114891135984129,0.112904031517905,-0.106393407237157,-0.0831763588393641,0.0273789078261871,-0.00795689716033887,-0.0399363757905795,-0.109938490084483,-0.114200995063766,0.123799557565104,-0.0455563053792467,0.0891929719912203,-0.108580328145054,-0.106658108722637,-0.0843715708392616,-0.0940283824140179,-0.122244528504172,-0.126314590342201,-0.109524847930291,-0.025248761331611,0.148238361844339,0.201245018644304,0.0534634327616749,-0.11254568911696,0.0888523255113053,0.445419235724243,0.144733832149385,0.0190787835307755,0.00805864870628998,-0.0866042062098321,0.109087611214707,-0.106424375098971,0.0131875164862391,-0.08554466293787,-0.105235061739417,-0.072087652320867
-0.0263754016374997,0.0627736992161631,-0.0929931710334819,-0.0895815449239619,-0.1244388227125,-0.0582501794016161,-0.121229962364837,0.149058272852287,-0.140615106528536,-0.129104647225367,-0.0569465798853784,-0.0710236850686432,-0.162657588167633,0.418679224380412,-0.140570866725948,-0.109345676729814,0.179237191517231,0.164384415128594,-0.107490554341321,0.276712960547857,-0.111255361541504,0.152981606011736,-0.0938138193714701,-0.111107895532876,-0.120589959887416,0.0201597093739902,-0.0648817258094456,-0.055223439574605,-0.109330930128956,-0.119573919087991,0.169862040018948,-0.108019957312281,-0.0948991691949451,0.279050296784551,0.0318817823995263,0.351133156460143,-0.142720921131685,0.103562059871564,0.0385162781275282,0.157380517048998,-0.0579272288427288,-0.0609753512409911,0.0422029283431321,-0.0845500047097056,-0.112310480833204,0.0524577145828582,-0.0535563363471089,-0.128604000126092,0.424416389445943,1.26469982648783,-0.137607537282644,-0.0975859998720747,-0.0398419975450593,-0.00145364618001364,-0.103599663703769,-0.127523811612917,-0.0789897988545219,-0.144214014469009,0.0356605988705205,0.0335887014493513,0.0333365345746032,-0.104375334909132,-0.0582553407119178,-0.103118187185614,0.172259099989131,0.122759184874251,-0.0746380769400218,-0.0203462538748999,-0.12271420774164,0.0397476192995403,-0.105321329354464,-0.0941434059007447,0.0350456656145577,0.00323724755432236,-0.0176232940256551,-0.157789735222952,-0.12585818304551,0.13806099525914,-0.0379662299153602,0.22461248237089,-0.0674800768814034,-0.122072730604125,-0.0674262517882556,-0.0707184304307904,-0.0909596147745477,-0.12186849018218,-0.131840879015395,-0.0477181570656775,0.0918753786881013,0.145265447110484,0.00124129512759384,-0.0967506049332196,0.0309556958653659,0.330854368284185,0.121190883872534,0.0598723054964815,-0.00835284339349537,-0.0964210184039466,0.194203516732499,-0.117928198431745,-0.006751362539837,-0.0989655443827573,-0.116968932045647,-0.0777636189928113
-0.0577561682727256,-0.134624299928176,0.0131941524566268,-0.0747228698949804,0.550884713102152,0.0399621823420883,0.0588791219283986,-0.0994868367232447,0.0579744179654888,0.0532282244779192,0.3571202764103,-0.0212745523991894,0.0830148835599167,-0.16964526498629,0.0946728088716969,0.066699244365738,-0.167614658047533,-0.187835197150084,0.0433258819988056,-0.203336086646614,0.0660164767458081,-0.0870517655460073,0.0371418949271508,0.029049697703899,0.0339072280279798,-0.0974886723063847,0.0402320451378703,0.032636808363682,0.0437859759457133,0.0790156054060296,-0.134584484105847,0.0139639250216454,0.0405041199237827,-0.172089514079238,-0.113218871446333,-0.114039519784321,0.0282629665478889,-0.0792662976206917,-0.0546704420422649,-0.10757460996624,0.0428923319334506,-0.0445063473978426,-0.0617959995789849,0.0172664262847836,0.00330876856850518,-0.123162504407859,-0.0502000099908226,0.0654612672233377,-0.112684307165067,-0.137607537282644,1.22747350727074,0.183897117389755,-0.0278205685220162,-0.0679549174291743,0.028046191515211,0.0535821428986175,0.0527327386889418,0.105599302780703,-0.0756231498776307,-0.115806162567644,-0.0657547245805009,0.0296476723688701,-0.0962307872528238,0.0436340859568302,-0.159179602354233,-0.14127575424717,0.0262581661606432,-0.0569414185750771,0.0567814179557184,-0.101058824375181,0.0587611491214987,0.038499319536536,-0.109824941257847,-0.0741529137716484,-0.0169508490263277,0.0463209166339626,0.0376108368345755,-0.113858136593718,-0.00876796020777268,-0.122929508114232,0.0312690611336928,0.0772836171347384,0.0185169380379169,0.0533358746642149,0.0464374147807757,0.464656913879326,0.0205092038144299,-0.0482726292581043,-0.0349748819304185,-0.170453378713552,-0.102374221172106,0.0236996309110133,-0.118669215125081,-0.160850392231944,-0.100898823755822,-0.0717322592400828,-0.0958650715514344,0.0596098160011308,-0.0984339294216668,0.0493749376725693,-0.0920398032877211,0.0354408745176712,0.19741090242007,-0.00385955411071648
-0.0606000502490423,-0.138158322824853,0.019935561040881,-0.070281931045263,0.125061129268877,0.0615799618763497,0.0841009707134338,-0.117743865920967,0.0688566720719097,0.0759962388794479,0.15030141130499,0.000649956433011184,0.0830082475895287,-0.186752059316737,0.0804799428716678,0.0541933895043655,-0.141549303693164,-0.177796448612992,0.0509107961523905,-0.211624413661335,0.156878395289634,-0.0862148959470642,0.0660444952874469,-0.00377697314588677,0.030143158157847,-0.0834624428960934,0.0336307292618093,0.0614627263994941,0.0974569671145263,0.200780500717138,-0.140495659061548,0.0763767011817,0.0716305076941311,-0.170562503559934,-0.135156652219312,-0.104000771247228,0.0397586792501871,-0.108028805272799,-0.0784485986028709,-0.0955421209925454,0.0681141807184876,-0.0307101649610069,-0.0120358069588841,0.0842801419139064,0.0662583209999518,-0.111666791705559,-0.0763553186104511,0.0601635508635148,-0.144744154770009,-0.0975859998720747,0.183897117389755,1.38381549495399,0.0228598119918992,0.016542368182439,0.0162304775741985,0.0589432696421497,0.123657252866775,0.146464345760597,-0.110290196515053,-0.114509199021793,-0.0619272443266606,0.0214360276786323,-0.0986145752822318,0.0787479546003769,-0.13058373129187,-0.109459225556453,0.0507898740253196,-0.0603987591472707,0.0653632023276028,-0.134882365443268,0.0892740782959657,0.0539825131120325,-0.109984941877203,-0.033901329387634,-0.0455599920294618,0.0216992545040273,0.0277888633301618,-0.129584649083445,-0.0129154417003274,-0.128610636096478,0.0669963883731169,0.0526619550048025,0.0093851054538649,0.0752603834964145,0.0450504969696659,0.134609553327293,0.0428938065935371,-0.0531102516710215,-0.0953305072701707,-0.168389591922858,-0.124235319620598,0.0857289954486443,-0.132938763449598,-0.173202882444348,-0.121072911065652,-0.0657576739006734,-0.112358407286006,0.0371352589567624,-0.0983638830675701,0.0449974092065613,-0.11451436033209,0.0407253189367181,0.122715682401709,0.0360853009753587
-0.0204929825534816,0.076707762371058,-0.0434785093177326,0.013687426255475,0.100064903477045,-0.0309733917864006,-0.0492473795751092,0.00502674756897656,-0.0137279794078457,-0.0355743312554752,0.0506932837896681,0.017598962134231,-0.0508768789704073,-0.0734900540628827,-0.0407526001483133,0.00212830316946851,-0.0263702403271974,0.0958849794625874,-0.0411057812389688,0.00155466039592047,-0.0309144053829513,-0.0329184684401544,-0.00940870001524459,0.00358674199476208,-0.0430862497347916,-0.0859140652894707,-0.0122230887898363,-0.0336978262957325,-0.0284531976990142,0.0140612525873376,-0.0354386625275412,-0.0382611619326079,-0.0416270735794547,-0.0593709210671602,0.0317062978492637,-0.103385100661229,-0.0649104816811274,-0.0560359772821237,-0.0115793996621924,-0.0433959283529022,0.0204199868792125,-0.0363057626582521,0.310645626462326,0.0841289892550645,0.0695578729429178,0.11523841843442,-0.0222920678586962,-0.0582317461505387,-0.0893006221775287,-0.0398419975450593,-0.0278205685220162,0.0228598119918992,1.09794821325578,0.0146275220604539,0.00411688229576579,-0.0430420099322042,-0.018279517764032,-0.0476930878442111,0.0312675864736069,-0.0166603409893387,0.0112299052217525,-0.00946473709852135,-0.043861183610112,-0.0363500024608391,0.016495179059679,-0.0335415123265911,-0.00188867090545381,-0.0192181389089255,-0.0181416370459691,0.0154938848611212,0.0122105541791039,-0.0369605117365425,0.0651596992357012,0.0144874293522605,0.0118772809996138,-0.0325129369164375,-0.0559460230168643,-0.0682365775056462,-0.016057205014065,-0.0349026235861932,0.0467544666993185,-0.00837496329478837,-0.0117003217892636,0.00141751700789996,-0.015986421329926,0.0188214553457256,-0.00863450346996771,-0.012849819326489,-0.0389667867838751,0.0122761765529412,-0.0582863085737291,0.00927892992765454,-0.0420679969452424,-0.0800316462054535,-0.050216231251771,0.0126138737126903,0.0127893582629541,0.00109677843914233,-0.0910768502514095,-0.0195668960193207,-0.000102120210972401,-0.0298202075989602,-0.0352476940463726,0.0206743657440885
-0.0283440728526322,-0.0418726044838149,-0.0604547962305475,-0.0114171870527059,-0.0233464498203589,-0.0305427910412192,-0.0247385289417713,0.0451787923971687,-0.0830016116191449,-0.0849105591007834,-0.00623449417960847,0.0654959217353644,0.00928925254825909,0.0247105104001322,-0.000370508346668188,-0.0550295217732638,0.020376484406668,0.0313656513693413,-0.0311665722576992,0.196374953709487,-0.0431363881777236,-0.0748165108104572,-0.0270751278484212,-0.0289560567884227,-0.0201110455911446,0.0419625587490752,-0.0559615069477686,-0.0489871020698887,-0.0704279223938014,-0.047084053228593,-0.00724906031894332,-0.0412812657892319,-0.0312277706512782,0.231378960176608,0.0013106041516475,-0.00978547566727924,-0.0788961579390467,-0.0591327634632329,-0.0740283049943608,-0.0269387217904444,-0.0461697639751229,-0.0689252437659204,0.0393140692341843,0.0634719507669978,0.079420399599699,0.0333122026831804,-0.00989902449392016,-0.0336462131927149,-0.0407135216560289,-0.00145364618001364,-0.0679549174291743,0.016542368182439,0.0146275220604539,1.37877658143928,-0.0642365620217143,-0.053576981588316,-0.0262839727121523,-0.00286342122245972,-0.0817149706938961,0.0522475755205689,-0.0588105502343882,-0.0561170835868677,0.0712094922395052,-0.0780179978576884,0.090310764336597,0.00338987487324808,-0.0267632372401809,-0.0348908263055027,-0.0406390513216738,-0.0642085434800762,0.0178555529892373,-0.0635987715344152,-0.026121760102666,0.0127709250118749,0.0090872241164442,-0.0347662175282158,-0.0765263791804569,0.097137703205852,-0.0460694870892591,-0.00717311532450135,-0.0521952250875076,-0.0390773862903433,-0.0552853752982267,-0.0578107306959162,-0.0633289087386329,0.014344387323896,-0.0397203380879447,-0.0244583435253858,0.0198190628940681,0.212924326527336,-0.0305568003120391,-0.0201198935516615,0.0310574474113165,0.098762041290845,-0.0264742038632776,0.00798344104189138,0.0389085377104684,-0.0604319389992113,-0.0541454630515628,-0.058474327734725,0.0413535241334574,-0.0600625366476069,-0.0474696768411463,-0.0847933236239274
-0.0441457930067562,-0.0593613357765994,0.0120815214215573,-0.0200107687052803,0.0376108368345764,0.022209486893866,0.044423766433013,-0.126978187381012,0.146656788901847,0.0778808544696671,0.0386195043335652,-0.0369568250863269,0.0184092878516216,-0.102357262581113,-0.009040772323727,0.0926554738737212,-0.0958790808222574,-0.129288979736154,0.0380724054415696,-0.182977666826003,0.00999930137978334,-0.108331847920522,0.0578070440457005,-0.000588758039432322,0.0133172865738284,-0.0693853377128312,0.00154507510535991,0.0113567259891691,0.0498814834121935,0.015636926889486,-0.148196334031903,0.0535696082878843,0.00480776054617008,-0.178723272477195,-0.0847321252303489,0.037522357229399,0.00253530935327153,-0.0976324516647916,-0.112144581573503,-0.122720106381988,0.138706159046876,-0.0726111566514822,-0.0483389889619851,0.0751991851028363,0.0548768944543376,-0.0801827988642915,-0.0614347078578554,0.0207930758810311,-0.0996873904949716,-0.103599663703769,0.028046191515211,0.0162304775741985,0.00411688229576579,-0.0642365620217143,1.35568487914885,0.0268576154857005,0.0878141648105909,-0.0030219471817308,-0.0806465794614151,-0.0721363161037124,0.0322062076184995,0.176531927589019,-0.00440444101258266,0.0557874970575923,-0.106001147654222,-0.0847232772698304,0.0292096983232565,-0.0454014660701915,0.0603464087142092,-0.0572356132622822,0.152811282771778,0.0585510100592087,-0.013090926250591,0.0485764092358697,-0.0320963454420744,0.02066994176383,0.00406158254253118,-0.101781407817438,-0.0351857583227509,-0.120591434547493,0.00837864994500484,0.0829957129787948,0.090022468289736,0.0947819337180838,0.169320102437257,0.0453188851053617,0.0325859325907063,-0.0932475498983538,-0.114226801615276,-0.164971329842949,-0.110925037682179,0.0479688492803385,-0.0519946713157784,-0.0719379743221127,-0.101014584572589,-0.0585052955965361,-0.0837116604506693,0.0601075137802375,-0.136660805507278,0.0232638688555291,-0.0670804439980316,0.0340981965091481,0.0156347148993568,0.131982446383656
-0.010174785930047,-0.106443545680088,0.0518037028346098,-0.0611884396234528,0.0314003058813683,0.0383135123656697,0.0306216853558331,-0.0029821313594027,0.012003364436986,0.0172258731324123,0.0290349511030368,-0.0102706388356531,0.0815195782324681,-0.15572742309234,0.0479349320983547,0.032000492536469,-0.124557532849443,-0.134272593497607,0.0482718919280613,-0.149850165318624,0.0754100614951686,-0.00611357205253698,0.0760581746030715,0.069192894571573,0.0990488626776225,-0.0485270081229808,0.0954816599290018,0.0949411970073919,0.0344690735208375,0.0558192022494469,-0.10387321314977,0.0737377969573705,0.149508044178591,-0.111012042627268,-0.0806672247026229,-0.0920700338194897,0.0688662573624703,-0.0461011922811131,-0.025492817575884,-0.095650508508885,0.0222264454848584,-0.0454648764538996,-0.0634446695554031,0.00449881925810228,0.00135336929414799,-0.0645388673393941,-0.0319112756012511,0.0385074301670102,-0.119240645908499,-0.127523811612917,0.0535821428986175,0.0589432696421497,-0.0430420099322042,-0.053576981588316,0.0268576154857005,1.16444063654443,-0.0141725894238481,0.0932151073764479,-0.0673031176710546,-0.080263905169036,-0.0753016739788301,0.0104387500854838,-0.0736478426921105,0.0260354924876202,-0.0807719255687459,-0.120763232447543,0.0540555087863013,-0.00974344785482135,0.0790576332184875,-0.0849171950711738,-0.0196465276639786,0.0607755347993043,-0.0816441870097569,-0.0460488418480507,-0.0220502236045527,0.109622175495976,0.0735365058555984,-0.0792360670889272,-0.0136372878125428,-0.0955155771109945,0.0386689054464542,0.0419714067095925,0.052372184297856,0.025001755767165,0.0125821685208366,0.0510707967717475,0.0714646084344283,-0.0363485278007531,-0.0800257475651077,-0.120494844311845,-0.0789477710420634,0.0499633270469804,-0.105824925773914,-0.10222675516348,-0.106304927631985,-0.028828498690963,-0.0728987153682994,0.0295120036409358,-0.0492422182648087,0.0530940304100717,-0.0739044335471164,0.0654620045533821,0.0518295093861194,0.000626361871631378
-0.039856744145922,-0.0716356690044337,-0.00402692803050454,-0.0752272036444755,0.0256432329046809,0.00165346262169933,0.0078411363435695,-0.0581226213041568,0.158920799509072,0.0597019822565213,0.0478929042858966,0.000152258653904831,0.0427891057274135,-0.11731547716591,0.0132686227909815,0.111590846711105,-0.0662081825570206,-0.0966274708160215,0.0326227990928626,-0.168873280431145,0.0392867880225897,-0.0969113428826206,0.0400882657794621,-0.019611135821909,0.00763763325166823,-0.0723044273535447,0.0207871772406867,0.00866768332190772,0.0108450189392435,0.0292045370129543,-0.138539522457148,0.0475832256677861,0.00786989221525086,-0.126047676866591,-0.0726981615965713,-0.0695313290613658,-0.005444813703426,-0.0699552938361606,-0.0850042000162618,-0.0864545282110801,0.123901309111048,-0.0639512152950276,-0.0723457178359593,0.0961282983768178,0.106172208224214,-0.0886230158678979,-0.0436495698877366,0.00506803805139236,-0.0799085120882513,-0.0789897988545219,0.0527327386889418,0.123657252866775,-0.018279517764032,-0.0262839727121523,0.0878141648105909,-0.0141725894238481,1.21120505719933,-0.00617108379589983,-0.0753606603822803,-0.0979834207653234,0.138866159666237,0.0811339546199161,-0.0682859786185355,0.0146806098235591,-0.0698889341322821,-0.0850351678780711,0.0316583713964611,-0.0479371440884845,0.0472285699170448,-0.0725772394694991,0.225884376695272,0.0546350502001941,0.0101386567579345,-0.0251971482285917,0.00110193974944465,0.00885570248290454,-0.00315171726931957,-0.123487666956878,-0.0490704203647607,-0.110627893674799,-0.00627283534185068,0.0639733351963199,0.0210032149433212,0.283108561341888,0.146923702377458,0.0386423615649015,0.0365682521536025,-0.0654937097452364,-0.103343072848767,-0.118813731813533,-0.111160245965932,0.00456149231176824,-0.122854300449835,-0.118796035892498,-0.117736492620529,-0.0466246966117289,-0.110785682304031,0.0266688589946615,-0.106069719348227,0.0283197409612093,-0.122603608235173,0.0692902221372648,0.00796132114059743,0.149997631327228
-0.0431983239013459,-0.109254247804469,0.0521369760141003,-0.0439083727328714,0.023758617314464,0.0328956112088177,0.0745105188425607,-0.0886097439271228,0.0304336661948371,0.0616514828905323,0.0298283182294346,-0.00786694289507885,0.137600901312233,-0.146882411895062,0.0832353452428099,0.0550317337633932,-0.138717218997539,-0.139537130005493,0.0664721467124566,-0.187397960434515,0.233018782192511,-0.062065125044724,0.0630487233222462,0.0511224098747666,0.0605808796679206,-0.0389918560053418,0.0417538943468721,0.049801851767537,0.0372561810838345,0.140733079335418,-0.110211302200439,0.0645624619007733,0.0668710422657856,-0.159832139442397,-0.0999646265911865,-0.0756334724982351,0.10393662353347,-0.0636349007065289,-0.0536086867801701,-0.103445561724763,-0.00504591815009792,-0.0333225253037851,-0.071699816718185,-0.00291282233534883,0.00107318387776271,-0.0985592755289985,-0.0151679849820619,0.0937452476774541,-0.121897983383907,-0.144214014469009,0.105599302780703,0.146464345760597,-0.0476930878442111,-0.00286342122245972,-0.0030219471817308,0.0932151073764479,-0.00617108379589983,1.17070499259078,-0.0685034909812554,-0.0866786765441881,-0.109245399843949,0.0386843893773595,-0.0641893728989556,0.048376592794184,-0.123764165723045,-0.117439348613153,0.0449568560541885,-0.0402364691181292,0.0487946589286332,-0.0853507451365272,0.0121264985541878,0.0591150675421963,-0.0922764862315636,-0.0566811410698549,-0.0194931630150087,0.121994573619537,0.0769370720144712,-0.114023298523375,0.0220465369543366,-0.0941087513887201,0.0650741689507002,0.0157725956174206,0.020958975140733,0.0198139015837664,-0.00326452876591711,0.0501771527594852,0.0513237009765378,-0.0268900580075983,-0.0647394211111238,-0.124685828276948,-0.0953312446002152,0.101750439955618,-0.11131950925525,-0.11930036964199,-0.0914020128004215,-0.0518833344792668,-0.0987141148380521,0.0216402681005773,-0.0801186511505406,0.0299625122972826,-0.0784788291346391,0.059584009449622,0.167262951616945,-0.00394803371589059
0.0875996017680434,0.0463887509979302,-0.0317756068733169,0.385260477506004,-0.0967314343521,-0.0686539063100515,-0.062389550263697,0.00944482918735736,-0.04726764840933,-0.0385944351120993,-0.0872110288353188,-0.0706152042247545,-0.0940785208569497,0.0277011210550302,-0.0683110478400005,-0.0494317120858901,0.115385884443049,0.128445474166803,-0.0948895839043818,0.0963045202571212,-0.0550221484728325,-0.0208321543733167,-0.0564444581260136,-0.0870812587477335,-0.0765492364117905,0.0250924473624693,-0.0465295810361666,-0.0709182468724759,-0.0854576579927785,-0.0651810818069523,0.0654457832924326,-0.0528602967864021,-0.0807645522683129,-0.00349899971962997,-0.044775472863582,-0.000583596729130375,-0.0760589119331145,0.00681403559350189,-0.00210028462782934,-0.0267086748169905,-0.0733153068426625,0.0828290763890457,0.138080903170308,-0.0474106904376959,-0.0733307907735681,0.0489553968780342,-0.0265390889070721,-0.057264369133964,0.0489281156664376,0.0356605988705205,-0.0756231498776307,-0.110290196515053,0.0312675864736069,-0.0817149706938961,-0.0806465794614151,-0.0673031176710546,-0.0753606603822803,-0.0685034909812554,1.21544323028718,0.0366810636502002,-0.00904372164389922,-0.0736006535693508,0.324184480714118,-0.0799350559698016,0.0692231251033377,0.0704102264727659,-0.0312108120602863,0.0910215504981668,-0.0358847472036293,0.50914519669111,-0.075773565206427,-0.0415909444073425,-0.0157696462972479,0.0344720228410099,-0.00126488968897391,-0.075561214154009,-0.0794403075108681,-0.0256306982939474,-0.0170068861096051,0.0435139011598018,-0.0514284018426613,-0.0827863112465511,-0.0647173012098294,-0.0724570546724694,-0.0995229658953566,-0.105740132818954,-0.0937813768495713,0.0358139635194898,0.0136844769353028,0.0535017739239176,0.077872006509147,-0.0642122301302916,0.041946337488127,-0.00705956649786138,0.0727527240197613,0.00384259551972473,-0.0230507804730671,-0.0388075234945607,-0.0556791095412531,-0.0735040633337011,0.0415835711069115,-0.0393583090367718,-0.094859353372616,-0.0874005226564043
-0.00327042740626242,-0.037273139674826,-0.0435094771795433,0.12170185359242,-0.118050595218903,-0.0810012352121572,-0.0916069905524096,0.0533056441324473,-0.096422493064034,-0.0966444294070102,-0.128084182445694,-0.0183193335863611,-0.068544781463671,0.11856820090915,-0.0955347476921181,-0.107098294758387,-0.0392071563779326,0.0473907825265277,-0.0922071772075127,0.201511194789868,-0.0840095417880939,0.00447153804650695,-0.102378645152368,-0.0554896157201717,-0.0609841992015086,-0.0163174825192873,-0.0801179138205015,-0.0788946832789591,-0.0274872953425258,-0.0794454688211736,0.0254161352513975,-0.0778602092284601,-0.0764718167572631,0.0903586907893975,0.0670258815748372,0.0267138361272924,-0.0936973212246603,-0.0170356419812865,-0.0606103728696467,0.0392366495796564,-0.108820697739113,-0.0887107581430294,0.0719792648045213,-0.0739442493694451,-0.0969504213749096,-0.0832464051934602,-0.0511555897267073,-0.0701484743074586,0.0434055136434634,0.0335887014493513,-0.115806162567644,-0.114509199021793,-0.0166603409893387,0.0522475755205689,-0.0721363161037124,-0.080263905169036,-0.0979834207653234,-0.0866786765441881,0.0366810636502002,1.18798800880154,0.0447091131597009,-0.1051185635926,0.13470098225264,-0.102251087054908,0.0782701647324317,0.193407200285927,-0.104750635901087,-0.00628979393284253,-0.0959284819351436,0.10311081388517,-0.0970927260732291,-0.0956534578290596,0.0456514209548087,-0.0185169380379168,-0.028335224892115,-0.0846878854277646,-0.0899472606253478,0.515975084880537,-0.088246240215864,-0.0481229512593502,-0.0674564823200238,-0.108092952986552,-0.0615748005660489,-0.100217530795982,-0.0878687272337855,-0.138484960033958,-0.0793665745065571,-0.0417133411945004,-0.00387725003175047,0.0816427123496672,-0.00410287302494613,-0.0657473512800706,0.443606878478258,0.172298915811463,-0.0267824078213018,0.0160336104526856,0.668238900095316,-0.0861986746861176,-0.0290718176051928,-0.0462833128017638,0.593388103437848,-0.0698026665172356,-0.086655819312858,-0.0597963605020411
-0.030208043201642,0.108554521593536,-0.0423813622135688,-0.00461605473495827,-0.0327252879688563,-0.0479732732605974,-0.096000002949327,-0.000777514530470548,0.0477181570656767,-0.0368543362103343,-0.0182972136850667,-0.023325804579151,-0.0691803599608413,0.0989154059398124,-0.121782222567138,-0.0233066339980303,0.0613779334445351,0.0307285982120851,-0.0729820336631723,0.083014883559917,-0.0725293130166956,-0.0223127130999034,-0.0478796323451203,-0.0996040722000971,-0.0701315157164661,-0.108588438775529,-0.0910289237986025,-0.0822908254575746,-0.0206846883646923,-0.0786240831531326,-0.0440801706329186,-0.067376850675367,-0.0647615410124162,0.0230861723151371,0.0899317766944338,0.0154194145267657,-0.12462241789324,-0.00141456768772771,-0.0160033799209181,-0.0142330504873838,0.0337096235764231,-0.0420333424332152,-0.00947948369938356,-0.00679265302225091,-0.019600075871261,0.0169552730065865,-0.0942731759883359,-0.106671380663414,0.0360218905916502,0.0333365345746032,-0.0657547245805009,-0.0619272443266606,0.0112299052217525,-0.0588105502343882,0.0322062076184995,-0.0753016739788301,0.138866159666237,-0.109245399843949,-0.00904372164389922,0.0447091131597009,1.43417071291887,0.0312004894396829,-0.0113242834672723,-0.059484469893801,0.00133567337311382,-0.00675578652009526,-0.0335348763562038,-0.029930069775385,-0.0488676546029027,0.043353163210401,0.103716161850577,-0.0638524130692488,0.304585510837917,0.084982080114963,-0.0193855128287134,-0.0682999878893543,-0.11144043138232,0.0159075270153121,-0.0538379964235804,-0.0184690115851139,-0.0402563770292933,-0.0464624840022418,0.0212199899759989,0.0703785212809115,0.0149401499987374,-0.0714867283357226,-0.0798487883547572,-0.0371345216267197,0.0187985981143891,0.0978772452391043,-0.0195381401476397,-0.0275816735880452,0.0477505995875741,0.120362862234113,-0.0648389606669443,0.0216859825632505,-0.00551412272747981,-0.0187403490409821,-0.0989515351119389,-0.0766716331989494,-0.0404134283284787,-0.0284163311968581,-0.088364950352804,0.236865433027473
-0.0486022157873792,-0.0483279290113391,0.00946547442856469,-0.0322887885833288,0.0299337564256009,0.000576223428699219,0.0272380777879509,-0.12453320095802,0.0902864324451743,0.135843843819486,0.0414479023789767,-0.0199421970112699,0.0047509861328494,-0.113024953644985,0.0233103206482456,0.108979961028411,-0.0638347171482184,-0.0911867124278375,0.0862200572573631,-0.171637530762804,0.0346821619032993,-0.0729901442936462,0.0479061762266724,-0.0281265604899121,0.038230194070797,-0.0122658539323385,0.0279149467675355,0.0257641550317526,-0.0166876222009331,0.044460632935169,-0.132178576175143,0.0845404194191313,0.0251197285740646,-0.143074839552385,-0.10567524777516,-0.0689982394401888,0.0346563553517902,-0.030237536403366,-0.099424163669576,-0.121195307852816,0.104727041339694,-0.0591239155027146,-0.0596201386217351,0.0218194393010551,0.0222013762633919,-0.0995922749194093,-0.0611368265204354,0.0412584085578946,-0.093254923198783,-0.104375334909132,0.0296476723688701,0.0214360276786323,-0.00946473709852135,-0.0561170835868677,0.176531927589019,0.0104387500854838,0.0811339546199161,0.0386843893773595,-0.0736006535693508,-0.1051185635926,0.0312004894396829,1.28343243356336,-0.0998061006319131,0.0491839691914012,-0.0455076415964046,-0.102675789159741,0.00680961161324302,-0.0493211125794222,0.0759807549485444,-0.113836016692423,0.0883892822442252,0.0539412226296173,-0.0715317054683538,0.0416661520717414,-0.0125512006590255,0.0203543645053738,0.030278089555739,-0.133076644167663,-0.0318972663304317,-0.126964915440231,0.0129707414535615,0.103691092629113,0.190467465404002,0.0736854465243089,0.145002957615132,0.0480706008262886,0.0322703553322512,-0.0621233741181312,-0.111091674271922,-0.162219614122022,-0.052118542763023,0.00241070057598408,-0.108365027772462,-0.134136187439627,-0.0496462751284389,-0.0579773672856621,-0.0849474256029392,0.0400078968047613,-0.0528558728061442,0.0500171521401277,-0.0854163675103646,0.0478154846313687,0.0408543516942646,0.0759955015494057
0.0199856994838138,-0.0840279750391675,-0.0464020229387069,0.393408711812538,-0.0947944683288234,-0.0439422899148545,-0.0815402234736764,0.00517052692738524,-0.0319112756012508,-0.0738483964638391,-0.0913319664463247,0.0278648083246028,-0.0583246497359717,0.122577064353607,-0.0933662600352952,-0.0778609465585035,0.0387234678696453,0.0518597399178873,-0.0905754658220832,0.126767310988659,-0.064510848797756,-0.111604118651894,-0.071147556515888,-0.054548045255106,-0.104518376937504,0.0131499126540394,-0.084927517691779,-0.0761894193507482,-0.0266224072019453,-0.084025025718996,-0.00101788412452825,-0.0817496252059245,-0.0831984787406572,0.0680655169356387,-0.00718122595497594,0.117910502510691,-0.0982768781224846,-0.0806605887322403,-0.00384407017981157,-0.0161066061269547,-0.0534346768899933,0.013144751343738,-0.00399153618843507,-0.0705488445208731,-0.0453985167500185,0.0142382117976858,-0.0460731737394746,-0.08270299295168,0.0886694676606087,-0.0582553407119178,-0.0962307872528238,-0.0986145752822318,-0.043861183610112,0.0712094922395052,-0.00440444101258266,-0.0736478426921105,-0.0682859786185355,-0.0641893728989556,0.324184480714118,0.13470098225264,-0.0113242834672723,-0.0998061006319131,1.3863312650611,-0.101156151940869,-0.0068258328741918,0.173797907789132,-0.065314538544758,0.0198802612876474,-0.0418460606022623,0.431409227574901,-0.0118772809996134,-0.0849732321544499,0.0618527739923046,0.0583401336668765,-0.0474844234420076,-0.0699434965554714,-0.0980542044494629,0.0628806120724153,-0.0433656978211348,-0.0469513338208315,-0.103169062958592,-0.0822296270639963,-0.0277365128971005,-0.0974355845432836,-0.0551039921076195,-0.0930676413678317,-0.0574140471327173,-0.0269689523222119,-0.00385586746050095,0.0810506363250372,-0.0224852483299943,-0.0835162679892427,0.162127447866615,0.12140323492496,0.0675582338659748,-0.0141578428229867,0.104415150731449,-0.0416248615893266,-0.0338814214764703,-0.094725159304771,0.104099573472993,-0.067020720264539,-0.0633996924227727,-0.0423680902727921
0.0349350661080893,-0.0912398001909347,0.0587257572794287,-0.075123977438438,0.041466335630055,0.0409413566393531,0.0601650255236004,-0.119288572361307,0.0339551544807822,0.0579648326749272,0.0773654607695243,0.0129080683998957,0.0408985914968519,-0.132548715856789,0.0776316369150919,0.0467441440787146,-0.10590308275848,-0.156796551654866,0.0857901938422226,-0.162405421292887,0.0469815643525995,-0.046657876463669,0.0668002585816455,0.0301822366501323,0.0439349166144243,-0.0925220171359242,0.0836932271995865,0.104930544431598,0.0626321318478835,0.0705628537916925,-0.101398733525054,0.0563515545405802,0.056052935873116,-0.142124421126803,-0.0777326511310021,-0.0731088544305883,0.0604518469103753,-0.0693152913587321,-0.0821404101287791,-0.0842808792439589,0.0584411478827842,-0.0384661396845958,-0.0858919453881778,0.014564849006789,0.0231517946889754,-0.0767873940157184,-0.0375651223719022,0.0689709582285941,-0.111168356596411,-0.103118187185614,0.0436340859568302,0.0787479546003769,-0.0363500024608391,-0.0780179978576884,0.0557874970575923,0.0260354924876202,0.0146806098235591,0.048376592794184,-0.0799350559698016,-0.102251087054908,-0.059484469893801,0.0491839691914012,-0.101156151940869,1.19776205585314,-0.133508719572932,-0.106709721825657,0.0589838227945212,0.0369767329974916,0.106530550625169,-0.11909686655009,0.0381925902385986,0.0676209069196392,-0.0678974056858105,-0.0525461941880335,-0.0103738650416889,0.064706978589225,0.0602911089609745,-0.0954720746384501,-0.0114695374857668,-0.0780880442117837,0.017601911454404,0.062236185614727,0.0386666934563253,0.0534715433921496,0.0465730835087108,0.083298018296474,0.105455523422297,-0.0451463498752717,-0.0687328006246666,-0.145395954528134,-0.0844482531637476,0.0253689461286394,-0.107644656320335,-0.132112216471262,-0.0776050930335399,-0.052502691715489,-0.101557259484327,0.0478597244339561,-0.0932372272777584,0.0861647575041298,-0.105476905993557,0.0776751393876358,0.0520035192762963,0.0507205650012658
0.0203764844066676,0.177006030806753,-0.155360232730867,-0.0368484375699889,-0.155902907642603,-0.11824008903998,-0.132679960604463,0.158925960819377,-0.109353050030253,-0.0641023679538743,-0.0914779577948687,-0.00763173461132249,-0.14818896073147,0.107401337406093,-0.145042773437475,-0.131377835748312,0.372452317326944,0.464954795216729,-0.108435074126563,0.216262956962588,-0.117337597067204,0.115382935122868,-0.136473523676327,-0.088434259376859,-0.0746048970880811,0.123656515536735,-0.1149796155893,-0.053560760327367,-0.165256676569638,-0.129720317811376,0.233177308151781,-0.122690613180262,-0.105735708838694,0.412146480198382,0.0712721652931742,0.105955433191535,-0.151563720338837,0.02800563836284,0.00528849973428418,0.178367142066345,-0.110708999979545,-0.028026283604047,0.179439957279086,-0.0738388111732784,-0.0889467037568276,0.131109447612603,-0.006651085653972,-0.131618942672414,0.0765610336924794,0.172259099989131,-0.159179602354233,-0.13058373129187,0.016495179059679,0.090310764336597,-0.106001147654222,-0.0807719255687459,-0.0698889341322821,-0.123764165723045,0.0692231251033377,0.0782701647324317,0.00133567337311382,-0.0455076415964046,-0.0068258328741918,-0.133508719572932,1.20123488035625,0.117827184215816,-0.0758893260231977,0.0180472588004485,-0.151187682016846,0.0583570922578681,-0.0911594312162391,-0.137876662748384,-0.0126750721062696,0.0627183994629289,-0.00752555908511328,-0.121389962984194,-0.132170465544669,0.121703328252499,-0.0430515952227655,0.19866952480368,-0.0759394644661295,-0.0778513612679493,-0.0807933081400014,-0.138299890193132,-0.083929172813397,-0.162687818699402,-0.125117166352173,0.0553952374746491,0.017622556695611,0.245618277969363,0.0433922417026865,-0.0898735276210308,0.0167451339442967,0.00416333408848185,0.0134278860802959,0.0702767697349601,0.0830281555006921,-0.0834860374574736,0.105841147034844,-0.121940011196365,0.0854731419236807,-0.119157327613623,-0.121824250379595,-0.110531303439153
0.11258550493928,0.0194607204931115,-0.0889164732250645,0.130432578633019,-0.121358995122384,-0.0644489130741337,-0.0971391778659456,0.0184041265413191,-0.0830141462298771,-0.0994160530391045,-0.131775993971596,-0.0746152197086849,-0.129901701001983,0.199456993289736,-0.117400270120868,-0.100284627829901,0.169664435567389,0.0693875497029575,-0.103413856532906,0.225655067051864,-0.116457224995718,0.0704072771525934,-0.128385013103288,-0.113242466007713,-0.115363027211726,0.119015760245332,-0.0687033074229444,-0.109655355347926,-0.0478958536060695,-0.0885817253854855,0.15622512087143,-0.115598972825523,-0.0839977445073991,0.161048734013521,-0.00629348058305879,0.129610455634936,-0.111652045104698,0.0185338966289081,0.0470405507560491,0.0921363935233617,-0.0936486574418096,-0.0144933279926056,-0.0186703026868864,-0.0810100831726729,-0.054862885183519,0.00492720801315566,-0.0351400438600778,-0.105970179792408,0.121993836289497,0.122759184874251,-0.14127575424717,-0.109459225556453,-0.0335415123265911,0.00338987487324808,-0.0847232772698304,-0.120763232447543,-0.0850351678780711,-0.117439348613153,0.0704102264727659,0.193407200285927,-0.00675578652009526,-0.102675789159741,0.173797907789132,-0.106709721825657,0.117827184215816,1.19885477897705,-0.0845175621877994,0.115470677398012,-0.108975537048168,0.0694362134858035,-0.0912759293630466,-0.121429778806526,0.0727092215472158,-0.0679114149566301,-0.0159237482762607,-0.127794411738745,-0.117333910416988,0.145128303722453,-0.061955262868299,0.152927043588549,-0.10105440039492,-0.124360665727929,-0.0655733413898943,-0.10835691714199,-0.0967749368246431,-0.110660336196699,-0.121859642221664,-0.0127384824899781,0.0708769563900589,0.102029150711918,0.0555449154734054,-0.0797145942869107,0.285630230089364,0.190921660710565,0.190907651439747,-0.00491172408224927,0.160130758109836,-0.0883568397223314,0.166993826151206,-0.0841754410477939,0.215103136804758,-0.0943520703029498,-0.130375804219715,-0.090173620948582
0.00107244654771886,-0.07257502747937,0.00983340212008203,-0.0398958226382079,0.021023122854484,0.00324462085475387,0.040795365290815,-0.0691840466110568,0.0298452768204266,0.00677200778104408,0.0449598053743622,0.0110219781495933,0.0379389487037648,-0.101001312631815,0.0255953064518764,0.0447046891794426,-0.0876984039938239,-0.111983106294057,0.0170371166413729,-0.125643620002962,0.0413380402025526,-0.0517646243423248,0.0696684724493859,0.0296764282405516,0.0497170588125779,-0.0773079490261626,0.0349542366892114,0.0597956231719979,0.0542280440163916,0.0324827063846704,-0.0946197211085997,0.0576861219186287,0.0410541681359508,-0.114487816450539,-0.0754012135346528,-0.057204645400471,0.0263591803765501,-0.0849275176917748,-0.0614052146561299,-0.0854001462494182,0.0291794677914877,-0.0326073151619575,-0.0225213775021061,0.0390574783791793,0.0185051407572274,-0.0280631501062032,-0.00701458936523137,0.0191584151754323,-0.0911999843686055,-0.0746380769400218,0.0262581661606432,0.0507898740253196,-0.00188867090545381,-0.0267632372401809,0.0292096983232565,0.0540555087863013,0.0316583713964611,0.0449568560541885,-0.0312108120602863,-0.104750635901087,-0.0335348763562038,0.00680961161324302,-0.065314538544758,0.0589838227945212,-0.0758893260231977,-0.0845175621877994,1.17389910633758,-0.0020236023033454,0.0595552535779403,-0.0640079897083477,0.0204332588199878,0.041503202132211,-0.0672529792281231,-0.0328845512581705,-0.0052051814394118,0.03092104135334,0.0344801334714845,-0.114304958599848,0.0255223107776084,-0.0705422085504848,0.0585812405909774,0.0555191089218959,0.0258917131292116,0.0299610376371965,0.0231392600782414,0.0521959624175506,0.0556429803691406,-0.050943238674288,-0.0786705349458506,-0.110167799727893,-0.074065171496517,0.0398161909935507,-0.114668462311105,-0.105855893635724,-0.0906868026585934,-0.0205718768680946,-0.0933212829026663,0.196040943199954,-0.0799402172801095,0.0420267064628268,-0.0929467192407589,0.0391348980337071,0.0315603065007257,0.0232225783731145
1.04142228016001,-0.0645993284029301,0.0385900111318408,0.116536856640359,-0.0634033790729891,0.004012181429642,0.0197084633876001,-0.0625886293753408,-0.0561148715967381,-0.0342522984881607,-0.0683759328837961,-0.0273951290871354,-0.0642011701796466,0.000220093017871767,-0.0372067799709454,-0.0337405914382332,0.0146732365231277,0.041152233031685,-0.0309652811559269,-0.0552485087960713,-0.0351901823030095,-0.0490033233308368,0.011927419442546,-0.0550568029848601,-0.013621803881637,-0.0425701187046073,0.0000645163787730776,-0.00454010974051721,-0.00980095959818421,-0.0182802550940743,0.03052656978027,-0.00718638726527748,-0.0358574659920341,0.0191702124561215,-0.0832220733020403,0.0238493089097673,-0.0418873510846771,-0.0746513488807981,-0.0321885116974648,-0.0216763972726901,-0.0514129179117567,-0.0201073589409288,-0.0220605462251554,0.00692832175018578,-0.0386991359782224,-0.0453926181096736,-0.0513362355872719,-0.0581366305749761,0.0188398885968035,-0.0203462538748999,-0.0569414185750771,-0.0603987591472707,-0.0192181389089255,-0.0348908263055027,-0.0454014660701915,-0.00974344785482135,-0.0479371440884845,-0.0402364691181292,0.0910215504981668,-0.00628979393284253,-0.029930069775385,-0.0493211125794222,0.0198802612876474,0.0369767329974916,0.0180472588004485,0.115470677398012,-0.0020236023033454,1.14752186137497,-0.0175097451990139,0.0344528522598887,-0.0280292329242198,-0.0126337816238548,-0.0673289242225648,-0.0268259102938461,-0.011492394717104,-0.0298106223083995,-0.0421247713585622,0.0142153545663492,-0.00399964681890867,-0.0276760518335647,-0.05122711074089,-0.0200889256898515,-0.0289354115472155,-0.0600632739776506,-0.0648913111000067,-0.0662774915810739,-0.0148273385021396,-0.065895554618737,-0.027829416482534,0.0366029066656294,-0.0794321968803948,-0.024902953541387,-0.00209807263770087,0.00410729700520501,-0.0219787025903699,-0.0408919555264633,-0.000304885972830729,-0.00478932729509126,-0.0803995738969781,-0.00965644290973247,0.0018333711522198,-0.0183761079996806,-0.065212049668764,-0.0595935947401831
-0.0196280944128995,-0.0929688391420531,0.0585303648180022,0.0155491846143548,0.0618984884549784,0.0606833685439145,0.0655674427495474,-0.0624323154061985,0.0460289339368874,0.066051131257835,0.0675847777475267,-0.0233280165692802,0.0713761288292537,-0.154215159173899,0.088325134530472,0.0735409298358574,-0.134777664577143,-0.157068626440777,0.0888921413336294,-0.168505352739627,0.0690240459916986,-0.0599659464119579,0.104025840468684,0.0296034325662829,0.0422058776633046,-0.0654951844053229,0.0722255330389291,0.0527445359696327,0.0175775795629802,0.0579449247637638,-0.130426679992688,0.0586099964626589,0.0642925991049916,-0.160493524491076,-0.112281724961527,-0.07974556214872,0.0368683454811534,-0.07104433030985,-0.0659257851505054,-0.0895373051213693,0.0616197776986789,-0.0599025360282505,-0.0837868681150665,0.0422051403332618,0.0590737770597825,-0.108269174866856,-0.039600890620959,0.0370290834305535,-0.114891135984129,-0.12271420774164,0.0567814179557184,0.0653632023276028,-0.0181416370459691,-0.0406390513216738,0.0603464087142092,0.0790576332184875,0.0472285699170448,0.0487946589286332,-0.0358847472036293,-0.0959284819351436,-0.0488676546029027,0.0759807549485444,-0.0418460606022623,0.106530550625169,-0.151187682016846,-0.108975537048168,0.0595552535779403,-0.0175097451990139,0.977676411281981,-0.0860121301852076,0.0302522830042291,0.0750937469066701,-0.0808220640116818,-0.0244458089146512,0.00185327906338538,0.0730233241455857,0.0575651997915562,-0.10425588744215,-0.0184129745018363,-0.100904722396163,0.0276819504739101,0.0575932183331954,0.0543445421632043,0.0615578419750569,0.0384027293008875,0.0813389323719042,0.0716732728366317,-0.0603714779356754,-0.0680846875167637,-0.1429074656326,-0.0955325357019839,0.0395898306703124,-0.107916731106245,-0.114900721274689,-0.0557159760434098,-0.027546281745975,-0.102902886813023,0.0597801392410918,-0.0637565601636433,0.054759658977481,-0.100841312012454,0.0643670694393473,0.0583261243960577,0.0377192243509145
0.0331780086153329,0.00715025809316539,-0.0516901540079696,0.355070498890418,-0.104760221191646,-0.0565152418101522,-0.0824574620473196,0.0612282554457808,-0.0425671693844347,-0.102831365798838,-0.0980003793563139,-0.0416831106627324,-0.096049404062212,0.0781042654727326,-0.102948601275697,-0.0958783434922142,0.0634181256738491,0.0708032233857469,-0.109819779947543,0.176076994952415,-0.0607504655778398,-0.0717263605997366,-0.0868644837150595,-0.0869050368674258,-0.0894090096938649,-0.0057876721734773,-0.0817039107432521,-0.0662177678475806,-0.0566789290797255,-0.0946809195021824,0.0246736438979763,-0.0631895533604828,-0.0935476432259061,0.0692187011230821,0.000720002787107303,0.0923015554530182,-0.0972770585840129,0.0152719485181421,-0.0159569281282014,0.013802449742202,-0.0868652210450978,-0.0100870436549149,0.0993791865369348,-0.0463142806635751,-0.0427116860728861,0.00419577661038001,-0.0176210820355247,-0.0502634203745304,0.112904031517905,0.0397476192995403,-0.101058824375181,-0.134882365443268,0.0154938848611212,-0.0642085434800762,-0.0572356132622822,-0.0849171950711738,-0.0725772394694991,-0.0853507451365272,0.50914519669111,0.10311081388517,0.043353163210401,-0.113836016692423,0.431409227574901,-0.11909686655009,0.0583570922578681,0.0694362134858035,-0.0640079897083477,0.0344528522598887,-0.0860121301852076,1.2088175825197,-0.0482217534851285,-0.0869640232708769,0.124198453118428,0.0209987909630621,0.0112571864333487,-0.0753849922737027,-0.0844018013710303,0.0335909134394804,-0.0357711983769892,0.0172347210929299,-0.0782443581809269,-0.11427988937838,-0.0337147848867253,-0.104027315128785,-0.0959727217377283,-0.123890986490463,-0.0640057777182178,-0.0150035603824455,0.00105475062668521,0.107432305267896,0.037636643386085,-0.0768419564389106,0.096797056725925,0.0350618868755062,0.032824090194635,0.0146009781789016,0.0787295213492971,-0.0493668270420951,0.0210260721746569,-0.0546173542791594,0.0755000157604284,-0.0101961685012972,-0.0912324268905088,-0.0636828271593307
-0.0202555622795962,-0.0738122672917291,0.0131971017767989,-0.0410563801260795,0.0874196932375201,0.0214846914614779,0.00305733902380083,-0.0978735585888966,0.145931993469455,0.0627397820341788,0.110129458565644,0.00894123276790584,0.0248926309207829,-0.10538252774804,0.0183768453297229,0.0851826338866855,-0.0940733595466519,-0.12464601245462,0.0352771872480979,-0.155713413821522,0.028061675446118,-0.0990879411699136,0.0450431236692346,-0.0197173113481175,-0.0182338033013583,-0.0992494164493599,-0.0218776883744616,0.0323330283859161,0.045782665702485,0.0146054021591601,-0.136421910573304,0.0396554530441497,0.000708942836461027,-0.138346341985852,-0.116053168132091,-0.0327533065104951,-0.00969183475180214,-0.116300911026575,-0.112946059330375,-0.11838386839839,0.119040829466797,-0.0824611486975339,-0.0696913296807229,0.0710236850686423,0.120865721323528,-0.106979584621437,-0.0527275773786404,0.0116332247553404,-0.106393407237157,-0.105321329354464,0.0587611491214987,0.0892740782959657,0.0122105541791039,0.0178555529892373,0.152811282771778,-0.0196465276639786,0.225884376695272,0.0121264985541878,-0.075773565206427,-0.0970927260732291,0.103716161850577,0.0883892822442252,-0.0118772809996134,0.0381925902385986,-0.0911594312162391,-0.0912759293630466,0.0204332588199878,-0.0280292329242198,0.0302522830042291,-0.0482217534851285,1.3119066451686,0.0353582935528415,-0.010518381730141,-0.0101969058313408,-0.0197084633876003,0.0171079003255123,0.0136889009155606,-0.108564106884107,-0.033226672398179,-0.119552536516736,-0.0213320641425524,0.0353413349618502,0.0360034573405721,0.121739457424619,0.149194678910267,0.125800671302128,0.0203587884856322,-0.092975475112442,-0.095857698251003,-0.139777499599549,-0.121158441350654,0.0621971071224423,-0.0838524904889048,-0.115834918439327,-0.128348146601126,-0.0639843951469674,-0.0852799614523866,0.0324672224537647,-0.133244755417498,0.0197785097416966,-0.107066589566524,0.0518538412775421,0.0131462260038236,0.187772524096398
-0.022727092584137,-0.0877861462689577,0.062716187472799,-0.0384668770146393,0.0217619275576917,0.0693167660188145,0.0628518562007338,-0.040686240444433,0.0309674931460567,0.0735342938654686,0.0231540066791044,0.000105069531144274,0.0781691505165273,-0.133542636754915,0.0612245687955653,0.0574059365022423,-0.0940143731432014,-0.147975135018969,0.0461483814038728,-0.1634760245155,0.0652349069001001,-0.0600743339282975,0.0425715933646932,0.066839337073931,0.0402571143593362,-0.0708946523110969,0.0629152665844413,0.0464248801700422,0.0418541712327369,0.0641244878551603,-0.100475596311069,0.0487629537367792,0.0470840532285928,-0.148639469387821,-0.107482443710847,-0.0841481598361985,0.133456369139848,-0.0134876098137888,-0.0414191465072948,-0.096930513463745,0.0599010613681635,-0.0108575535499767,-0.0974680270651822,0.0206257019612419,0.0380311149591549,-0.112288360931911,-0.0239127192934754,0.0780224218379457,-0.0831763588393641,-0.0941434059007447,0.038499319536536,0.0539825131120325,-0.0369605117365425,-0.0635987715344152,0.0585510100592087,0.0607755347993043,0.0546350502001941,0.0591150675421963,-0.0415909444073425,-0.0956534578290596,-0.0638524130692488,0.0539412226296173,-0.0849732321544499,0.0676209069196392,-0.137876662748384,-0.121429778806526,0.041503202132211,-0.0126337816238548,0.0750937469066701,-0.0869640232708769,0.0353582935528415,1.05544556025012,-0.0767129236813638,-0.0641989581895163,-0.01512521983956,0.0533609438856807,0.124783893172662,-0.0976929127283311,0.000649219102968438,-0.0917345486498705,0.0262699634413329,0.0440654240320562,0.0372893609357753,0.0591489847241798,0.0293225098198538,0.0336875036751286,0.050323881438066,-0.0374751681066419,-0.0749411195877446,-0.137954819732954,-0.056839667029126,0.0535909908591345,-0.0817230813243739,-0.1285818802248,-0.0724644279729012,-0.0399238411798455,-0.0800832593084719,0.0388908417894334,-0.0716098624529245,0.0304963392485022,-0.0642188661006805,0.0527563332503221,0.0528499741657983,0.0254183472415282
-0.0636194167756237,0.101061773695332,-0.0449664413447501,-0.0170164714001665,-0.0910584170003301,-0.0576131262443603,-0.0664551881214661,0.0697923438966265,-0.033849716284616,-0.0954941945397418,-0.0940372303745393,0.00660242187112662,-0.0553554216523238,0.0763929224426485,-0.0973751234797449,-0.0673768506753672,-0.00861090890858766,0.130974516214702,-0.0581602251363554,0.113403203957101,-0.0833960831922152,-0.0390073399362464,-0.0809842766211662,-0.0487415711655291,-0.0757072055025469,-0.0236023033453215,-0.0870960053485962,-0.0799682358217433,-0.0414434783987183,-0.0893374886796838,0.029326933800113,-0.0649008963905667,-0.0628223629990087,0.0118359905171983,0.173537630283901,0.0591504593842661,-0.095000920740895,0.00750270185377722,0.137766800571934,0.00173899290670087,-0.0399599703519593,0.0207916012209448,-0.0139049386181953,-0.0368300043189106,0.0599416145205357,0.0106894423001452,0.0743733754545331,-0.0867118563961285,0.0273789078261871,0.0350456656145577,-0.109824941257847,-0.109984941877203,0.0651596992357012,-0.026121760102666,-0.013090926250591,-0.0816441870097569,0.0101386567579345,-0.0922764862315636,-0.0157696462972479,0.0456514209548087,0.304585510837917,-0.0715317054683538,0.0618527739923046,-0.0678974056858105,-0.0126750721062696,0.0727092215472158,-0.0672529792281231,-0.0673289242225648,-0.0808220640116818,0.124198453118428,-0.010518381730141,-0.0767129236813638,1.2721852010856,0.0149932377618423,0.0157571116865151,-0.0661307629024921,-0.0799018761178633,0.0263584430465072,0.00591965425119637,-0.0393044839436243,-0.0140089021542761,-0.0715154842074045,-0.0460849710201643,-0.0410954586183647,-0.0561989272216544,-0.127596069957148,-0.0724651653029443,0.0874963755619937,0.0587722090721459,0.120520650863347,0.0406029221495596,-0.0527880384421763,0.0298290555594777,0.155658851398308,-0.0232550208950119,0.0340539567065606,0.0547803042186886,-0.0545288746739859,0.00765901582291747,-0.0588592140172345,-0.0127856716127387,-0.0660452326174906,-0.106286494380908,0.0365166390505842
-0.0218128033306672,0.132976367281782,-0.0549203969268824,0.0083034422806068,-0.0454176873311395,-0.0290725549352353,-0.0601524909128686,-0.0440661613620997,0.0112542371131759,0.0025205627524086,-0.024011521519254,0.0227971389382342,-0.0488993597947567,0.0922809102118082,-0.0543415928430327,-0.0292509888056706,0.0703866319113863,0.0748578012928713,-0.0313833472903766,0.0108936827220897,-0.0304705326969928,-0.0631475255480252,-0.0494530946571405,-0.0343105475615664,-0.00522140270036043,-0.0342463998478155,-0.0602424451781293,-0.0500473826718965,-0.00753514437567373,-0.0423931594942577,-0.0159775733694083,-0.0298423275002537,-0.0306010401146248,-0.000955211070862842,0.144949869852021,0.0652231096194104,-0.0838672370897675,-0.0158706605131557,-0.0481730897022833,-0.012432490522083,0.00736777045588563,0.0282445332968114,-0.0210983305188838,-0.0406493739422771,-0.0648057808150046,0.0521126441226779,-0.0109593050959275,-0.0433715964614791,-0.00795689716033887,0.00323724755432236,-0.0741529137716484,-0.033901329387634,0.0144874293522605,0.0127709250118749,0.0485764092358697,-0.0460488418480507,-0.0251971482285917,-0.0566811410698549,0.0344720228410099,-0.0185169380379168,0.084982080114963,0.0416661520717414,0.0583401336668765,-0.0525461941880335,0.0627183994629289,-0.0679114149566301,-0.0328845512581705,-0.0268259102938461,-0.0244458089146512,0.0209987909630621,-0.0101969058313408,-0.0641989581895163,0.0149932377618423,1.19445881725998,-0.00692610976005549,-0.0657326046792076,-0.062863653481424,-0.017335735308837,0.000336591164684906,-0.0234931784989396,-0.0296373497482659,0.00525826920251755,-0.00650214498526178,-0.0364030902239432,-0.00265991813055901,-0.0544263857979917,-0.032345562996649,-0.0084951480918175,-0.00347909180846605,0.0022912531089978,-0.0163572983416155,-0.0496293165374463,-0.0526663789850616,0.0858160003937238,-0.0112011493500714,0.217492823474513,-0.0561642727096272,-0.0169397890756817,-0.0777503470520375,-0.0535533870269366,-0.0381527744162695,-0.0424890123998632,-0.0537443555081048,-0.0276517199421415
-0.0111569095474838,0.0700172295597827,-0.00922068085424855,-0.0274334702493779,-0.0379824511763089,-0.0262382582494796,-0.0179801617665253,0.00569771790821702,-0.0334545073815023,-0.0217140011048886,0.00451135386883554,-0.011329444777574,-0.0191495672149143,-0.0141571054929433,0.0919653329533499,-0.0213556587039328,-0.0311437150263622,-0.0134831858335301,-0.0166632903095105,-0.0417900235189848,0.0000460831276956055,-0.0424462472573626,-0.021620360189413,0.00310747746673239,-0.00821496267543141,-0.0474387089793345,0.00202065298317263,0.00784482299378531,-0.00953183413244572,0.0177228335814754,-0.0648271633862581,-0.0189563867436164,-0.0170312180010281,0.0535629723174965,0.039585406690053,-0.026798629082251,-0.0125556246392842,-0.0237718892552405,-0.0339131266683243,-0.0223274597007656,-0.017326887348319,0.0234872798585945,0.0292023250228252,0.0138688094460828,-0.033138930123047,0.0581675984367868,0.00813164438055926,-0.010401146253285,-0.0399363757905795,-0.0176232940256551,-0.0169508490263277,-0.0455599920294618,0.0118772809996138,0.0090872241164442,-0.0320963454420744,-0.0220502236045527,0.00110193974944465,-0.0194931630150087,-0.00126488968897391,-0.028335224892115,-0.0193855128287134,-0.0125512006590255,-0.0474844234420076,-0.0103738650416889,-0.00752555908511328,-0.0159237482762607,-0.0052051814394118,-0.011492394717104,0.00185327906338538,0.0112571864333487,-0.0197084633876003,-0.01512521983956,0.0157571116865151,-0.00692610976005549,1.19690675300313,-0.0188059714148201,-0.0221482885002868,-0.067488924841922,-0.025891713129212,-0.0382191341201504,0.0439747324367519,-0.0102345096635392,-0.0259824047245155,0.000324793883995228,-0.0446847812682776,-0.0176985016900526,0.00683615549479651,0.0161169287475578,0.0206728910840019,0.0343415154233779,-0.0201176815615322,-0.0202629355800277,-0.0585738672905495,-0.0821212395476647,-0.0700961238743973,0.0013990837568228,-0.0411374864308243,-0.0031399199886301,-0.0172509423538783,0.0069460176712203,-0.0235860820843727,-0.0305295191004423,0.0189475387830986,-0.0288049041295825
-0.0298585487612024,-0.0894731574076169,0.0566582838385181,-0.0452149215692812,0.012483366295059,0.0814325732873764,0.0613948920355266,-0.0545657411761417,0.02851365876255,0.0634889093579899,-0.00813238171060201,0.00585624386748792,0.162903119071967,-0.156624016424776,0.0719600942234055,0.0380053084076454,-0.128751466134715,-0.139079985378754,0.0407806186899527,-0.170990892314988,0.0372458584632313,-0.0874499237692941,0.0566044587453696,0.0793385559649165,0.215016131859674,-0.0537944939510375,0.0457384258998979,0.0261040641816304,0.0438479116693355,0.0530055508048977,-0.112591403579632,0.0577347857014745,0.0690151980311813,-0.146569046626733,-0.109246137173993,-0.109606691565078,0.102246663074635,-0.0621042035370094,-0.0365881600647674,-0.11395398949932,0.0181091945240709,-0.00510637921363376,-0.070859260469027,0.0393361891354789,0.0114990306874916,-0.0857562766602452,-0.0187750035530095,0.0995701550181044,-0.109938490084483,-0.157789735222952,0.0463209166339626,0.0216992545040273,-0.0325129369164375,-0.0347662175282158,0.02066994176383,0.109622175495976,0.00885570248290454,0.121994573619537,-0.075561214154009,-0.0846878854277646,-0.0682999878893543,0.0203543645053738,-0.0699434965554714,0.064706978589225,-0.121389962984194,-0.127794411738745,0.03092104135334,-0.0298106223083995,0.0730233241455857,-0.0753849922737027,0.0171079003255123,0.0533609438856807,-0.0661307629024921,-0.0657326046792076,-0.0188059714148201,1.3149385463059,0.0911203527239432,-0.0989965122445694,0.000495854453999215,-0.117116398054266,0.0192151895887523,0.0472860816604083,0.0291610345404103,0.028322690281382,0.0376808831886727,0.0174308508844001,0.0548481385826558,-0.0100995782656491,-0.0436547311980374,-0.134810844429084,-0.0809179169172829,0.0511371564756284,-0.11377629295893,-0.139394087977125,-0.0437085562911852,-0.0238972353625705,-0.100404075296886,0.0247046117597867,-0.0700762159632327,0.0567983765467102,-0.0901374917764675,0.0433244073387196,0.067342933493383,-0.00970215737240562
-0.0417892861889422,-0.0816965374428206,0.0855992253610511,-0.0586793054867126,0.0345995809384691,0.0688116949392796,0.0871918582541957,-0.0416514054708787,0.0180398855000175,0.0336145080008594,0.026022957876888,0.0308097045168283,0.0715294934782233,-0.150150995976217,0.0783564323474794,0.0484658097294013,-0.0679873599510714,-0.140045150405202,0.0803804033158452,-0.18982303894634,0.0589019791597342,-0.0608861343057735,0.0498881193825812,0.0493107899588176,0.061146411810995,-0.0776109916738861,0.064327253617018,0.0411655049724617,0.0427293819939207,0.0439120593830866,-0.10420132501896,0.0648212647459096,0.0816228044385048,-0.164174276066337,-0.0900438508609926,-0.0912479108214081,0.644422402372464,-0.0722712475016042,-0.044301369645855,-0.0738174286020284,0.0225117922115458,0.015322824291117,-0.111009093307099,-0.0133128625935695,-0.00633624572555878,-0.0989139312797399,0.00357125806385663,0.104816258274912,-0.114200995063766,-0.12585818304551,0.0376108368345755,0.0277888633301618,-0.0559460230168643,-0.0765263791804569,0.00406158254253118,0.0735365058555984,-0.00315171726931957,0.0769370720144712,-0.0794403075108681,-0.0899472606253478,-0.11144043138232,0.030278089555739,-0.0980542044494629,0.0602911089609745,-0.132170465544669,-0.117333910416988,0.0344801334714845,-0.0421247713585622,0.0575651997915562,-0.0844018013710303,0.0136889009155606,0.124783893172662,-0.0799018761178633,-0.062863653481424,-0.0221482885002868,0.0911203527239432,1.05251835997893,-0.109546967831591,0.0269062792685463,-0.104968885593849,0.0342766303795831,0.0452473640911783,0.0375511131010834,0.0265907020100905,0.0208424769939201,0.0663091967729272,0.0340989338391917,-0.0208033985016346,-0.0565056565195926,-0.147661769750642,-0.0926186073715724,0.0352956204991761,-0.0964910647580428,-0.137598689322125,-0.0948239615305479,-0.0178076265364355,-0.0825053885001229,0.0327112786980374,-0.0906720560577351,0.0460945563107246,-0.0822075071627014,0.0429727009081515,0.0748895064847252,-0.0106673223988503
0.0100265825913795,0.000102120210971824,-0.0580481509698012,0.0474276490286871,-0.129752023003234,-0.0907856048843758,-0.0904257878233307,0.0734273810092161,-0.100762417697844,-0.0951564973799933,-0.162100166655036,-0.0582398567810119,-0.0960427680918262,0.142830783308091,-0.1094599628865,-0.129458565646072,0.0891900226710473,0.00340609613419693,-0.103985287316326,0.338036700234235,-0.0881961017729365,0.120216133555525,-0.116533907320203,-0.0865916715991028,-0.0256026797523083,0.101420853426331,-0.0784766171445103,-0.0833879725617421,-0.0764563328263596,-0.108017007992112,0.111024577237984,-0.0919387890718161,-0.0683892048245718,0.173896710014903,-0.0117725801334899,0.0778152320958273,-0.122345542720083,0.0463349259047817,-0.104211647639564,0.133050100286088,-0.11461758653813,-0.113371498765252,0.0536831571145235,-0.081044737684701,-0.0798192951530338,-0.00338913754320527,-0.066231039788357,-0.0892114052423107,0.123799557565104,0.13806099525914,-0.113858136593718,-0.129584649083445,-0.0682365775056462,0.097137703205852,-0.101781407817438,-0.0792360670889272,-0.123487666956878,-0.114023298523375,-0.0256306982939474,0.515975084880537,0.0159075270153121,-0.133076644167663,0.0628806120724153,-0.0954720746384501,0.121703328252499,0.145128303722453,-0.114304958599848,0.0142153545663492,-0.10425588744215,0.0335909134394804,-0.108564106884107,-0.0976929127283311,0.0263584430465072,-0.017335735308837,-0.067488924841922,-0.0989965122445694,-0.109546967831591,1.11466495999342,-0.102784914006124,0.129197550810785,-0.0956446098685418,-0.137354633077853,-0.10256887630349,-0.11575307480454,-0.0968095913366711,-0.135770110815186,-0.097355952898625,-0.0742723612386333,0.0586498122849871,0.111196375138038,0.0284414004183238,-0.0795192018254841,0.367032204179979,0.164124874953425,0.0746992753335923,0.0396060519312604,0.519429476132565,-0.0971332792256021,0.0978683972785743,-0.0749315342971852,0.485987134696768,-0.0746026850979545,-0.0988940233685787,-0.0877544410771031
-0.00358747932480449,0.0183112229558863,-0.00855265983518041,-0.0133460424455099,-0.0215178713134186,0.0230463564928086,0.00737956773657603,-0.0216999918340698,-0.00265033283999746,-0.0043292333481843,-0.0469646057616073,0.0114230856930505,0.0239237792441221,-0.11095231889378,0.00713256217213027,-0.00765164252248665,-0.0231141908567759,-0.00476352074358223,-0.0422206242641674,-0.099017157485775,-0.00434692926921897,-0.0614089013063464,-0.0207222921968914,0.00377549848580117,-0.00739357700739469,-0.0176314046561287,-0.0174787773372023,0.00437199849068625,-0.00533642618708729,-0.00262010230823,-0.0795722895885869,-0.0230426698425926,0.00901865242243287,-0.033570268198273,-0.000311521943218346,-0.0492886700575248,0.0226194423978418,-0.0616750774519131,0.320107045575661,-0.0707361263518269,-0.0311518256568367,0.30841667774197,-0.0359230883658721,-0.0544005792464823,-0.0722690355114745,-0.0205305863856801,0.421964029722528,0.00821053869517325,-0.0455563053792467,-0.0379662299153602,-0.00876796020777268,-0.0129154417003274,-0.016057205014065,-0.0460694870892591,-0.0351857583227509,-0.0136372878125428,-0.0490704203647607,0.0220465369543366,-0.0170068861096051,-0.088246240215864,-0.0538379964235804,-0.0318972663304317,-0.0433656978211348,-0.0114695374857668,-0.0430515952227655,-0.061955262868299,0.0255223107776084,-0.00399964681890867,-0.0184129745018363,-0.0357711983769892,-0.033226672398179,0.000649219102968438,0.00591965425119637,0.000336591164684906,-0.025891713129212,0.000495854453999215,0.0269062792685463,-0.102784914006124,1.19939302990853,-0.0844806956856454,-0.00941828530580411,0.00500315300759739,-0.0158824577938455,-0.060353044684598,-0.0363485278007526,-0.0335171804351683,-0.036741524713736,0.297212210406706,-0.0302662922750489,-0.0205084664843866,-0.0426077225368065,-0.00310821479677649,-0.0865850356287106,-0.0650432010888894,-0.0414390544184598,0.00620795029805642,-0.0799608625213117,-0.00584592124688401,-0.0688035843088069,-0.0206050567200351,-0.0910886475320941,0.00349531306941468,0.000444978681023717,-0.0348082453406735
-0.032324917755442,0.102910260113442,-0.130535804839067,-0.0517454537612042,-0.116278791125281,-0.0998569764048898,-0.104098098812921,0.0710273717188509,-0.137516108357292,-0.101697352192518,-0.137814727024758,-0.0507478462128604,-0.132259682479884,0.139510586123919,-0.0846377469848323,-0.121123049508585,0.211322108343637,0.167100001677422,-0.0371411575971076,0.261331518518314,-0.102251824384946,0.426462480315603,-0.0539073054476343,-0.0923657031667834,-0.073168578164082,0.144340097906364,-0.0768124632371868,-0.0649303895922916,-0.126015971674737,-0.105125936893033,0.4652740591254,-0.0809960739018544,-0.0694089322742083,0.213365249893125,0.0417288251254062,0.0882211709943918,-0.112016286146,0.161105508426851,-0.0737149397260346,0.409620387470635,-0.116940913504,-0.0864788601025017,0.0926916030458328,-0.0585996738420561,-0.052313197894407,0.151256253710839,-0.0686310490787158,-0.100506564172881,0.0891929719912203,0.22461248237089,-0.122929508114232,-0.128610636096478,-0.0349026235861932,-0.00717311532450135,-0.120591434547493,-0.0955155771109945,-0.110627893674799,-0.0941087513887201,0.0435139011598018,-0.0481229512593502,-0.0184690115851139,-0.126964915440231,-0.0469513338208315,-0.0780880442117837,0.19866952480368,0.152927043588549,-0.0705422085504848,-0.0276760518335647,-0.100904722396163,0.0172347210929299,-0.119552536516736,-0.0917345486498705,-0.0393044839436243,-0.0234931784989396,-0.0382191341201504,-0.117116398054266,-0.104968885593849,0.129197550810785,-0.0844806956856454,1.16676322618024,-0.0918333508756463,-0.086000332904516,-0.102898462832764,-0.119380001286645,-0.11362587763013,-0.109874342370732,-0.0841127679941269,-0.0589587535730559,0.0480447942747795,0.106879307735564,0.196659563106141,-0.0828393990096565,0.0467072775765585,0.00935708691222556,0.204499593454637,0.0481716150421963,-0.0294854597593831,-0.0828165417783192,0.196919103281311,-0.102790075316428,0.06306125793298,-0.0926458885831656,-0.119927837508687,-0.109478396137577
-0.0542656478485913,-0.0171838453199547,-0.0123779280988926,-0.0698520676301246,0.0466615631138854,0.04575317250076,0.0526309871429917,-0.0433922417026865,0.0328624313568776,0.0143134194620839,0.0637735187546348,0.0259248929811524,0.0458637720072285,-0.112707164396402,0.0356672348409093,0.0528595594563596,-0.0930396228261926,-0.0951631333503807,0.0269556803814359,-0.144480927944615,0.0381439264557525,-0.0400056848146327,0.0570424327909839,0.0157467890659117,0.0212177779858689,-0.0705333605899682,0.0375879796032392,0.0644231065226239,0.014533143814935,0.0553605829626257,-0.062693330241462,0.0420694716053275,0.0529664723126115,-0.119675670633938,-0.0366500957883892,-0.102497355289307,0.0483935513851766,-0.054994867261237,-0.00716426736398456,-0.0422014536830463,0.0240682959325744,-0.0251425858054009,-0.0109158026233833,0.00818104549344888,-0.0329221550903698,0.000719265457065041,-0.0174935239380649,0.0667280002374194,-0.108580328145054,-0.0674800768814034,0.0312690611336928,0.0669963883731169,0.0467544666993185,-0.0521952250875076,0.00837864994500484,0.0386689054464542,-0.00627283534185068,0.0650741689507002,-0.0514284018426613,-0.0674564823200238,-0.0402563770292933,0.0129707414535615,-0.103169062958592,0.017601911454404,-0.0759394644661295,-0.10105440039492,0.0585812405909774,-0.05122711074089,0.0276819504739101,-0.0782443581809269,-0.0213320641425524,0.0262699634413329,-0.0140089021542761,-0.0296373497482659,0.0439747324367519,0.0192151895887523,0.0342766303795831,-0.0956446098685418,-0.00941828530580411,-0.0918333508756463,1.12134811950427,0.0393656823372036,0.017559883641945,0.0216292081499305,0.00115797683272165,0.0356591242104349,0.0460075513656375,-0.00828132237931208,-0.0579397634534626,-0.111214808389126,-0.0631497375381546,0.204326320894501,-0.0740002864527226,-0.137805879064243,-0.119722859756699,-0.00428868019581228,-0.0711335472450676,0.0211551049322038,-0.0627368327140071,0.0425133442912865,-0.0682284668751717,0.026585540699789,0.0456963980874398,-0.00213272714972717
-0.0208269930630153,-0.0634181256738505,0.00894491941812096,-0.0690800830749755,0.0587825316927499,0.0322622447017771,0.0543998419164387,-0.0686155651478099,0.0403824604666667,0.0739007468969002,0.102886665552068,0.018415186491966,0.0443352868278382,-0.13846726411292,0.0849024484703069,0.0333874103475794,-0.102082975805073,-0.114405235485713,0.0945946518871305,-0.170777803932526,0.0347750654887329,-0.067299431020839,0.0607283456765452,0.0540931126185007,0.0433841310722123,-0.0535047232440906,0.0394335167011707,0.0609775632311201,0.0507323622819544,0.0598900014175174,-0.117592713262122,0.0978226828159095,0.0687681924667354,-0.144438900132162,-0.0622568308559354,-0.0812511900967744,0.0716334570143033,-0.0901102105648726,-0.0780135738774297,-0.083221335971993,0.037262817054223,-0.0561170835868678,-0.0740201943638863,0.00994990026689583,0.0089515553885095,-0.0873835640654118,-0.0283772527045727,0.0779287809224692,-0.106658108722637,-0.122072730604125,0.0772836171347384,0.0526619550048025,-0.00837496329478837,-0.0390773862903433,0.0829957129787948,0.0419714067095925,0.0639733351963199,0.0157725956174206,-0.0827863112465511,-0.108092952986552,-0.0464624840022418,0.103691092629113,-0.0822296270639963,0.062236185614727,-0.0778513612679493,-0.124360665727929,0.0555191089218959,-0.0200889256898515,0.0575932183331954,-0.11427988937838,0.0353413349618502,0.0440654240320562,-0.0715154842074045,0.00525826920251755,-0.0102345096635392,0.0472860816604083,0.0452473640911783,-0.137354633077853,0.00500315300759739,-0.086000332904516,0.0393656823372036,1.20287175305198,0.0580533122801028,0.0578284266169503,0.077462051005174,0.1088959054035,0.094629306399153,-0.0591165422022834,-0.0738845256359524,-0.147710433533486,-0.105396537018857,0.0195270801969926,-0.136874631219779,-0.138260811700846,-0.10468796284742,-0.0256012050922217,-0.100190986914424,0.0556673122605636,-0.087960156159136,0.06552320294696,-0.121594203406139,0.0459913301046877,0.0463917003181018,0.0183466147979552
-0.029213384973472,-0.0600721219381688,0.00546619627467668,0.0153191376409018,0.0139720356521199,0.0195049602956985,0.0317505376518511,-0.0602852103206306,0.0494029562142085,0.071648940945209,0.0813109138302646,-0.0190338063981439,-0.000245162239337642,-0.0810602216156049,0.0269792749428152,0.0287584523368669,-0.0824036369541758,-0.0694207295549002,0.0391253127431457,-0.152018652975442,0.0257752149823986,-0.0595058524650514,0.0360086186508746,0.00912925192890189,0.0263326364949988,-0.0576735873078964,0.0239923509381331,0.0466866323353504,0.0309969863477814,0.0215208206335911,-0.115396944393707,0.0412031088046611,0.0529436150812741,-0.113717306555482,-0.0399702929725629,-0.0223871834342585,0.0298135716285722,-0.0839269608232607,-0.0407739827195642,-0.0983557724370954,0.0702081980409503,-0.0429557423171586,-0.0440654240320561,-0.0168402495198599,-0.00641292805004385,-0.0579655700049716,-0.0581580131462264,0.0196221957725548,-0.0843715708392616,-0.0674262517882556,0.0185169380379169,0.0093851054538649,-0.0117003217892636,-0.0552853752982267,0.090022468289736,0.052372184297856,0.0210032149433212,0.020958975140733,-0.0647173012098294,-0.0615748005660489,0.0212199899759989,0.190467465404002,-0.0277365128971005,0.0386666934563253,-0.0807933081400014,-0.0655733413898943,0.0258917131292116,-0.0289354115472155,0.0543445421632043,-0.0337147848867253,0.0360034573405721,0.0372893609357753,-0.0460849710201643,-0.00650214498526178,-0.0259824047245155,0.0291610345404103,0.0375511131010834,-0.10256887630349,-0.0158824577938455,-0.102898462832764,0.017559883641945,0.0580533122801028,1.13748237550786,0.0368661334910238,0.0880928755668903,0.019456296512853,0.0285778064763013,-0.0481789883426278,-0.0775932957528507,-0.113768182328456,-0.116083398663855,0.0548496132427423,-0.0669683698314787,-0.0419758306898513,-0.101188594462769,-0.0384351718227846,-0.0608042906709872,0.029720668043139,-0.115363764541772,0.0446375921455169,-0.0858115764134769,0.0400587725777366,0.0574826188267277,0.0466143739911253
-0.0578874130204008,-0.116505151448521,0.016743659284211,-0.0618181194802779,0.049097701576356,0.0210437680956922,0.0535334791157716,-0.0878090035002918,0.126320488982528,0.0343864925560079,0.0570077782789572,-0.0287673002973835,0.0499869216083599,-0.10237274651202,0.00988427789305694,0.169859090698776,-0.115831969119151,-0.147248127596449,0.0346828992333422,-0.169036967700717,0.0518523666174555,-0.0702362165825893,0.0676068976488201,0.0147322229265773,0.0129183910204998,-0.0671770342336815,0.0176328793162155,0.0150219936335238,0.0233339152096249,0.0391629165753452,-0.142844055248888,0.042741916604654,0.0170614485327967,-0.122837341858846,-0.0797632580697565,-0.0461535427141739,-0.00292461961603856,-0.065671406285628,-0.103418280513169,-0.0906823786783369,0.202797098385071,-0.065571866729807,-0.0849319416720338,0.0500318987409909,0.0330836303698137,-0.112634906052176,-0.0586129457828316,0.0209309565990951,-0.0940283824140179,-0.0707184304307904,0.0533358746642149,0.0752603834964145,0.00141751700789996,-0.0578107306959162,0.0947819337180838,0.025001755767165,0.283108561341888,0.0198139015837664,-0.0724570546724694,-0.100217530795982,0.0703785212809115,0.0736854465243089,-0.0974355845432836,0.0534715433921496,-0.138299890193132,-0.10835691714199,0.0299610376371965,-0.0600632739776506,0.0615578419750569,-0.104027315128785,0.121739457424619,0.0591489847241798,-0.0410954586183647,-0.0364030902239432,0.000324793883995228,0.028322690281382,0.0265907020100905,-0.11575307480454,-0.060353044684598,-0.119380001286645,0.0216292081499305,0.0578284266169503,0.0368661334910238,1.31133152773496,0.152051095497316,0.0403190500829584,0.0522778060523365,-0.0782332982302788,-0.0997493262185942,-0.15049385444627,-0.106416264468492,0.0550848215264981,-0.111899050669144,-0.111214808389129,-0.104710820078754,-0.0530763344890364,-0.0957662693256596,0.0337899925511233,-0.0857592259804142,0.0309932996975653,-0.114869016082834,0.0567039983011917,0.0377037404200094,0.193389504364893
-0.0575010520778058,-0.0799247333492066,0.00785145896417304,-0.0477056224549435,0.0332274097282222,0.0104645566369935,0.0427242206836194,-0.106976635301267,0.297478386552274,0.112375365876991,0.0640655014517104,-0.0206360245818463,0.0152527779370206,-0.117092803492886,0.0142581197088509,0.219475503960466,-0.0965817563533502,-0.134976006358748,0.0764010330731236,-0.180536367053231,0.0419632960791184,-0.0796651931740202,0.0577945094349669,-0.00635246698650832,-0.00440886499284112,-0.0414088238866924,0.0244605555155138,0.0170953657147789,0.0399769289429502,0.0350250203733507,-0.134942826506801,0.0567777313055036,0.0244259010034881,-0.155884474391527,-0.0899590579060417,-0.0318109987153869,0.0161722285007921,-0.103472842936353,-0.112770574780113,-0.103332012898119,0.191451063681527,-0.0764578074864436,-0.0692091158325222,0.00517568823768688,0.00724463633868469,-0.076054487952857,-0.0627508419848269,0.0144925906625623,-0.122244528504172,-0.0909596147745477,0.0464374147807757,0.0450504969696659,-0.015986421329926,-0.0633289087386329,0.169320102437257,0.0125821685208366,0.146923702377458,-0.00326452876591711,-0.0995229658953566,-0.0878687272337855,0.0149401499987374,0.145002957615132,-0.0551039921076195,0.0465730835087108,-0.083929172813397,-0.0967749368246431,0.0231392600782414,-0.0648913111000067,0.0384027293008875,-0.0959727217377283,0.149194678910267,0.0293225098198538,-0.0561989272216544,-0.00265991813055901,-0.0446847812682776,0.0376808831886727,0.0208424769939201,-0.0968095913366711,-0.0363485278007526,-0.11362587763013,0.00115797683272165,0.077462051005174,0.0880928755668903,0.152051095497316,1.24401034547787,0.0469166793088043,0.0376344313959551,-0.0851317581137227,-0.103350446149196,-0.164140358884352,-0.109633972776673,0.031086203282999,-0.0621292727584759,-0.113052234856584,-0.089908182133057,-0.0795287871160431,-0.0803501727840806,0.039467433883154,-0.107764103787324,0.0519305236020269,-0.0799756091221748,0.0485019389015141,0.0196863434863067,0.106511380044046
-0.0662487357093922,-0.123332827647822,0.0249457186838882,-0.0803781913257185,0.668764616416063,0.0331566260440825,0.070554005831174,-0.0946366796995938,0.0347588442277837,0.0402113998966626,0.431904713363887,-0.00515209367630773,0.054738276406231,-0.174533763172182,0.0972224961608094,0.0715494013893876,-0.135312228858405,-0.17754059508803,0.0384373838129146,-0.189590779982755,0.0310685073619641,-0.102139012888353,0.0846274243642219,0.0177965665857875,0.0235742848036827,-0.0862738823505134,0.031279383754297,0.0648625552283238,0.0150492748451186,0.0756607537098288,-0.14231022829767,0.0406685445233979,0.0347721161685604,-0.181348904760751,-0.137661362375794,-0.102518000530512,0.0543541274537654,-0.105855893635722,-0.111549556228705,-0.127799573049049,0.0577111911400948,-0.0659582276724024,-0.0778801171396251,0.0457347392496823,0.0428193362591813,-0.114631595808948,-0.0687379619349693,0.0323536736271239,-0.126314590342201,-0.12186849018218,0.464656913879326,0.134609553327293,0.0188214553457256,0.014344387323896,0.0453188851053617,0.0510707967717475,0.0386423615649015,0.0501771527594852,-0.105740132818954,-0.138484960033958,-0.0714867283357226,0.0480706008262886,-0.0930676413678317,0.083298018296474,-0.162687818699402,-0.110660336196699,0.0521959624175506,-0.0662774915810739,0.0813389323719042,-0.123890986490463,0.125800671302128,0.0336875036751286,-0.127596069957148,-0.0544263857979917,-0.0176985016900526,0.0174308508844001,0.0663091967729272,-0.135770110815186,-0.0335171804351683,-0.109874342370732,0.0356591242104349,0.1088959054035,0.019456296512853,0.0403190500829584,0.0469166793088043,1.20987491380154,0.0416160136288083,-0.072408390889624,-0.0667021936859114,-0.177488981985014,-0.126970076750535,0.0310036223181686,-0.12302093703958,-0.164972067172989,-0.0964320783545908,-0.0714063593610234,-0.119924150858474,0.0566383759273541,-0.10270896901169,0.0290732922652786,-0.115638788647853,0.0441251477655485,0.0542641731885044,0.0462331743588319
-0.0153353589018502,-0.100868593224051,0.0559983734499244,-0.0405837515684391,0.0481708777121528,0.0465723461786674,0.0371935080301698,-0.0768500670693848,0.0439570365157177,0.0288587292227307,0.017126333576591,0.00726675623997802,0.0825702735439145,-0.114035095804064,0.0794285102301777,0.0637241176417456,-0.136772879673829,-0.137899519979718,0.0863601499655566,-0.150793210443775,0.0364325834256689,-0.062421255455551,0.0984265561212278,0.0322091569386727,0.0467286601478083,-0.060052214027004,0.0715339174584819,0.0657023741474389,0.124087853611959,0.0344786588113979,-0.12153300501256,0.100630435620114,0.0445837670523702,-0.134729738124341,-0.0695711448836953,-0.0785201196170534,0.0324959783254464,-0.0635309371704473,-0.0690712351144582,-0.0743556795335065,0.0440580507316255,-0.0533860131071474,-0.0424565698779667,0.00715984338372607,0.00286415855250342,-0.0854193168305386,-0.0333144146733102,0.067010397643935,-0.109524847930291,-0.131840879015395,0.0205092038144299,0.0428938065935371,-0.00863450346996771,-0.0397203380879447,0.0325859325907063,0.0714646084344283,0.0365682521536025,0.0513237009765378,-0.0937813768495713,-0.0793665745065571,-0.0798487883547572,0.0322703553322512,-0.0574140471327173,0.105455523422297,-0.125117166352173,-0.121859642221664,0.0556429803691406,-0.0148273385021396,0.0716732728366317,-0.0640057777182178,0.0203587884856322,0.050323881438066,-0.0724651653029443,-0.032345562996649,0.00683615549479651,0.0548481385826558,0.0340989338391917,-0.097355952898625,-0.036741524713736,-0.0841127679941269,0.0460075513656375,0.094629306399153,0.0285778064763013,0.0522778060523365,0.0376344313959551,0.0416160136288083,1.18203185671321,-0.0476436867313218,-0.0782849113332986,-0.128952757236488,-0.0922366704092338,0.0372878862756888,-0.101936984456533,-0.124947580442254,-0.103413856532906,-0.0402003399460162,-0.0697009149712842,0.0564046423036846,-0.0653683636379062,0.112576656978757,-0.0973920820707353,0.0512529172923986,0.0400742565086429,0.0476864518738227
-0.0640264229594258,0.106559306496841,-0.0658476281659345,-0.061592496487083,-0.0532009432663239,-0.0623143425992986,-0.0325851952606642,0.0469174166388463,-0.026971901642385,0.0116841005283158,-0.0488949358144982,0.00305144038345622,-0.0371286229863755,-0.056597822774982,-0.0579073209315654,-0.0285991890475527,-0.00595062211300747,0.0773499768386089,-0.0781979063882128,-0.00248738290046819,-0.0436215513460973,-0.018096659913338,-0.0752566968461999,-0.0471548369127326,-0.0659154625299008,-0.00100461218375214,-0.0360491718032458,-0.0590575557988341,-0.0671556516624313,-0.0343798565856203,-0.00865441138113161,-0.0212922483202238,-0.0314828868461984,0.0999203867885864,0.115848927710123,-0.0800515541166163,0.000214931707569934,0.0065589193985826,0.445009280220275,-0.0625443895727526,-0.082772301975738,0.526334571986376,0.0295503448031776,-0.0767284076122697,-0.0376985791097071,-0.0170164714001661,0.410064997486628,-0.0307573540837679,-0.025248761331611,-0.0477181570656775,-0.0482726292581043,-0.0531102516710215,-0.012849819326489,-0.0244583435253858,-0.0932475498983538,-0.0363485278007531,-0.0654937097452364,-0.0268900580075983,0.0358139635194898,-0.0417133411945004,-0.0371345216267197,-0.0621233741181312,-0.0269689523222119,-0.0451463498752717,0.0553952374746491,-0.0127384824899781,-0.050943238674288,-0.065895554618737,-0.0603714779356754,-0.0150035603824455,-0.092975475112442,-0.0374751681066419,0.0874963755619937,-0.0084951480918175,0.0161169287475578,-0.0100995782656491,-0.0208033985016346,-0.0742723612386333,0.297212210406706,-0.0589587535730559,-0.00828132237931208,-0.0591165422022834,-0.0481789883426278,-0.0782332982302788,-0.0851317581137227,-0.072408390889624,-0.0476436867313218,1.2235981005641,0.0224011927050777,0.00393992308541664,0.0266231445319877,-0.0441465303367993,-0.0450364876988463,0.0100155226407317,-0.0103193026184985,-0.0247849807344878,-0.055742519924962,-0.034001606273499,0.0036479403883411,-0.0742959558000138,-0.0788327475553371,-0.0393066959337539,-0.0400565605876077,-0.0820578291639521
-0.0215893923276021,0.10222011919308,0.000514287705077299,0.0190323317380582,-0.0522490501806554,-0.00990860978448055,-0.0907553743526027,0.0341431736417774,-0.0935004541031434,-0.0911918737381307,-0.10054711732525,-0.0551954210329667,0.00546177229441816,0.148099006466193,0.106224558657265,-0.0917537192309901,0.101359655032761,0.0383503788678263,-0.0691943692316605,0.267236057503629,-0.0797839033109629,0.0145250331844604,-0.0828165417783205,-0.0987303360989998,-0.0724784372437204,-0.00212314185916691,-0.0613226336913021,-0.0801901721647227,-0.0566184680161904,-0.0729960429339917,0.0326323843834233,-0.0598317523441107,-0.0640411695602882,0.138523301196185,0.130757003851988,0.00540426055105492,-0.0516672967766321,0.115556207683006,0.095446268086936,-0.00377402382571441,-0.10183449558054,0.0234835932083792,0.0124818916349724,-0.0916497556949093,-0.0347529455874387,0.0741905176038465,0.0151060492584395,-0.0631622721488884,0.148238361844339,0.0918753786881013,-0.0349748819304185,-0.0953305072701707,-0.0389667867838751,0.0198190628940681,-0.114226801615276,-0.0800257475651077,-0.103343072848767,-0.0647394211111238,0.0136844769353028,-0.00387725003175047,0.0187985981143891,-0.111091674271922,-0.00385586746050095,-0.0687328006246666,0.017622556695611,0.0708769563900589,-0.0786705349458506,-0.027829416482534,-0.0680846875167637,0.00105475062668521,-0.095857698251003,-0.0749411195877446,0.0587722090721459,-0.00347909180846605,0.0206728910840019,-0.0436547311980374,-0.0565056565195926,0.0586498122849871,-0.0302662922750489,0.0480447942747795,-0.0579397634534626,-0.0738845256359524,-0.0775932957528507,-0.0997493262185942,-0.103350446149196,-0.0667021936859114,-0.0782849113332986,0.0224011927050777,1.1212906077609,0.194297157647974,0.117906815860475,-0.0359098164250958,0.0704021158422901,0.206507343162055,0.140393170185532,-0.0166249491472679,-0.0151458650807681,-0.0827398594538362,0.0785215942771257,-0.0654457832924335,-0.00273217647478404,-0.0971701457277565,-0.0736117135199973,-0.101580116715666
0.0396989555166939,0.153999858801287,-0.0682505867764714,0.0246493120065531,-0.156134429276144,-0.079363625186392,-0.148247947134923,0.216666276496176,-0.181742639003778,-0.178283823771498,-0.165861287204998,0.0390663263396959,-0.132240511898764,0.210690953826727,-0.147114670858645,-0.156301065865893,0.208964126865737,0.313659094348563,-0.127070353636401,0.386879654280702,-0.132675536624208,0.0747398284859704,-0.131490647244917,-0.0585296274879589,-0.0989146686097795,0.00464407327659679,-0.137679058296831,-0.131931570610698,-0.104372385588969,-0.155793782796224,0.178578018458678,-0.136878317869998,-0.137023571888492,0.51957694214118,0.225938939118463,0.0597145168672548,-0.156856275388361,0.0592138697679751,0.151290170892815,0.216476782675094,-0.158330198144558,-0.0103908236326814,0.0370394060511567,-0.0724600039926421,-0.0446257948648278,0.196671360386823,0.0359061297748794,-0.143429495303126,0.201245018644304,0.145265447110484,-0.170453378713552,-0.168389591922858,0.0122761765529412,0.212924326527336,-0.164971329842949,-0.120494844311845,-0.118813731813533,-0.124685828276948,0.0535017739239176,0.0816427123496672,0.0978772452391043,-0.162219614122022,0.0810506363250372,-0.145395954528134,0.245618277969363,0.102029150711918,-0.110167799727893,0.0366029066656294,-0.1429074656326,0.107432305267896,-0.139777499599549,-0.137954819732954,0.120520650863347,0.0022912531089978,0.0343415154233779,-0.134810844429084,-0.147661769750642,0.111196375138038,-0.0205084664843866,0.106879307735564,-0.111214808389126,-0.147710433533486,-0.113768182328456,-0.15049385444627,-0.164140358884352,-0.177488981985014,-0.128952757236488,0.00393992308541664,0.194297157647974,1.08981251355998,0.0865629157274071,-0.131513504476249,0.103011274329344,0.27753434621589,0.0223215610604207,0.0882956413287421,0.0525071156957472,-0.107105668058815,0.0859022680087662,-0.126159013703105,0.0153073403602112,-0.141473358698729,-0.141072988485314,-0.123952184884045
-0.0734222196989155,0.115490585309168,-0.0884327847167719,0.0518567905977144,-0.112977027192184,-0.0835192173094152,-0.0839262234932165,0.0174308508843993,-0.118954561851765,-0.087890109805035,-0.130602164542948,-0.0765853655839042,-0.118912534039306,0.0915118749768394,-0.0830229941903971,-0.0919793422241837,0.100290526470235,0.125926017409466,-0.0754778958591365,0.209345326498031,-0.0919719689237528,0.0760286814013473,-0.105816815143437,-0.10217661672055,-0.100079650077915,0.526375862468789,-0.0802587438587328,-0.0961356716772602,-0.104693861487763,-0.113479886281593,0.109012403550316,-0.07017944216927,-0.0630398753617294,0.000959635051121552,0.0757035188523302,-0.041290851079792,-0.110324851027079,0.605944096742168,0.051435037813049,-0.0204096642586079,-0.10436058830827,0.0739449866994854,0.0213814652554415,-0.0568315563986525,-0.0731663661739525,0.0886112185872041,0.0139602383714295,-0.0624677072482682,0.0534634327616749,0.00124129512759384,-0.102374221172106,-0.124235319620598,-0.0582863085737291,-0.0305568003120391,-0.110925037682179,-0.0789477710420634,-0.111160245965932,-0.0953312446002152,0.077872006509147,-0.00410287302494613,-0.0195381401476397,-0.052118542763023,-0.0224852483299943,-0.0844482531637476,0.0433922417026865,0.0555449154734054,-0.074065171496517,-0.0794321968803948,-0.0955325357019839,0.037636643386085,-0.121158441350654,-0.056839667029126,0.0406029221495596,-0.0163572983416155,-0.0201176815615322,-0.0809179169172829,-0.0926186073715724,0.0284414004183238,-0.0426077225368065,0.196659563106141,-0.0631497375381546,-0.105396537018857,-0.116083398663855,-0.106416264468492,-0.109633972776673,-0.126970076750535,-0.0922366704092338,0.0266231445319877,0.117906815860475,0.0865629157274071,1.30196301220706,-0.101698826852607,0.0996225054511709,0.0588216101850354,0.452724701791485,0.0211838608038847,-0.0077799379499903,-0.0914772204648194,0.402355474555774,-0.0728795447871785,0.0574678722258653,-0.110278399234362,-0.118543131687706,-0.096207930021484
-0.0240306921003751,-0.0405498343864555,0.0258319893957196,-0.0644621850149101,0.0256727261064058,0.0328159795641607,0.0325623380293268,-0.059013315996247,0.0185449565795543,0.0225405480832279,0.0986860962964037,-0.0222094868938661,0.0269453577608318,-0.131395531669347,0.108230833704601,0.0294935703898578,-0.114028459833675,-0.119756039608639,0.0176225566956115,-0.128738931523985,0.0430737151240589,-0.0833857605716119,0.0658830200080031,0.0314121031620579,0.0435544543121737,-0.0674439477092912,0.0323957014395825,0.0590774637099981,0.0446914172386663,0.0487880229582463,-0.0836821672489459,0.0309726544563581,0.0273766958360579,-0.145265447110499,-0.0504307942943185,-0.0874454997890332,0.0393671569972895,-0.0688522480916525,-0.0453299450560088,-0.0707818408145001,0.0457915136630019,-0.0348591211136486,-0.0425634827342189,0.0351953436133117,0.0247650728233239,-0.0460348325772326,-0.0396325958128133,0.0103119293180684,-0.11254568911696,-0.0967506049332196,0.0236996309110133,0.0857289954486443,0.00927892992765454,-0.0201198935516615,0.0479688492803385,0.0499633270469804,0.00456149231176824,0.101750439955618,-0.0642122301302916,-0.0657473512800706,-0.0275816735880452,0.00241070057598408,-0.0835162679892427,0.0253689461286394,-0.0898735276210308,-0.0797145942869107,0.0398161909935507,-0.024902953541387,0.0395898306703124,-0.0768419564389106,0.0621971071224423,0.0535909908591345,-0.0527880384421763,-0.0496293165374463,-0.0202629355800277,0.0511371564756284,0.0352956204991761,-0.0795192018254841,-0.00310821479677649,-0.0828393990096565,0.204326320894501,0.0195270801969926,0.0548496132427423,0.0550848215264981,0.031086203282999,0.0310036223181686,0.0372878862756888,-0.0441465303367993,-0.0359098164250958,-0.131513504476249,-0.101698826852607,1.20842679759684,-0.0686104038375086,-0.0957618453453946,-0.114332977141484,-0.0435279104306218,-0.0684275459868148,0.0350567255652056,-0.113631776270482,0.0526575310245442,-0.0678996176759402,0.0192461574505637,0.0589845601245652,0.0238080184273527
-0.000612352600812083,-0.0728795447871795,-0.0380908386926473,0.135095453825712,-0.112095180460614,-0.0706749279582467,-0.0886421864490194,-0.0108265856881659,-0.0820320226124397,-0.102651457268319,-0.14766398174077,-0.0474077411175235,-0.115653535248713,0.105046305248364,-0.0933367668335718,-0.0913275424660665,0.034765480198172,0.0142382117976862,-0.109563189092535,0.291970531130157,-0.0982982606937323,0.0246898651589252,-0.112526518535838,-0.0874152692572648,-0.0827877859066368,0.0272889535609251,-0.0513878486902905,-0.11488450001374,-0.0554254680064205,-0.0903601654494933,0.16203823093139,-0.0975166908480224,-0.12457744076061,0.128674046480168,-0.00362434582696135,0.0532967961719284,-0.0978639732983352,0.0522593728012584,-0.044686255928364,0.0172796982255601,-0.113064032137272,-0.118259259621104,-0.0301107156359506,-0.0666852350949199,-0.0748917184748558,-0.0652518654910935,-0.062223651003995,-0.0869677099210942,0.0888523255113053,0.0309556958653659,-0.118669215125081,-0.132938763449598,-0.0420679969452424,0.0310574474113165,-0.0519946713157784,-0.105824925773914,-0.122854300449835,-0.11131950925525,0.041946337488127,0.443606878478258,0.0477505995875741,-0.108365027772462,0.162127447866615,-0.107644656320335,0.0167451339442967,0.285630230089364,-0.114668462311105,-0.00209807263770087,-0.107916731106245,0.096797056725925,-0.0838524904889048,-0.0817230813243739,0.0298290555594777,-0.0526663789850616,-0.0585738672905495,-0.11377629295893,-0.0964910647580428,0.367032204179979,-0.0865850356287106,0.0467072775765585,-0.0740002864527226,-0.136874631219779,-0.0669683698314787,-0.111899050669144,-0.0621292727584759,-0.12302093703958,-0.101936984456533,-0.0450364876988463,0.0704021158422901,0.103011274329344,0.0996225054511709,-0.0686104038375086,1.33677678752305,0.197731640988832,0.104548607469258,-0.0433443152498837,0.505799930285465,-0.0879881747007714,0.104636349744385,-0.0826565411589621,0.560235532708995,-0.0935999936589649,-0.114900721274689,-0.0431821026403978
0.00505624077070158,0.067979986650638,-0.0486022157873804,0.075814118358797,-0.139553351266439,-0.0846370096547914,-0.140485336440944,0.0723678377372516,-0.124826658315185,-0.11454311620377,-0.163236392251485,-0.0961069158055761,-0.130305757865613,0.539599139462134,-0.165500732813908,-0.140026717154124,0.0664293815699546,0.139301184391665,-0.13464420783934,0.298866041693425,-0.132887887676625,0.0124147946010479,-0.10609110191948,-0.101760762576229,-0.136624676335162,0.0112564491033047,-0.122094850505422,-0.144949869852042,-0.0611825409831079,-0.130317555146306,0.080442339039458,-0.124974861653852,-0.125886938917194,0.195228405492434,0.194823611298759,0.36216730055545,-0.140121832729684,0.0484193579366847,0.132750744288582,0.0784662945239019,-0.0901419157567271,-0.00715247008329447,-0.0450696675507857,-0.112087069830142,-0.0796519212332444,0.00713035018200026,-0.0364642886175224,-0.153073772267147,0.445419235724243,0.330854368284185,-0.160850392231944,-0.173202882444348,-0.0800316462054535,0.098762041290845,-0.0719379743221127,-0.10222675516348,-0.118796035892498,-0.11930036964199,-0.00705956649786138,0.172298915811463,0.120362862234113,-0.134136187439627,0.12140323492496,-0.132112216471262,0.00416333408848185,0.190921660710565,-0.105855893635724,0.00410729700520501,-0.114900721274689,0.0350618868755062,-0.115834918439327,-0.1285818802248,0.155658851398308,0.0858160003937238,-0.0821212395476647,-0.139394087977125,-0.137598689322125,0.164124874953425,-0.0650432010888894,0.00935708691222556,-0.137805879064243,-0.138260811700846,-0.0419758306898513,-0.111214808389129,-0.113052234856584,-0.164972067172989,-0.124947580442254,0.0100155226407317,0.206507343162055,0.27753434621589,0.0588216101850354,-0.0957618453453946,0.197731640988832,1.36843479025449,0.123253196003146,0.0429940834794014,0.13702873319877,-0.117363403618713,0.0478855309854643,-0.14508185192976,0.0823453878807612,-0.128649714588767,-0.13054981410989,-0.107754518496758
-0.0258607452674014,0.0392867880225892,-0.052450341282427,0.0597735032707036,-0.119169862224357,-0.0744522697691549,-0.0942599040475568,-0.0201250548619639,-0.114871965403005,-0.0281361457804729,-0.133881071244707,-0.103099016604493,-0.117283771974053,0.135852691779994,-0.109920056833406,-0.11174494869013,0.142714285161276,0.0741838816334589,-0.0874219052276522,0.299388808693996,-0.111660893065215,0.0189954652359021,-0.0860143421753365,-0.0868984008970379,-0.100674675422712,0.464358295211847,-0.0511777096280004,-0.0995679430279882,-0.093173079563999,-0.113154723732575,0.17267716612358,-0.0900217309596984,-0.0805816944176199,0.0862488131290363,0.0422117763036505,0.0308089671867847,-0.106472301551772,0.308895204939957,0.0289855499901469,0.0140391326860431,-0.104802249004101,0.0301778126698737,0.0382700098931257,-0.0734531875607264,-0.0548975396955453,0.0981382600743699,-0.0226754794811194,-0.118043959248512,0.144733832149385,0.121190883872534,-0.100898823755822,-0.121072911065652,-0.050216231251771,-0.0264742038632776,-0.101014584572589,-0.106304927631985,-0.117736492620529,-0.0914020128004215,0.0727527240197613,-0.0267824078213018,-0.0648389606669443,-0.0496462751284389,0.0675582338659748,-0.0776050930335399,0.0134278860802959,0.190907651439747,-0.0906868026585934,-0.0219787025903699,-0.0557159760434098,0.032824090194635,-0.128348146601126,-0.0724644279729012,-0.0232550208950119,-0.0112011493500714,-0.0700961238743973,-0.0437085562911852,-0.0948239615305479,0.0746992753335923,-0.0414390544184598,0.204499593454637,-0.119722859756699,-0.10468796284742,-0.101188594462769,-0.104710820078754,-0.089908182133057,-0.0964320783545908,-0.103413856532906,-0.0103193026184985,0.140393170185532,0.0223215610604207,0.452724701791485,-0.114332977141484,0.104548607469258,0.123253196003146,1.23635980895043,-0.0248071006357808,-0.0399680809824333,-0.0962897736562719,0.485880959170555,-0.0975528200201383,0.0313376328277028,-0.109876554360861,-0.113847076643069,-0.103704364569894
-0.0394829178140593,0.0437616440542901,-0.0345560784659251,-0.0278471124035686,-0.0572599451537049,-0.0327864863624361,-0.0577318363813025,0.256111959143059,-0.0521185427630236,-0.0633060515072969,-0.0731213890413228,0.0108015164666996,-0.0427212713634465,0.0602712010498107,-0.0437926119161018,-0.0328882379083857,0.0455850612509279,0.134866881512338,-0.0712146535498112,0.0911468966054911,-0.0372517571035759,0.0294515425773999,-0.054393943276094,-0.00244388042792405,-0.00563799417472391,0.026606185940996,-0.0492333703042908,-0.000850510204739398,-0.0136262278618969,-0.0404325989095992,-0.0393221798646591,-0.0431415494880252,-0.0283337502320276,0.0717831350130561,0.0525911713206628,0.0148863249055893,-0.0398847626875602,0.0241243330158513,-0.0143126821320418,0.0356141470778047,-0.0402851329009747,-0.014270654319584,0.0349999511518844,-0.0544853722014403,-0.0393804289380662,0.0908040381354428,-0.0209611871308632,-0.023390689622946,0.0190787835307755,0.0598723054964815,-0.0717322592400828,-0.0657576739006734,0.0126138737126903,0.00798344104189138,-0.0585052955965361,-0.028828498690963,-0.0466246966117289,-0.0518833344792668,0.00384259551972473,0.0160336104526856,0.0216859825632505,-0.0579773672856621,-0.0141578428229867,-0.052502691715489,0.0702767697349601,-0.00491172408224927,-0.0205718768680946,-0.0408919555264633,-0.027546281745975,0.0146009781789016,-0.0639843951469674,-0.0399238411798455,0.0340539567065606,0.217492823474513,0.0013990837568228,-0.0238972353625705,-0.0178076265364355,0.0396060519312604,0.00620795029805642,0.0481716150421963,-0.00428868019581228,-0.0256012050922217,-0.0384351718227846,-0.0530763344890364,-0.0795287871160431,-0.0714063593610234,-0.0402003399460162,-0.0247849807344878,-0.0166249491472679,0.0882956413287421,0.0211838608038847,-0.0435279104306218,-0.0433443152498837,0.0429940834794014,-0.0248071006357808,0.82432355959353,-0.000756131959220471,-0.0323094338245359,-0.0122201394696641,-0.0324222453211338,-0.0345052026929499,-0.0318633491484476,-0.0447290210708649,-0.0407208949564594
0.00194765730890375,-0.0633414433493659,-0.025025350328545,0.0942532680771586,-0.091208094999081,-0.071182211027914,-0.0718959465096553,0.00614970122465009,-0.077324907617155,-0.0704153877830687,-0.117651699665576,-0.0311215951250687,-0.0555050996510774,0.0710288463789445,-0.0865592290772046,-0.0932151073764586,-0.0463349259047822,0.0107403180731206,-0.0850720343802273,0.186331781192142,-0.072503506465187,0.0320808615111688,-0.102911734773541,-0.0607003271349068,-0.0313044529757627,0.0267049881667739,-0.0720625830994016,-0.0782775380328665,-0.0252598212822581,-0.0608846596456875,0.0449738146451808,-0.0737923593805621,-0.0486324463191468,0.0604562708906335,0.033366027776328,0.0234201828246711,-0.0808876863855153,-0.0251602817264361,-0.0482608319774141,0.0585642819999833,-0.101992284209767,-0.109181252130198,0.0942975078797454,-0.070796587415362,-0.068727639314365,-0.108011109351769,-0.0638811689409311,-0.0482136428546546,0.00805864870628998,-0.00835284339349537,-0.0958650715514344,-0.112358407286006,0.0127893582629541,0.0389085377104684,-0.0837116604506693,-0.0728987153682994,-0.110785682304031,-0.0987141148380521,-0.0230507804730671,0.668238900095316,-0.00551412272747981,-0.0849474256029392,0.104415150731449,-0.101557259484327,0.0830281555006921,0.160130758109836,-0.0933212829026663,-0.000304885972830729,-0.102902886813023,0.0787295213492971,-0.0852799614523866,-0.0800832593084719,0.0547803042186886,-0.0561642727096272,-0.0411374864308243,-0.100404075296886,-0.0825053885001229,0.519429476132565,-0.0799608625213117,-0.0294854597593831,-0.0711335472450676,-0.100190986914424,-0.0608042906709872,-0.0957662693256596,-0.0803501727840806,-0.119924150858474,-0.0697009149712842,-0.055742519924962,-0.0151458650807681,0.0525071156957472,-0.0077799379499903,-0.0684275459868148,0.505799930285465,0.13702873319877,-0.0399680809824333,-0.000756131959220471,1.15916282809577,-0.0717787110327993,0.00789274944658707,-0.0299462910363338,0.654584285026756,-0.0756268365278468,-0.0786004885917541,-0.0615563673149707
-0.00414711282753289,-0.103559847881443,0.021637318780405,-0.0430449592523763,0.0454029407302771,0.0181158304944593,0.0566634451488192,-0.0584536824935185,0.0433362046194098,0.00561661160347441,0.0315352372792588,0.0136240158717674,0.0225206401720641,-0.113198963535166,0.01761518339518,0.0368779307717137,-0.0808021561005121,-0.092357592536305,0.0148848502455033,-0.129789626835432,0.0340480580662156,-0.0391172021126717,0.0613049377702653,0.0331986538565408,0.0385929604520131,-0.0848279781359551,0.0266673843345751,0.0221394405397703,0.0358958071542767,0.051264714573089,-0.0722336436694045,0.0154289998173266,0.0374449375748739,-0.0924851506337663,-0.0482608319774146,-0.0788342222154226,0.0238235023582577,-0.0731236010314519,-0.081347780332423,-0.054042236845526,0.0639113994726981,-0.0353730401537039,-0.0270507959569986,0.038362176148516,0.00262673827861861,-0.0490792683252785,-0.0316347768350804,0.0231407347383279,-0.0866042062098321,-0.0964210184039466,0.0596098160011308,0.0371352589567624,0.00109677843914233,-0.0604319389992113,0.0601075137802375,0.0295120036409358,0.0266688589946615,0.0216402681005773,-0.0388075234945607,-0.0861986746861176,-0.0187403490409821,0.0400078968047613,-0.0416248615893266,0.0478597244339561,-0.0834860374574736,-0.0883568397223314,0.196040943199954,-0.00478932729509126,0.0597801392410918,-0.0493668270420951,0.0324672224537647,0.0388908417894334,-0.0545288746739859,-0.0169397890756817,-0.0031399199886301,0.0247046117597867,0.0327112786980374,-0.0971332792256021,-0.00584592124688401,-0.0828165417783192,0.0211551049322038,0.0556673122605636,0.029720668043139,0.0337899925511233,0.039467433883154,0.0566383759273541,0.0564046423036846,-0.034001606273499,-0.0827398594538362,-0.107105668058815,-0.0914772204648194,0.0350567255652056,-0.0879881747007714,-0.117363403618713,-0.0962897736562719,-0.0323094338245359,-0.0717787110327993,1.16322994061363,-0.0820924836759799,0.0347367243264907,-0.0757750398665141,0.0600640113076933,0.0284878522110404,0.0285851797767331
-0.0829013347332875,-0.0217412823164844,-0.0928508663351561,-0.0251794523075573,-0.0962307872528217,-0.0797322902079457,-0.0822097191528316,0.00197051454024105,-0.129967323375827,-0.10388722242059,-0.126048414196639,-0.0484134592963405,-0.0873666054744211,0.103120399175733,-0.0846038298028491,-0.108819960409076,0.117573542680982,0.0537207609467247,-0.0711541924862757,0.232072787747186,-0.0780629749903188,0.199133305400801,-0.0902208100713515,-0.0732378871881349,-0.0769687772063377,0.540744950349155,-0.0605985755889568,-0.0902783218147075,-0.108038390563368,-0.105092019711057,0.243542693897975,-0.0740607475162591,-0.0648507579476352,0.167619819357821,-0.0175126945191861,0.0652503908310056,-0.100019926344422,0.392413316254335,0.00836906465444267,0.141496215930048,-0.104407777431036,-0.0704950194277251,0.0543843579855331,-0.101584540695926,-0.0680758395562456,-0.00889920495544812,-0.00847818950082574,-0.0735571510968068,0.109087611214707,0.194203516732499,-0.0984339294216668,-0.0983638830675701,-0.0910768502514095,-0.0541454630515628,-0.136660805507278,-0.0492422182648087,-0.106069719348227,-0.0801186511505406,-0.0556791095412531,-0.0290718176051928,-0.0989515351119389,-0.0528558728061442,-0.0338814214764703,-0.0932372272777584,0.105841147034844,0.166993826151206,-0.0799402172801095,-0.0803995738969781,-0.0637565601636433,0.0210260721746569,-0.133244755417498,-0.0716098624529245,0.00765901582291747,-0.0777503470520375,-0.0172509423538783,-0.0700762159632327,-0.0906720560577351,0.0978683972785743,-0.0688035843088069,0.196919103281311,-0.0627368327140071,-0.087960156159136,-0.115363764541772,-0.0857592259804142,-0.107764103787324,-0.10270896901169,-0.0653683636379062,0.0036479403883411,0.0785215942771257,0.0859022680087662,0.402355474555774,-0.113631776270482,0.104636349744385,0.0478855309854643,0.485880959170555,-0.0122201394696641,0.00789274944658707,-0.0820924836759799,1.23515501165997,-0.0983085833143378,-0.014047243316518,-0.085173785926179,-0.0853868743086428,-0.107527420843482
-0.00786399357490543,-0.117935571732174,0.0665370317562517,-0.0328056569435565,0.0403824604666673,0.0507463715527747,0.0471187077406196,-0.0462973220725837,0.0251263645444529,0.0373269647679736,0.0291986383726091,0.00737661841640361,0.0763921851126054,-0.14490489271941,0.0757042561823738,0.0356148844078478,-0.133442359869051,-0.154813133838871,0.0797986499118241,-0.126145004432288,0.0255768732007994,-0.0547198431551535,0.0564378221556245,0.0317822428437047,0.0505192738994927,-0.0578719290894958,0.104847226136721,0.112281724961511,0.125731362278077,0.0763037055074318,-0.126714223225572,0.0537340328875002,0.0479909691816321,-0.133469641080651,-0.0821905485717119,-0.1133773974056,0.0503194574578077,-0.0395728720793205,-0.0749425942478298,-0.0998577137349318,0.0195528867485012,-0.0445343659394807,-0.0551526558904652,0.00121180192586929,-0.0247849807344878,-0.0990355907368532,-0.0194017340896623,0.0994035184283603,-0.106424375098971,-0.117928198431745,0.0493749376725693,0.0449974092065613,-0.0195668960193207,-0.058474327734725,0.0232638688555291,0.0530940304100717,0.0283197409612093,0.0299625122972826,-0.0735040633337011,-0.0462833128017638,-0.0766716331989494,0.0500171521401277,-0.094725159304771,0.0861647575041298,-0.121940011196365,-0.0841754410477939,0.0420267064628268,-0.00965644290973247,0.054759658977481,-0.0546173542791594,0.0197785097416966,0.0304963392485022,-0.0588592140172345,-0.0535533870269366,0.0069460176712203,0.0567983765467102,0.0460945563107246,-0.0749315342971852,-0.0206050567200351,-0.102790075316428,0.0425133442912865,0.06552320294696,0.0446375921455169,0.0309932996975653,0.0519305236020269,0.0290732922652786,0.112576656978757,-0.0742959558000138,-0.0654457832924335,-0.126159013703105,-0.0728795447871785,0.0526575310245442,-0.0826565411589621,-0.14508185192976,-0.0975528200201383,-0.0324222453211338,-0.0299462910363338,0.0347367243264907,-0.0983085833143378,1.19597771714879,-0.0704434063247071,0.0443080056162427,0.0576676886675506,0.0480263610237014
0.00155539772596346,-0.0403455939645116,-0.0518730118586635,0.0925574089779812,-0.106476725532028,-0.0852239243691088,-0.0729016646884723,-0.0422456934856337,-0.0899863391176285,-0.0639829204868815,-0.121571346174804,-0.0490741070149763,-0.0886407117889316,0.0764644434568241,-0.0936995332147891,-0.117455569874104,-0.014443926879717,0.0314356977234383,-0.0910621036505417,0.196138270765649,-0.0840913854228776,0.0108310096684243,-0.100543430675035,-0.0357107373134533,-0.0503305174084546,0.049010696631268,-0.0460761230596476,-0.0730719879284331,-0.0636865138095467,-0.0645742591814641,0.104010356537785,-0.0777886882142777,-0.0796209533714333,0.0441907701393867,-0.00383374755920745,0.00102009611465808,-0.0804364403991249,0.020303488732399,-0.0521804784866449,0.0723582524466882,-0.102077814494768,-0.114404498155667,0.114456111258671,-0.0596098160011314,-0.0747177085846797,-0.0282703398483202,-0.0530011268246388,-0.0565041818595063,0.0131875164862391,-0.006751362539837,-0.0920398032877211,-0.11451436033209,-0.000102120210972401,0.0413535241334574,-0.0670804439980316,-0.0739044335471164,-0.122603608235173,-0.0784788291346391,0.0415835711069115,0.593388103437848,-0.0404134283284787,-0.0854163675103646,0.104099573472993,-0.105476905993557,0.0854731419236807,0.215103136804758,-0.0929467192407589,0.0018333711522198,-0.100841312012454,0.0755000157604284,-0.107066589566524,-0.0642188661006805,-0.0127856716127387,-0.0381527744162695,-0.0235860820843727,-0.0901374917764675,-0.0822075071627014,0.485987134696768,-0.0910886475320941,0.06306125793298,-0.0682284668751717,-0.121594203406139,-0.0858115764134769,-0.114869016082834,-0.0799756091221748,-0.115638788647853,-0.0973920820707353,-0.0788327475553371,-0.00273217647478404,0.0153073403602112,0.0574678722258653,-0.0678996176759402,0.560235532708995,0.0823453878807612,0.0313376328277028,-0.0345052026929499,0.654584285026756,-0.0757750398665141,-0.014047243316518,-0.0704434063247071,1.27240492543843,-0.090818784736312,-0.0888847680332051,-0.0818093489394163
-0.0205711395380512,-0.0985895060607641,0.0421741724714514,-0.0610793147770711,0.0526737522854926,0.0650314038081985,0.0456071811522221,-0.0652924186434643,0.0613425416024646,0.0437903999259719,0.0348185679612772,0.0148369237927,0.0190559262994383,-0.127475885160119,0.0560190186911324,0.0499765989877567,-0.126595513088629,-0.113305876391418,0.0613403296123357,-0.157869366867608,0.0711482938459303,-0.0707243290711352,0.0724865478741947,0.0213755666150965,0.0312174480306745,-0.0924335375307467,0.0379256767629887,0.0497310680833968,0.0443168535767608,0.0583821614793348,-0.117413542061642,0.0687858883877708,0.0497767825460708,-0.125625924081927,-0.0784876770951563,-0.0721768692560836,0.0500348480611639,-0.0701469996473719,-0.0672522418980796,-0.0747604737271824,0.0723324458951818,-0.0309394746044182,-0.0545937597177792,0.01879417413413,0.0066768922054818,-0.0794594780919891,-0.0229836834391431,0.0552566194265448,-0.08554466293787,-0.0989655443827573,0.0354408745176712,0.0407253189367181,-0.0298202075989602,-0.0600625366476069,0.0340981965091481,0.0654620045533821,0.0692902221372648,0.059584009449622,-0.0393583090367718,-0.0698026665172356,-0.0284163311968581,0.0478154846313687,-0.067020720264539,0.0776751393876358,-0.119157327613623,-0.0943520703029498,0.0391348980337071,-0.0183761079996806,0.0643670694393473,-0.0101961685012972,0.0518538412775421,0.0527563332503221,-0.0660452326174906,-0.0424890123998632,-0.0305295191004423,0.0433244073387196,0.0429727009081515,-0.0746026850979545,0.00349531306941468,-0.0926458885831656,0.026585540699789,0.0459913301046877,0.0400587725777366,0.0567039983011917,0.0485019389015141,0.0441251477655485,0.0512529172923986,-0.0393066959337539,-0.0971701457277565,-0.141473358698729,-0.110278399234362,0.0192461574505637,-0.0935999936589649,-0.128649714588767,-0.109876554360861,-0.0318633491484476,-0.0756268365278468,0.0600640113076933,-0.085173785926179,0.0443080056162427,-0.090818784736312,1.22117375938232,0.0606037368992581,0.0574804068365978
-0.0639563766053293,-0.0954285721659073,0.0613617121835866,-0.0583784748291192,0.0680271757733991,0.0362158083929914,0.0766037988349811,-0.0723302339050537,0.0152734231782279,0.0325350568177314,0.0634380335850142,0.00526859182312018,0.0803420621536043,-0.142181932870166,0.0587965409635687,0.0305162471596668,-0.143448665884246,-0.162595652444015,0.0861256790118402,-0.181087152595442,0.24730455177798,-0.057441328344312,0.0577805001641483,0.0634911213481189,0.0426600729698677,-0.0926466259132083,0.0415467046047551,0.0330312799367521,0.0539191027283246,0.158086141900262,-0.145308949583042,0.0656588716748947,0.0518641638981459,-0.134197385833208,-0.0872891858198953,-0.0893367513496389,0.101122234758879,-0.0726605577643714,-0.0328049196135141,-0.111014254617398,0.0289472088279056,-0.036827054998738,-0.0640087270383906,0.00278452690784631,-0.0186113162834353,-0.0885677161146671,-0.0234268187950592,0.0913909528497649,-0.105235061739417,-0.116968932045647,0.19741090242007,0.122715682401709,-0.0352476940463726,-0.0474696768411463,0.0156347148993568,0.0518295093861194,0.00796132114059743,0.167262951616945,-0.094859353372616,-0.086655819312858,-0.088364950352804,0.0408543516942646,-0.0633996924227727,0.0520035192762963,-0.121824250379595,-0.130375804219715,0.0315603065007257,-0.065212049668764,0.0583261243960577,-0.0912324268905088,0.0131462260038236,0.0528499741657983,-0.106286494380908,-0.0537443555081048,0.0189475387830986,0.067342933493383,0.0748895064847252,-0.0988940233685787,0.000444978681023717,-0.119927837508687,0.0456963980874398,0.0463917003181018,0.0574826188267277,0.0377037404200094,0.0196863434863067,0.0542641731885044,0.0400742565086429,-0.0400565605876077,-0.0736117135199973,-0.141072988485314,-0.118543131687706,0.0589845601245652,-0.114900721274689,-0.13054981410989,-0.113847076643069,-0.0447290210708649,-0.0786004885917541,0.0284878522110404,-0.0853868743086428,0.0576676886675506,-0.0888847680332051,0.0606037368992581,1.28324367707231,0.0118713823592677
-0.0576477807563869,-0.0949478329777913,-0.0058680411481774,-0.0139587637113431,0.04765032270171,0.0121582037460424,-0.00228166781843686,-0.0891030177259722,0.138752610839587,-0.000264332820458458,0.0491190841476064,-0.0185589658503746,0.0402578516893802,-0.0976855394278984,0.0157217198444457,0.0976339263248649,-0.0904405344241936,-0.136963110824957,0.0101541406888401,-0.16657354802665,0.00155834704613598,-0.0659324211208926,0.035563271304829,-0.0226024838068499,-0.00501568761832906,-0.073302034901887,0.00943745588692701,0.0157984021689291,0.0345391198749333,0.0266732829749204,-0.12795809900832,0.0329361643611889,0.0179145393926862,-0.13264309410231,-0.100764629687978,-0.00603910171818134,-0.0227757563669837,-0.0767040757208469,-0.0985010264555948,-0.124949792432385,0.159021076394941,-0.0642586819230083,-0.0793245466940984,0.0728928167279541,0.0982731914722595,-0.0865533304368585,-0.0607504655778397,0.0339765370520325,-0.072087652320867,-0.0777636189928113,-0.00385955411071648,0.0360853009753587,0.0206743657440885,-0.0847933236239274,0.131982446383656,0.000626361871631378,0.149997631327228,-0.00394803371589059,-0.0874005226564043,-0.0597963605020411,0.236865433027473,0.0759955015494057,-0.0423680902727921,0.0507205650012658,-0.110531303439153,-0.090173620948582,0.0232225783731145,-0.0595935947401831,0.0377192243509145,-0.0636828271593307,0.187772524096398,0.0254183472415282,0.0365166390505842,-0.0276517199421415,-0.0288049041295825,-0.00970215737240562,-0.0106673223988503,-0.0877544410771031,-0.0348082453406735,-0.109478396137577,-0.00213272714972717,0.0183466147979552,0.0466143739911253,0.193389504364893,0.106511380044046,0.0462331743588319,0.0476864518738227,-0.0820578291639521,-0.101580116715666,-0.123952184884045,-0.096207930021484,0.0238080184273527,-0.0431821026403978,-0.107754518496758,-0.103704364569894,-0.0407208949564594,-0.0615563673149707,0.0285851797767331,-0.107527420843482,0.0480263610237014,-0.0818093489394163,0.0574804068365978,0.0118713823592677,1.34723802617485
